rep,answers,method,n_candidates,n_answers,top10_share,top20_recall,best_rank_pct
-1,main,lgbm,141,14,0.14285714285714285,0.42857142857142855,0.02127659574468085
-1,main,lgbm_no_fail,141,14,0.21428571428571427,0.35714285714285715,0.02127659574468085
-1,main,ens_mean,141,14,0.14285714285714285,0.35714285714285715,0.02127659574468085
-1,main,ridge,141,14,0.5,0.5714285714285714,0.05673758865248227
-1,main,lgbm_process,141,14,0.21428571428571427,0.42857142857142855,0.04964539007092199
-1,main,ridge_process,141,14,0.35714285714285715,0.5,0.16312056737588654
-1,main,ens_bonus,141,14,0.14285714285714285,0.42857142857142855,0.0425531914893617
-1,main,knn,141,14,0.2857142857142857,0.35714285714285715,0.09929078014184398
-1,main,random,141,14,0.07142857142857142,0.2857142857142857,0.41134751773049644
-1,paper_mean,lgbm,141,14,0.21428571428571427,0.5,0.02127659574468085
-1,paper_mean,lgbm_no_fail,141,14,0.2857142857142857,0.5,0.02127659574468085
-1,paper_mean,ens_mean,141,14,0.21428571428571427,0.5,0.02127659574468085
-1,paper_mean,ridge,141,14,0.5714285714285714,0.6428571428571429,0.05673758865248227
-1,paper_mean,lgbm_process,141,14,0.35714285714285715,0.5714285714285714,0.04964539007092199
-1,paper_mean,ridge_process,141,14,0.5,0.6428571428571429,0.16312056737588654
-1,paper_mean,ens_bonus,141,14,0.2857142857142857,0.5714285714285714,0.0425531914893617
-1,paper_mean,knn,141,14,0.42857142857142855,0.5,0.09929078014184398
-1,paper_mean,random,141,14,0.07142857142857142,0.2857142857142857,0.41134751773049644
-1,unseen_only,lgbm,88,9,0.2222222222222222,0.3333333333333333,0.022727272727272728
-1,unseen_only,lgbm_no_fail,88,9,0.2222222222222222,0.5555555555555556,0.022727272727272728
-1,unseen_only,ens_mean,88,9,0.1111111111111111,0.3333333333333333,0.03409090909090909
-1,unseen_only,ridge,88,9,0.6666666666666666,0.6666666666666666,0.09090909090909091
-1,unseen_only,lgbm_process,88,9,0.2222222222222222,0.5555555555555556,0.045454545454545456
-1,unseen_only,ridge_process,88,9,0.3333333333333333,0.4444444444444444,0.2159090909090909
-1,unseen_only,ens_bonus,88,9,0.1111111111111111,0.3333333333333333,0.045454545454545456
-1,unseen_only,knn,88,9,0.3333333333333333,0.5555555555555556,0.125
-1,unseen_only,random,88,9,0.1111111111111111,0.2222222222222222,0.3977272727272727
0,main,lgbm,102,10,0.3,0.5,0.4117647058823529
0,main,lgbm_no_fail,102,10,0.3,0.5,0.43137254901960786
0,main,ens_mean,102,10,0.2,0.5,0.30392156862745096
0,main,ridge,102,10,0.6,0.7,0.049019607843137254
0,main,lgbm_process,102,10,0.3,0.4,0.4117647058823529
0,main,ridge_process,102,10,0.5,0.6,0.0784313725490196
0,main,ens_bonus,102,10,0.2,0.5,0.23529411764705882
0,main,knn,102,10,0.4,0.5,0.7549019607843137
0,main,random,102,10,0.1,0.1,0.5882352941176471
0,paper_mean,lgbm,102,10,0.4,0.6,0.4117647058823529
0,paper_mean,lgbm_no_fail,102,10,0.4,0.6,0.43137254901960786
0,paper_mean,ens_mean,102,10,0.3,0.6,0.30392156862745096
0,paper_mean,ridge,102,10,0.6,0.7,0.049019607843137254
0,paper_mean,lgbm_process,102,10,0.4,0.5,0.4117647058823529
0,paper_mean,ridge_process,102,10,0.5,0.7,0.0784313725490196
0,paper_mean,ens_bonus,102,10,0.3,0.6,0.23529411764705882
0,paper_mean,knn,102,10,0.5,0.6,0.7549019607843137
0,paper_mean,random,102,10,0.1,0.1,0.5882352941176471
0,unseen_only,lgbm,55,6,0.0,0.16666666666666666,0.5272727272727272
0,unseen_only,lgbm_no_fail,55,6,0.16666666666666666,0.16666666666666666,0.5454545454545454
0,unseen_only,ens_mean,55,6,0.0,0.3333333333333333,0.4
0,unseen_only,ridge,55,6,0.5,0.6666666666666666,0.09090909090909091
0,unseen_only,lgbm_process,55,6,0.0,0.3333333333333333,0.5272727272727272
0,unseen_only,ridge_process,55,6,0.3333333333333333,0.5,0.10909090909090909
0,unseen_only,ens_bonus,55,6,0.0,0.0,0.32727272727272727
0,unseen_only,knn,55,6,0.3333333333333333,0.3333333333333333,0.7818181818181819
0,unseen_only,random,55,6,0.16666666666666666,0.16666666666666666,0.5272727272727272
1,main,lgbm,106,11,0.36363636363636365,0.5454545454545454,0.10377358490566038
1,main,lgbm_no_fail,106,11,0.2727272727272727,0.45454545454545453,0.09433962264150944
1,main,ens_mean,106,11,0.2727272727272727,0.5454545454545454,0.10377358490566038
1,main,ridge,106,11,0.5454545454545454,0.5454545454545454,0.018867924528301886
1,main,lgbm_process,106,11,0.36363636363636365,0.45454545454545453,0.09433962264150944
1,main,ridge_process,106,11,0.45454545454545453,0.5454545454545454,0.14150943396226415
1,main,ens_bonus,106,11,0.2727272727272727,0.5454545454545454,0.08490566037735849
1,main,knn,106,11,0.36363636363636365,0.45454545454545453,0.018867924528301886
1,main,random,106,11,0.0,0.09090909090909091,0.18867924528301888
1,paper_mean,lgbm,106,11,0.2727272727272727,0.5454545454545454,0.10377358490566038
1,paper_mean,lgbm_no_fail,106,11,0.18181818181818182,0.45454545454545453,0.09433962264150944
1,paper_mean,ens_mean,106,11,0.18181818181818182,0.45454545454545453,0.10377358490566038
1,paper_mean,ridge,106,11,0.5454545454545454,0.5454545454545454,0.018867924528301886
1,paper_mean,lgbm_process,106,11,0.36363636363636365,0.5454545454545454,0.09433962264150944
1,paper_mean,ridge_process,106,11,0.45454545454545453,0.6363636363636364,0.14150943396226415
1,paper_mean,ens_bonus,106,11,0.2727272727272727,0.6363636363636364,0.08490566037735849
1,paper_mean,knn,106,11,0.36363636363636365,0.45454545454545453,0.018867924528301886
1,paper_mean,random,106,11,0.0,0.09090909090909091,0.18867924528301888
1,unseen_only,lgbm,58,6,0.3333333333333333,0.5,0.1206896551724138
1,unseen_only,lgbm_no_fail,58,6,0.3333333333333333,0.6666666666666666,0.10344827586206896
1,unseen_only,ens_mean,58,6,0.16666666666666666,0.5,0.13793103448275862
1,unseen_only,ridge,58,6,0.6666666666666666,0.8333333333333334,0.034482758620689655
1,unseen_only,lgbm_process,58,6,0.16666666666666666,0.6666666666666666,0.13793103448275862
1,unseen_only,ridge_process,58,6,0.6666666666666666,0.8333333333333334,0.20689655172413793
1,unseen_only,ens_bonus,58,6,0.16666666666666666,0.5,0.10344827586206896
1,unseen_only,knn,58,6,0.5,0.6666666666666666,0.034482758620689655
1,unseen_only,random,58,6,0.0,0.16666666666666666,0.1724137931034483
2,main,lgbm,94,9,0.2222222222222222,0.3333333333333333,0.09574468085106383
2,main,lgbm_no_fail,94,9,0.2222222222222222,0.3333333333333333,0.09574468085106383
2,main,ens_mean,94,9,0.1111111111111111,0.2222222222222222,0.1276595744680851
2,main,ridge,94,9,0.4444444444444444,0.5555555555555556,0.010638297872340425
2,main,lgbm_process,94,9,0.2222222222222222,0.3333333333333333,0.0851063829787234
2,main,ridge_process,94,9,0.3333333333333333,0.5555555555555556,0.13829787234042554
2,main,ens_bonus,94,9,0.1111111111111111,0.3333333333333333,0.09574468085106383
2,main,knn,94,9,0.3333333333333333,0.3333333333333333,0.010638297872340425
2,main,random,94,9,0.1111111111111111,0.1111111111111111,0.7446808510638298
2,paper_mean,lgbm,94,9,0.2222222222222222,0.4444444444444444,0.09574468085106383
2,paper_mean,lgbm_no_fail,94,9,0.1111111111111111,0.3333333333333333,0.09574468085106383
2,paper_mean,ens_mean,94,9,0.1111111111111111,0.3333333333333333,0.1276595744680851
2,paper_mean,ridge,94,9,0.5555555555555556,0.7777777777777778,0.010638297872340425
2,paper_mean,lgbm_process,94,9,0.2222222222222222,0.3333333333333333,0.0851063829787234
2,paper_mean,ridge_process,94,9,0.4444444444444444,0.6666666666666666,0.13829787234042554
2,paper_mean,ens_bonus,94,9,0.2222222222222222,0.4444444444444444,0.09574468085106383
2,paper_mean,knn,94,9,0.3333333333333333,0.3333333333333333,0.010638297872340425
2,paper_mean,random,94,9,0.2222222222222222,0.3333333333333333,0.7446808510638298
2,unseen_only,lgbm,51,5,0.0,0.2,0.11764705882352941
2,unseen_only,lgbm_no_fail,51,5,0.0,0.4,0.11764705882352941
2,unseen_only,ens_mean,51,5,0.0,0.2,0.17647058823529413
2,unseen_only,ridge,51,5,0.6,0.8,0.0196078431372549
2,unseen_only,lgbm_process,51,5,0.0,0.4,0.11764705882352941
2,unseen_only,ridge_process,51,5,0.4,0.6,0.19607843137254902
2,unseen_only,ens_bonus,51,5,0.0,0.2,0.11764705882352941
2,unseen_only,knn,51,5,0.4,0.4,0.0196078431372549
2,unseen_only,random,51,5,0.2,0.4,0.7254901960784313
3,main,lgbm,91,9,0.2222222222222222,0.5555555555555556,0.10989010989010989
3,main,lgbm_no_fail,91,9,0.3333333333333333,0.5555555555555556,0.07692307692307693
3,main,ens_mean,91,9,0.3333333333333333,0.5555555555555556,0.12087912087912088
3,main,ridge,91,9,0.5555555555555556,0.5555555555555556,0.02197802197802198
3,main,lgbm_process,91,9,0.2222222222222222,0.6666666666666666,0.10989010989010989
3,main,ridge_process,91,9,0.3333333333333333,0.6666666666666666,0.1978021978021978
3,main,ens_bonus,91,9,0.3333333333333333,0.5555555555555556,0.06593406593406594
3,main,knn,91,9,0.3333333333333333,0.4444444444444444,0.02197802197802198
3,main,random,91,9,0.1111111111111111,0.2222222222222222,0.6703296703296703
3,paper_mean,lgbm,91,9,0.4444444444444444,0.6666666666666666,0.10989010989010989
3,paper_mean,lgbm_no_fail,91,9,0.4444444444444444,0.5555555555555556,0.07692307692307693
3,paper_mean,ens_mean,91,9,0.4444444444444444,0.6666666666666666,0.12087912087912088
3,paper_mean,ridge,91,9,0.4444444444444444,0.7777777777777778,0.02197802197802198
3,paper_mean,lgbm_process,91,9,0.3333333333333333,0.6666666666666666,0.10989010989010989
3,paper_mean,ridge_process,91,9,0.3333333333333333,0.7777777777777778,0.1978021978021978
3,paper_mean,ens_bonus,91,9,0.4444444444444444,0.6666666666666666,0.06593406593406594
3,paper_mean,knn,91,9,0.3333333333333333,0.4444444444444444,0.02197802197802198
3,paper_mean,random,91,9,0.0,0.0,0.6703296703296703
3,unseen_only,lgbm,47,5,0.2,0.4,0.14893617021276595
3,unseen_only,lgbm_no_fail,47,5,0.4,0.6,0.0851063829787234
3,unseen_only,ens_mean,47,5,0.0,0.4,0.1702127659574468
3,unseen_only,ridge,47,5,0.6,0.6,0.0425531914893617
3,unseen_only,lgbm_process,47,5,0.2,0.6,0.14893617021276595
3,unseen_only,ridge_process,47,5,0.4,0.4,0.2978723404255319
3,unseen_only,ens_bonus,47,5,0.2,0.4,0.06382978723404255
3,unseen_only,knn,47,5,0.4,0.4,0.0425531914893617
3,unseen_only,random,47,5,0.2,0.2,0.6808510638297872
4,main,lgbm,102,10,0.3,0.6,0.09803921568627451
4,main,lgbm_no_fail,102,10,0.3,0.6,0.0784313725490196
4,main,ens_mean,102,10,0.2,0.6,0.10784313725490197
4,main,ridge,102,10,0.5,0.7,0.0196078431372549
4,main,lgbm_process,102,10,0.4,0.6,0.08823529411764706
4,main,ridge_process,102,10,0.5,0.6,0.14705882352941177
4,main,ens_bonus,102,10,0.4,0.7,0.0784313725490196
4,main,knn,102,10,0.4,0.6,0.0196078431372549
4,main,random,102,10,0.1,0.2,0.9411764705882353
4,paper_mean,lgbm,102,10,0.3,0.6,0.09803921568627451
4,paper_mean,lgbm_no_fail,102,10,0.3,0.6,0.0784313725490196
4,paper_mean,ens_mean,102,10,0.2,0.6,0.10784313725490197
4,paper_mean,ridge,102,10,0.5,0.7,0.0196078431372549
4,paper_mean,lgbm_process,102,10,0.4,0.6,0.08823529411764706
4,paper_mean,ridge_process,102,10,0.5,0.6,0.14705882352941177
4,paper_mean,ens_bonus,102,10,0.4,0.7,0.0784313725490196
4,paper_mean,knn,102,10,0.4,0.6,0.0196078431372549
4,paper_mean,random,102,10,0.2,0.3,0.9411764705882353
4,unseen_only,lgbm,56,6,0.3333333333333333,0.5,0.14285714285714285
4,unseen_only,lgbm_no_fail,56,6,0.5,0.6666666666666666,0.10714285714285714
4,unseen_only,ens_mean,56,6,0.16666666666666666,0.5,0.17857142857142858
4,unseen_only,ridge,56,6,0.6666666666666666,0.6666666666666666,0.03571428571428571
4,unseen_only,lgbm_process,56,6,0.16666666666666666,0.8333333333333334,0.125
4,unseen_only,ridge_process,56,6,0.5,0.5,0.21428571428571427
4,unseen_only,ens_bonus,56,6,0.16666666666666666,0.5,0.125
4,unseen_only,knn,56,6,0.5,0.6666666666666666,0.03571428571428571
4,unseen_only,random,56,6,0.16666666666666666,0.5,0.9285714285714286
5,main,lgbm,91,9,0.2222222222222222,0.4444444444444444,0.02197802197802198
5,main,lgbm_no_fail,91,9,0.3333333333333333,0.5555555555555556,0.04395604395604396
5,main,ens_mean,91,9,0.2222222222222222,0.4444444444444444,0.04395604395604396
5,main,ridge,91,9,0.4444444444444444,0.6666666666666666,0.07692307692307693
5,main,lgbm_process,91,9,0.2222222222222222,0.5555555555555556,0.06593406593406594
5,main,ridge_process,91,9,0.2222222222222222,0.5555555555555556,0.17582417582417584
5,main,ens_bonus,91,9,0.2222222222222222,0.5555555555555556,0.054945054945054944
5,main,knn,91,9,0.2222222222222222,0.4444444444444444,0.12087912087912088
5,main,random,91,9,0.2222222222222222,0.3333333333333333,0.6263736263736264
5,paper_mean,lgbm,91,9,0.2222222222222222,0.4444444444444444,0.02197802197802198
5,paper_mean,lgbm_no_fail,91,9,0.3333333333333333,0.5555555555555556,0.04395604395604396
5,paper_mean,ens_mean,91,9,0.2222222222222222,0.4444444444444444,0.04395604395604396
5,paper_mean,ridge,91,9,0.4444444444444444,0.6666666666666666,0.07692307692307693
5,paper_mean,lgbm_process,91,9,0.2222222222222222,0.5555555555555556,0.06593406593406594
5,paper_mean,ridge_process,91,9,0.2222222222222222,0.5555555555555556,0.17582417582417584
5,paper_mean,ens_bonus,91,9,0.2222222222222222,0.5555555555555556,0.054945054945054944
5,paper_mean,knn,91,9,0.2222222222222222,0.4444444444444444,0.12087912087912088
5,paper_mean,random,91,9,0.2222222222222222,0.3333333333333333,0.6263736263736264
5,unseen_only,lgbm,49,5,0.2,0.4,0.04081632653061224
5,unseen_only,lgbm_no_fail,49,5,0.2,0.8,0.061224489795918366
5,unseen_only,ens_mean,49,5,0.2,0.4,0.061224489795918366
5,unseen_only,ridge,49,5,0.6,0.8,0.14285714285714285
5,unseen_only,lgbm_process,49,5,0.4,0.8,0.08163265306122448
5,unseen_only,ridge_process,49,5,0.4,0.6,0.2653061224489796
5,unseen_only,ens_bonus,49,5,0.2,0.6,0.08163265306122448
5,unseen_only,knn,49,5,0.4,0.6,0.1836734693877551
5,unseen_only,random,49,5,0.2,0.4,0.5918367346938775
6,main,lgbm,103,10,0.3,0.7,0.02912621359223301
6,main,lgbm_no_fail,103,10,0.4,0.6,0.019417475728155338
6,main,ens_mean,103,10,0.2,0.7,0.038834951456310676
6,main,ridge,103,10,0.5,0.7,0.08737864077669903
6,main,lgbm_process,103,10,0.4,0.6,0.06796116504854369
6,main,ridge_process,103,10,0.3,0.6,0.14563106796116504
6,main,ens_bonus,103,10,0.3,0.7,0.04854368932038835
6,main,knn,103,10,0.3,0.5,0.10679611650485436
6,main,random,103,10,0.1,0.2,0.6407766990291263
6,paper_mean,lgbm,103,10,0.4,0.7,0.02912621359223301
6,paper_mean,lgbm_no_fail,103,10,0.5,0.6,0.019417475728155338
6,paper_mean,ens_mean,103,10,0.3,0.7,0.038834951456310676
6,paper_mean,ridge,103,10,0.6,0.7,0.08737864077669903
6,paper_mean,lgbm_process,103,10,0.4,0.6,0.06796116504854369
6,paper_mean,ridge_process,103,10,0.3,0.6,0.14563106796116504
6,paper_mean,ens_bonus,103,10,0.3,0.7,0.04854368932038835
6,paper_mean,knn,103,10,0.3,0.5,0.10679611650485436
6,paper_mean,random,103,10,0.1,0.2,0.6407766990291263
6,unseen_only,lgbm,55,6,0.16666666666666666,0.5,0.05454545454545454
6,unseen_only,lgbm_no_fail,55,6,0.3333333333333333,0.5,0.03636363636363636
6,unseen_only,ens_mean,55,6,0.16666666666666666,0.5,0.07272727272727272
6,unseen_only,ridge,55,6,0.5,0.6666666666666666,0.16363636363636364
6,unseen_only,lgbm_process,55,6,0.3333333333333333,0.5,0.09090909090909091
6,unseen_only,ridge_process,55,6,0.3333333333333333,0.3333333333333333,0.21818181818181817
6,unseen_only,ens_bonus,55,6,0.16666666666666666,0.5,0.07272727272727272
6,unseen_only,knn,55,6,0.3333333333333333,0.5,0.16363636363636364
6,unseen_only,random,55,6,0.0,0.16666666666666666,0.6727272727272727
7,main,lgbm,95,10,0.1,0.4,0.05263157894736842
7,main,lgbm_no_fail,95,10,0.3,0.4,0.042105263157894736
7,main,ens_mean,95,10,0.1,0.2,0.05263157894736842
7,main,ridge,95,10,0.4,0.4,0.010526315789473684
7,main,lgbm_process,95,10,0.4,0.5,0.08421052631578947
7,main,ridge_process,95,10,0.3,0.4,0.14736842105263157
7,main,ens_bonus,95,10,0.2,0.4,0.06315789473684211
7,main,knn,95,10,0.2,0.4,0.010526315789473684
7,main,random,95,10,0.3,0.4,0.8
7,paper_mean,lgbm,95,10,0.1,0.3,0.05263157894736842
7,paper_mean,lgbm_no_fail,95,10,0.3,0.3,0.042105263157894736
7,paper_mean,ens_mean,95,10,0.2,0.2,0.05263157894736842
7,paper_mean,ridge,95,10,0.4,0.4,0.010526315789473684
7,paper_mean,lgbm_process,95,10,0.4,0.5,0.08421052631578947
7,paper_mean,ridge_process,95,10,0.3,0.4,0.14736842105263157
7,paper_mean,ens_bonus,95,10,0.2,0.4,0.06315789473684211
7,paper_mean,knn,95,10,0.2,0.3,0.010526315789473684
7,paper_mean,random,95,10,0.3,0.4,0.8
7,unseen_only,lgbm,52,5,0.2,0.2,0.057692307692307696
7,unseen_only,lgbm_no_fail,52,5,0.4,0.4,0.038461538461538464
7,unseen_only,ens_mean,52,5,0.2,0.2,0.07692307692307693
7,unseen_only,ridge,52,5,0.4,0.6,0.019230769230769232
7,unseen_only,lgbm_process,52,5,0.0,0.4,0.11538461538461539
7,unseen_only,ridge_process,52,5,0.2,0.4,0.21153846153846154
7,unseen_only,ens_bonus,52,5,0.2,0.2,0.09615384615384616
7,unseen_only,knn,52,5,0.4,0.4,0.019230769230769232
7,unseen_only,random,52,5,0.2,0.4,0.7307692307692307
8,main,lgbm,100,10,0.4,0.6,0.01
8,main,lgbm_no_fail,100,10,0.4,0.5,0.03
8,main,ens_mean,100,10,0.3,0.7,0.02
8,main,ridge,100,10,0.5,0.6,0.06
8,main,lgbm_process,100,10,0.6,0.6,0.06
8,main,ridge_process,100,10,0.5,0.7,0.13
8,main,ens_bonus,100,10,0.4,0.6,0.04
8,main,knn,100,10,0.4,0.5,0.08
8,main,random,100,10,0.3,0.3,0.09
8,paper_mean,lgbm,100,10,0.4,0.6,0.01
8,paper_mean,lgbm_no_fail,100,10,0.4,0.5,0.03
8,paper_mean,ens_mean,100,10,0.3,0.6,0.02
8,paper_mean,ridge,100,10,0.6,0.6,0.06
8,paper_mean,lgbm_process,100,10,0.6,0.6,0.06
8,paper_mean,ridge_process,100,10,0.5,0.7,0.13
8,paper_mean,ens_bonus,100,10,0.4,0.6,0.04
8,paper_mean,knn,100,10,0.4,0.5,0.08
8,paper_mean,random,100,10,0.3,0.3,0.09
8,unseen_only,lgbm,55,6,0.3333333333333333,0.6666666666666666,0.01818181818181818
8,unseen_only,lgbm_no_fail,55,6,0.3333333333333333,0.5,0.03636363636363636
8,unseen_only,ens_mean,55,6,0.16666666666666666,0.5,0.01818181818181818
8,unseen_only,ridge,55,6,0.6666666666666666,0.6666666666666666,0.09090909090909091
8,unseen_only,lgbm_process,55,6,0.3333333333333333,0.5,0.07272727272727272
8,unseen_only,ridge_process,55,6,0.3333333333333333,0.6666666666666666,0.18181818181818182
8,unseen_only,ens_bonus,55,6,0.16666666666666666,0.5,0.05454545454545454
8,unseen_only,knn,55,6,0.16666666666666666,0.5,0.12727272727272726
8,unseen_only,random,55,6,0.5,0.5,0.10909090909090909
9,main,lgbm,92,9,0.2222222222222222,0.5555555555555556,0.10869565217391304
9,main,lgbm_no_fail,92,9,0.4444444444444444,0.5555555555555556,0.08695652173913043
9,main,ens_mean,92,9,0.2222222222222222,0.4444444444444444,0.09782608695652174
9,main,ridge,92,9,0.3333333333333333,0.5555555555555556,0.010869565217391304
9,main,lgbm_process,92,9,0.4444444444444444,0.6666666666666666,0.09782608695652174
9,main,ridge_process,92,9,0.2222222222222222,0.5555555555555556,0.16304347826086957
9,main,ens_bonus,92,9,0.2222222222222222,0.5555555555555556,0.08695652173913043
9,main,knn,92,9,0.3333333333333333,0.4444444444444444,0.010869565217391304
9,main,random,92,9,0.2222222222222222,0.3333333333333333,0.07608695652173914
9,paper_mean,lgbm,92,9,0.1111111111111111,0.4444444444444444,0.10869565217391304
9,paper_mean,lgbm_no_fail,92,9,0.3333333333333333,0.4444444444444444,0.08695652173913043
9,paper_mean,ens_mean,92,9,0.1111111111111111,0.4444444444444444,0.09782608695652174
9,paper_mean,ridge,92,9,0.3333333333333333,0.4444444444444444,0.010869565217391304
9,paper_mean,lgbm_process,92,9,0.3333333333333333,0.5555555555555556,0.09782608695652174
9,paper_mean,ridge_process,92,9,0.2222222222222222,0.4444444444444444,0.16304347826086957
9,paper_mean,ens_bonus,92,9,0.1111111111111111,0.4444444444444444,0.08695652173913043
9,paper_mean,knn,92,9,0.2222222222222222,0.3333333333333333,0.010869565217391304
9,paper_mean,random,92,9,0.2222222222222222,0.3333333333333333,0.07608695652173914
9,unseen_only,lgbm,45,4,0.0,0.25,0.17777777777777778
9,unseen_only,lgbm_no_fail,45,4,0.0,0.5,0.13333333333333333
9,unseen_only,ens_mean,45,4,0.0,0.25,0.17777777777777778
9,unseen_only,ridge,45,4,0.5,0.5,0.022222222222222223
9,unseen_only,lgbm_process,45,4,0.0,0.5,0.15555555555555556
9,unseen_only,ridge_process,45,4,0.25,0.25,0.26666666666666666
9,unseen_only,ens_bonus,45,4,0.0,0.25,0.15555555555555556
9,unseen_only,knn,45,4,0.5,0.5,0.022222222222222223
9,unseen_only,random,45,4,0.25,0.5,0.1111111111111111
10,main,lgbm,95,10,0.3,0.4,0.07368421052631578
10,main,lgbm_no_fail,95,10,0.4,0.4,0.05263157894736842
10,main,ens_mean,95,10,0.3,0.5,0.08421052631578947
10,main,ridge,95,10,0.3,0.3,0.021052631578947368
10,main,lgbm_process,95,10,0.5,0.5,0.08421052631578947
10,main,ridge_process,95,10,0.3,0.4,0.11578947368421053
10,main,ens_bonus,95,10,0.4,0.5,0.06315789473684211
10,main,knn,95,10,0.3,0.5,0.010526315789473684
10,main,random,95,10,0.1,0.2,0.2736842105263158
10,paper_mean,lgbm,95,10,0.3,0.4,0.07368421052631578
10,paper_mean,lgbm_no_fail,95,10,0.4,0.4,0.05263157894736842
10,paper_mean,ens_mean,95,10,0.3,0.5,0.08421052631578947
10,paper_mean,ridge,95,10,0.3,0.3,0.021052631578947368
10,paper_mean,lgbm_process,95,10,0.5,0.5,0.08421052631578947
10,paper_mean,ridge_process,95,10,0.3,0.4,0.11578947368421053
10,paper_mean,ens_bonus,95,10,0.4,0.5,0.06315789473684211
10,paper_mean,knn,95,10,0.3,0.5,0.010526315789473684
10,paper_mean,random,95,10,0.1,0.2,0.2736842105263158
10,unseen_only,lgbm,50,5,0.2,0.4,0.12
10,unseen_only,lgbm_no_fail,50,5,0.4,0.4,0.08
10,unseen_only,ens_mean,50,5,0.2,0.6,0.14
10,unseen_only,ridge,50,5,0.4,0.4,0.04
10,unseen_only,lgbm_process,50,5,0.4,0.6,0.14
10,unseen_only,ridge_process,50,5,0.4,0.6,0.18
10,unseen_only,ens_bonus,50,5,0.4,0.6,0.1
10,unseen_only,knn,50,5,0.4,0.6,0.02
10,unseen_only,random,50,5,0.0,0.0,0.28
11,main,lgbm,101,10,0.2,0.3,0.0297029702970297
11,main,lgbm_no_fail,101,10,0.2,0.4,0.0297029702970297
11,main,ens_mean,101,10,0.2,0.4,0.0297029702970297
11,main,ridge,101,10,0.4,0.5,0.0594059405940594
11,main,lgbm_process,101,10,0.3,0.6,0.06930693069306931
11,main,ridge_process,101,10,0.4,0.6,0.18811881188118812
11,main,ens_bonus,101,10,0.3,0.5,0.04950495049504951
11,main,knn,101,10,0.3,0.5,0.12871287128712872
11,main,random,101,10,0.1,0.1,0.0594059405940594
11,paper_mean,lgbm,101,10,0.3,0.4,0.0297029702970297
11,paper_mean,lgbm_no_fail,101,10,0.3,0.5,0.0297029702970297
11,paper_mean,ens_mean,101,10,0.3,0.5,0.0297029702970297
11,paper_mean,ridge,101,10,0.5,0.6,0.0594059405940594
11,paper_mean,lgbm_process,101,10,0.4,0.7,0.06930693069306931
11,paper_mean,ridge_process,101,10,0.5,0.7,0.18811881188118812
11,paper_mean,ens_bonus,101,10,0.4,0.6,0.04950495049504951
11,paper_mean,knn,101,10,0.4,0.6,0.12871287128712872
11,paper_mean,random,101,10,0.1,0.1,0.0594059405940594
11,unseen_only,lgbm,54,5,0.4,0.6,0.037037037037037035
11,unseen_only,lgbm_no_fail,54,5,0.2,0.8,0.037037037037037035
11,unseen_only,ens_mean,54,5,0.2,0.6,0.05555555555555555
11,unseen_only,ridge,54,5,0.6,0.8,0.1111111111111111
11,unseen_only,lgbm_process,54,5,0.4,0.8,0.07407407407407407
11,unseen_only,ridge_process,54,5,0.4,0.6,0.2777777777777778
11,unseen_only,ens_bonus,54,5,0.2,0.6,0.05555555555555555
11,unseen_only,knn,54,5,0.4,0.6,0.18518518518518517
11,unseen_only,random,54,5,0.2,0.2,0.07407407407407407
12,main,lgbm,102,10,0.3,0.3,0.0392156862745098
12,main,lgbm_no_fail,102,10,0.5,0.5,0.0392156862745098
12,main,ens_mean,102,10,0.3,0.4,0.0196078431372549
12,main,ridge,102,10,0.4,0.7,0.049019607843137254
12,main,lgbm_process,102,10,0.4,0.5,0.0392156862745098
12,main,ridge_process,102,10,0.4,0.7,0.1568627450980392
12,main,ens_bonus,102,10,0.2,0.4,0.029411764705882353
12,main,knn,102,10,0.4,0.6,0.09803921568627451
12,main,random,102,10,0.0,0.3,0.6078431372549019
12,paper_mean,lgbm,102,10,0.2,0.3,0.0392156862745098
12,paper_mean,lgbm_no_fail,102,10,0.4,0.4,0.0392156862745098
12,paper_mean,ens_mean,102,10,0.2,0.5,0.0196078431372549
12,paper_mean,ridge,102,10,0.5,0.7,0.049019607843137254
12,paper_mean,lgbm_process,102,10,0.3,0.4,0.0392156862745098
12,paper_mean,ridge_process,102,10,0.3,0.6,0.1568627450980392
12,paper_mean,ens_bonus,102,10,0.1,0.5,0.029411764705882353
12,paper_mean,knn,102,10,0.3,0.5,0.09803921568627451
12,paper_mean,random,102,10,0.0,0.3,0.6078431372549019
12,unseen_only,lgbm,54,5,0.4,0.4,0.018518518518518517
12,unseen_only,lgbm_no_fail,54,5,0.4,0.6,0.018518518518518517
12,unseen_only,ens_mean,54,5,0.2,0.4,0.018518518518518517
12,unseen_only,ridge,54,5,0.6,1.0,0.07407407407407407
12,unseen_only,lgbm_process,54,5,0.2,0.6,0.018518518518518517
12,unseen_only,ridge_process,54,5,0.4,0.6,0.2222222222222222
12,unseen_only,ens_bonus,54,5,0.2,0.4,0.018518518518518517
12,unseen_only,knn,54,5,0.4,0.6,0.12962962962962962
12,unseen_only,random,54,5,0.0,0.4,0.6851851851851852
13,main,lgbm,93,9,0.1111111111111111,0.4444444444444444,0.11827956989247312
13,main,lgbm_no_fail,93,9,0.2222222222222222,0.3333333333333333,0.06451612903225806
13,main,ens_mean,93,9,0.1111111111111111,0.3333333333333333,0.11827956989247312
13,main,ridge,93,9,0.3333333333333333,0.3333333333333333,0.021505376344086023
13,main,lgbm_process,93,9,0.2222222222222222,0.3333333333333333,0.0967741935483871
13,main,ridge_process,93,9,0.2222222222222222,0.3333333333333333,0.12903225806451613
13,main,ens_bonus,93,9,0.2222222222222222,0.3333333333333333,0.07526881720430108
13,main,knn,93,9,0.1111111111111111,0.2222222222222222,0.010752688172043012
13,main,random,93,9,0.1111111111111111,0.1111111111111111,0.3010752688172043
13,paper_mean,lgbm,93,9,0.2222222222222222,0.3333333333333333,0.11827956989247312
13,paper_mean,lgbm_no_fail,93,9,0.2222222222222222,0.2222222222222222,0.06451612903225806
13,paper_mean,ens_mean,93,9,0.1111111111111111,0.4444444444444444,0.11827956989247312
13,paper_mean,ridge,93,9,0.4444444444444444,0.5555555555555556,0.021505376344086023
13,paper_mean,lgbm_process,93,9,0.3333333333333333,0.5555555555555556,0.0967741935483871
13,paper_mean,ridge_process,93,9,0.4444444444444444,0.5555555555555556,0.12903225806451613
13,paper_mean,ens_bonus,93,9,0.3333333333333333,0.5555555555555556,0.07526881720430108
13,paper_mean,knn,93,9,0.3333333333333333,0.4444444444444444,0.010752688172043012
13,paper_mean,random,93,9,0.1111111111111111,0.2222222222222222,0.3010752688172043
13,unseen_only,lgbm,52,5,0.2,0.6,0.15384615384615385
13,unseen_only,lgbm_no_fail,52,5,0.4,0.4,0.07692307692307693
13,unseen_only,ens_mean,52,5,0.0,0.4,0.17307692307692307
13,unseen_only,ridge,52,5,0.6,0.6,0.038461538461538464
13,unseen_only,lgbm_process,52,5,0.2,0.4,0.1346153846153846
13,unseen_only,ridge_process,52,5,0.4,0.6,0.17307692307692307
13,unseen_only,ens_bonus,52,5,0.0,0.4,0.11538461538461539
13,unseen_only,knn,52,5,0.2,0.4,0.019230769230769232
13,unseen_only,random,52,5,0.2,0.2,0.3076923076923077
14,main,lgbm,106,11,0.2727272727272727,0.5454545454545454,0.02830188679245283
14,main,lgbm_no_fail,106,11,0.36363636363636365,0.6363636363636364,0.02830188679245283
14,main,ens_mean,106,11,0.2727272727272727,0.5454545454545454,0.03773584905660377
14,main,ridge,106,11,0.45454545454545453,0.7272727272727273,0.07547169811320754
14,main,lgbm_process,106,11,0.45454545454545453,0.6363636363636364,0.04716981132075472
14,main,ridge_process,106,11,0.45454545454545453,0.6363636363636364,0.1509433962264151
14,main,ens_bonus,106,11,0.2727272727272727,0.5454545454545454,0.05660377358490566
14,main,knn,106,11,0.36363636363636365,0.45454545454545453,0.1320754716981132
14,main,random,106,11,0.0,0.09090909090909091,0.8584905660377359
14,paper_mean,lgbm,106,11,0.36363636363636365,0.6363636363636364,0.02830188679245283
14,paper_mean,lgbm_no_fail,106,11,0.45454545454545453,0.7272727272727273,0.02830188679245283
14,paper_mean,ens_mean,106,11,0.36363636363636365,0.6363636363636364,0.03773584905660377
14,paper_mean,ridge,106,11,0.5454545454545454,0.8181818181818182,0.07547169811320754
14,paper_mean,lgbm_process,106,11,0.5454545454545454,0.7272727272727273,0.04716981132075472
14,paper_mean,ridge_process,106,11,0.5454545454545454,0.7272727272727273,0.1509433962264151
14,paper_mean,ens_bonus,106,11,0.36363636363636365,0.6363636363636364,0.05660377358490566
14,paper_mean,knn,106,11,0.45454545454545453,0.5454545454545454,0.1320754716981132
14,paper_mean,random,106,11,0.0,0.09090909090909091,0.8584905660377359
14,unseen_only,lgbm,59,6,0.16666666666666666,0.5,0.03389830508474576
14,unseen_only,lgbm_no_fail,59,6,0.16666666666666666,0.5,0.05084745762711865
14,unseen_only,ens_mean,59,6,0.16666666666666666,0.3333333333333333,0.06779661016949153
14,unseen_only,ridge,59,6,0.3333333333333333,0.6666666666666666,0.13559322033898305
14,unseen_only,lgbm_process,59,6,0.3333333333333333,0.8333333333333334,0.05084745762711865
14,unseen_only,ridge_process,59,6,0.5,0.5,0.22033898305084745
14,unseen_only,ens_bonus,59,6,0.16666666666666666,0.3333333333333333,0.0847457627118644
14,unseen_only,knn,59,6,0.5,0.8333333333333334,0.2033898305084746
14,unseen_only,random,59,6,0.0,0.16666666666666666,0.9152542372881356
15,main,lgbm,98,10,0.4,0.5,0.11224489795918367
15,main,lgbm_no_fail,98,10,0.4,0.6,0.08163265306122448
15,main,ens_mean,98,10,0.4,0.5,0.10204081632653061
15,main,ridge,98,10,0.5,0.6,0.01020408163265306
15,main,lgbm_process,98,10,0.5,0.6,0.08163265306122448
15,main,ridge_process,98,10,0.3,0.5,0.1326530612244898
15,main,ens_bonus,98,10,0.4,0.7,0.08163265306122448
15,main,knn,98,10,0.3,0.5,0.01020408163265306
15,main,random,98,10,0.1,0.2,0.4387755102040816
15,paper_mean,lgbm,98,10,0.3,0.4,0.11224489795918367
15,paper_mean,lgbm_no_fail,98,10,0.4,0.5,0.08163265306122448
15,paper_mean,ens_mean,98,10,0.3,0.4,0.10204081632653061
15,paper_mean,ridge,98,10,0.4,0.6,0.01020408163265306
15,paper_mean,lgbm_process,98,10,0.4,0.5,0.08163265306122448
15,paper_mean,ridge_process,98,10,0.2,0.5,0.1326530612244898
15,paper_mean,ens_bonus,98,10,0.3,0.6,0.08163265306122448
15,paper_mean,knn,98,10,0.2,0.5,0.01020408163265306
15,paper_mean,random,98,10,0.1,0.2,0.4387755102040816
15,unseen_only,lgbm,56,6,0.16666666666666666,0.5,0.16071428571428573
15,unseen_only,lgbm_no_fail,56,6,0.5,0.6666666666666666,0.10714285714285714
15,unseen_only,ens_mean,56,6,0.3333333333333333,0.5,0.16071428571428573
15,unseen_only,ridge,56,6,0.5,0.5,0.017857142857142856
15,unseen_only,lgbm_process,56,6,0.3333333333333333,0.6666666666666666,0.10714285714285714
15,unseen_only,ridge_process,56,6,0.3333333333333333,0.5,0.17857142857142858
15,unseen_only,ens_bonus,56,6,0.16666666666666666,0.5,0.125
15,unseen_only,knn,56,6,0.3333333333333333,0.5,0.017857142857142856
15,unseen_only,random,56,6,0.0,0.0,0.4107142857142857
16,main,lgbm,99,10,0.3,0.3,0.010101010101010102
16,main,lgbm_no_fail,99,10,0.4,0.4,0.020202020202020204
16,main,ens_mean,99,10,0.3,0.3,0.010101010101010102
16,main,ridge,99,10,0.4,0.5,0.050505050505050504
16,main,lgbm_process,99,10,0.4,0.6,0.04040404040404041
16,main,ridge_process,99,10,0.2,0.5,0.13131313131313133
16,main,ens_bonus,99,10,0.3,0.3,0.030303030303030304
16,main,knn,99,10,0.3,0.5,0.08080808080808081
16,main,random,99,10,0.1,0.2,0.9292929292929293
16,paper_mean,lgbm,99,10,0.4,0.4,0.010101010101010102
16,paper_mean,lgbm_no_fail,99,10,0.5,0.5,0.020202020202020204
16,paper_mean,ens_mean,99,10,0.4,0.4,0.010101010101010102
16,paper_mean,ridge,99,10,0.5,0.6,0.050505050505050504
16,paper_mean,lgbm_process,99,10,0.5,0.7,0.04040404040404041
16,paper_mean,ridge_process,99,10,0.3,0.6,0.13131313131313133
16,paper_mean,ens_bonus,99,10,0.4,0.5,0.030303030303030304
16,paper_mean,knn,99,10,0.3,0.5,0.08080808080808081
16,paper_mean,random,99,10,0.1,0.2,0.9292929292929293
16,unseen_only,lgbm,55,6,0.3333333333333333,0.5,0.01818181818181818
16,unseen_only,lgbm_no_fail,55,6,0.5,0.6666666666666666,0.01818181818181818
16,unseen_only,ens_mean,55,6,0.3333333333333333,0.5,0.01818181818181818
16,unseen_only,ridge,55,6,0.6666666666666666,0.6666666666666666,0.09090909090909091
16,unseen_only,lgbm_process,55,6,0.5,0.6666666666666666,0.03636363636363636
16,unseen_only,ridge_process,55,6,0.3333333333333333,0.6666666666666666,0.18181818181818182
16,unseen_only,ens_bonus,55,6,0.3333333333333333,0.5,0.03636363636363636
16,unseen_only,knn,55,6,0.5,0.6666666666666666,0.10909090909090909
16,unseen_only,random,55,6,0.16666666666666666,0.16666666666666666,0.9272727272727272
17,main,lgbm,98,10,0.2,0.3,0.11224489795918367
17,main,lgbm_no_fail,98,10,0.3,0.4,0.09183673469387756
17,main,ens_mean,98,10,0.2,0.3,0.12244897959183673
17,main,ridge,98,10,0.3,0.5,0.01020408163265306
17,main,lgbm_process,98,10,0.2,0.5,0.10204081632653061
17,main,ridge_process,98,10,0.2,0.5,0.1836734693877551
17,main,ens_bonus,98,10,0.3,0.4,0.09183673469387756
17,main,knn,98,10,0.3,0.3,0.01020408163265306
17,main,random,98,10,0.0,0.2,0.21428571428571427
17,paper_mean,lgbm,98,10,0.2,0.3,0.11224489795918367
17,paper_mean,lgbm_no_fail,98,10,0.3,0.4,0.09183673469387756
17,paper_mean,ens_mean,98,10,0.2,0.4,0.12244897959183673
17,paper_mean,ridge,98,10,0.3,0.5,0.01020408163265306
17,paper_mean,lgbm_process,98,10,0.3,0.6,0.10204081632653061
17,paper_mean,ridge_process,98,10,0.3,0.6,0.1836734693877551
17,paper_mean,ens_bonus,98,10,0.3,0.5,0.09183673469387756
17,paper_mean,knn,98,10,0.3,0.4,0.01020408163265306
17,paper_mean,random,98,10,0.0,0.2,0.21428571428571427
17,unseen_only,lgbm,55,6,0.16666666666666666,0.3333333333333333,0.14545454545454545
17,unseen_only,lgbm_no_fail,55,6,0.3333333333333333,0.5,0.10909090909090909
17,unseen_only,ens_mean,55,6,0.16666666666666666,0.3333333333333333,0.18181818181818182
17,unseen_only,ridge,55,6,0.3333333333333333,0.5,0.01818181818181818
17,unseen_only,lgbm_process,55,6,0.0,0.3333333333333333,0.12727272727272726
17,unseen_only,ridge_process,55,6,0.16666666666666666,0.3333333333333333,0.2545454545454545
17,unseen_only,ens_bonus,55,6,0.16666666666666666,0.3333333333333333,0.12727272727272726
17,unseen_only,knn,55,6,0.3333333333333333,0.3333333333333333,0.01818181818181818
17,unseen_only,random,55,6,0.16666666666666666,0.16666666666666666,0.21818181818181817
18,main,lgbm,100,10,0.3,0.3,0.24
18,main,lgbm_no_fail,100,10,0.3,0.4,0.25
18,main,ens_mean,100,10,0.2,0.2,0.3
18,main,ridge,100,10,0.3,0.5,0.13
18,main,lgbm_process,100,10,0.3,0.4,0.21
18,main,ridge_process,100,10,0.3,0.5,0.14
18,main,ens_bonus,100,10,0.2,0.2,0.41
18,main,knn,100,10,0.2,0.4,0.13
18,main,random,100,10,0.1,0.2,0.27
18,paper_mean,lgbm,100,10,0.3,0.4,0.24
18,paper_mean,lgbm_no_fail,100,10,0.3,0.4,0.25
18,paper_mean,ens_mean,100,10,0.4,0.4,0.3
18,paper_mean,ridge,100,10,0.4,0.6,0.13
18,paper_mean,lgbm_process,100,10,0.3,0.5,0.21
18,paper_mean,ridge_process,100,10,0.3,0.6,0.14
18,paper_mean,ens_bonus,100,10,0.3,0.4,0.41
18,paper_mean,knn,100,10,0.2,0.4,0.13
18,paper_mean,random,100,10,0.1,0.2,0.27
18,unseen_only,lgbm,56,6,0.16666666666666666,0.3333333333333333,0.10714285714285714
18,unseen_only,lgbm_no_fail,56,6,0.3333333333333333,0.3333333333333333,0.05357142857142857
18,unseen_only,ens_mean,56,6,0.16666666666666666,0.16666666666666666,0.10714285714285714
18,unseen_only,ridge,56,6,0.3333333333333333,0.5,0.017857142857142856
18,unseen_only,lgbm_process,56,6,0.0,0.3333333333333333,0.125
18,unseen_only,ridge_process,56,6,0.3333333333333333,0.5,0.17857142857142858
18,unseen_only,ens_bonus,56,6,0.16666666666666666,0.16666666666666666,0.10714285714285714
18,unseen_only,knn,56,6,0.3333333333333333,0.3333333333333333,0.017857142857142856
18,unseen_only,random,56,6,0.16666666666666666,0.16666666666666666,0.5714285714285714
19,main,lgbm,108,11,0.18181818181818182,0.45454545454545453,0.12962962962962962
19,main,lgbm_no_fail,108,11,0.2727272727272727,0.36363636363636365,0.06481481481481481
19,main,ens_mean,108,11,0.2727272727272727,0.5454545454545454,0.12962962962962962
19,main,ridge,108,11,0.2727272727272727,0.45454545454545453,0.009259259259259259
19,main,lgbm_process,108,11,0.2727272727272727,0.5454545454545454,0.08333333333333333
19,main,ridge_process,108,11,0.2727272727272727,0.5454545454545454,0.1574074074074074
19,main,ens_bonus,108,11,0.2727272727272727,0.5454545454545454,0.1111111111111111
19,main,knn,108,11,0.2727272727272727,0.45454545454545453,0.018518518518518517
19,main,random,108,11,0.18181818181818182,0.2727272727272727,0.7129629629629629
19,paper_mean,lgbm,108,11,0.09090909090909091,0.45454545454545453,0.12962962962962962
19,paper_mean,lgbm_no_fail,108,11,0.18181818181818182,0.36363636363636365,0.06481481481481481
19,paper_mean,ens_mean,108,11,0.2727272727272727,0.5454545454545454,0.12962962962962962
19,paper_mean,ridge,108,11,0.2727272727272727,0.6363636363636364,0.009259259259259259
19,paper_mean,lgbm_process,108,11,0.36363636363636365,0.5454545454545454,0.08333333333333333
19,paper_mean,ridge_process,108,11,0.36363636363636365,0.7272727272727273,0.1574074074074074
19,paper_mean,ens_bonus,108,11,0.2727272727272727,0.5454545454545454,0.1111111111111111
19,paper_mean,knn,108,11,0.36363636363636365,0.45454545454545453,0.018518518518518517
19,paper_mean,random,108,11,0.18181818181818182,0.36363636363636365,0.7129629629629629
19,unseen_only,lgbm,62,6,0.0,0.16666666666666666,0.16129032258064516
19,unseen_only,lgbm_no_fail,62,6,0.16666666666666666,0.16666666666666666,0.06451612903225806
19,unseen_only,ens_mean,62,6,0.0,0.16666666666666666,0.1774193548387097
19,unseen_only,ridge,62,6,0.5,0.6666666666666666,0.016129032258064516
19,unseen_only,lgbm_process,62,6,0.0,0.3333333333333333,0.11290322580645161
19,unseen_only,ridge_process,62,6,0.3333333333333333,0.5,0.22580645161290322
19,unseen_only,ens_bonus,62,6,0.0,0.16666666666666666,0.16129032258064516
19,unseen_only,knn,62,6,0.3333333333333333,0.3333333333333333,0.03225806451612903
19,unseen_only,random,62,6,0.0,0.16666666666666666,0.8225806451612904
20,main,lgbm,95,10,0.2,0.5,0.10526315789473684
20,main,lgbm_no_fail,95,10,0.2,0.3,0.07368421052631578
20,main,ens_mean,95,10,0.2,0.3,0.07368421052631578
20,main,ridge,95,10,0.3,0.3,0.021052631578947368
20,main,lgbm_process,95,10,0.4,0.4,0.07368421052631578
20,main,ridge_process,95,10,0.2,0.3,0.1368421052631579
20,main,ens_bonus,95,10,0.2,0.4,0.06315789473684211
20,main,knn,95,10,0.2,0.3,0.021052631578947368
20,main,random,95,10,0.1,0.3,0.4105263157894737
20,paper_mean,lgbm,95,10,0.3,0.5,0.10526315789473684
20,paper_mean,lgbm_no_fail,95,10,0.3,0.4,0.07368421052631578
20,paper_mean,ens_mean,95,10,0.3,0.5,0.07368421052631578
20,paper_mean,ridge,95,10,0.4,0.4,0.021052631578947368
20,paper_mean,lgbm_process,95,10,0.5,0.5,0.07368421052631578
20,paper_mean,ridge_process,95,10,0.2,0.4,0.1368421052631579
20,paper_mean,ens_bonus,95,10,0.3,0.5,0.06315789473684211
20,paper_mean,knn,95,10,0.3,0.5,0.021052631578947368
20,paper_mean,random,95,10,0.0,0.1,0.4105263157894737
20,unseen_only,lgbm,52,5,0.2,0.4,0.1346153846153846
20,unseen_only,lgbm_no_fail,52,5,0.4,0.4,0.07692307692307693
20,unseen_only,ens_mean,52,5,0.4,0.4,0.09615384615384616
20,unseen_only,ridge,52,5,0.4,0.4,0.038461538461538464
20,unseen_only,lgbm_process,52,5,0.4,0.4,0.09615384615384616
20,unseen_only,ridge_process,52,5,0.2,0.4,0.19230769230769232
20,unseen_only,ens_bonus,52,5,0.4,0.4,0.09615384615384616
20,unseen_only,knn,52,5,0.2,0.4,0.038461538461538464
20,unseen_only,random,52,5,0.0,0.0,0.4230769230769231
21,main,lgbm,96,10,0.3,0.4,0.041666666666666664
21,main,lgbm_no_fail,96,10,0.4,0.4,0.041666666666666664
21,main,ens_mean,96,10,0.3,0.5,0.052083333333333336
21,main,ridge,96,10,0.3,0.3,0.0625
21,main,lgbm_process,96,10,0.3,0.6,0.052083333333333336
21,main,ridge_process,96,10,0.1,0.3,0.15625
21,main,ens_bonus,96,10,0.3,0.4,0.0625
21,main,knn,96,10,0.1,0.2,0.125
21,main,random,96,10,0.0,0.1,0.3541666666666667
21,paper_mean,lgbm,96,10,0.3,0.5,0.041666666666666664
21,paper_mean,lgbm_no_fail,96,10,0.4,0.5,0.041666666666666664
21,paper_mean,ens_mean,96,10,0.4,0.5,0.052083333333333336
21,paper_mean,ridge,96,10,0.4,0.5,0.0625
21,paper_mean,lgbm_process,96,10,0.4,0.6,0.052083333333333336
21,paper_mean,ridge_process,96,10,0.3,0.5,0.15625
21,paper_mean,ens_bonus,96,10,0.4,0.5,0.0625
21,paper_mean,knn,96,10,0.2,0.3,0.125
21,paper_mean,random,96,10,0.0,0.1,0.3541666666666667
21,unseen_only,lgbm,51,5,0.4,0.6,0.058823529411764705
21,unseen_only,lgbm_no_fail,51,5,0.4,0.6,0.0392156862745098
21,unseen_only,ens_mean,51,5,0.4,0.4,0.0784313725490196
21,unseen_only,ridge,51,5,0.4,0.4,0.09803921568627451
21,unseen_only,lgbm_process,51,5,0.2,0.6,0.0392156862745098
21,unseen_only,ridge_process,51,5,0.0,0.0,0.21568627450980393
21,unseen_only,ens_bonus,51,5,0.4,0.6,0.0784313725490196
21,unseen_only,knn,51,5,0.2,0.4,0.17647058823529413
21,unseen_only,random,51,5,0.0,0.0,0.23529411764705882
22,main,lgbm,93,9,0.2222222222222222,0.4444444444444444,0.03225806451612903
22,main,lgbm_no_fail,93,9,0.4444444444444444,0.5555555555555556,0.021505376344086023
22,main,ens_mean,93,9,0.2222222222222222,0.5555555555555556,0.03225806451612903
22,main,ridge,93,9,0.3333333333333333,0.4444444444444444,0.053763440860215055
22,main,lgbm_process,93,9,0.3333333333333333,0.5555555555555556,0.053763440860215055
22,main,ridge_process,93,9,0.1111111111111111,0.5555555555555556,0.16129032258064516
22,main,ens_bonus,93,9,0.3333333333333333,0.5555555555555556,0.053763440860215055
22,main,knn,93,9,0.3333333333333333,0.5555555555555556,0.11827956989247312
22,main,random,93,9,0.2222222222222222,0.2222222222222222,0.46236559139784944
22,paper_mean,lgbm,93,9,0.1111111111111111,0.3333333333333333,0.03225806451612903
22,paper_mean,lgbm_no_fail,93,9,0.3333333333333333,0.4444444444444444,0.021505376344086023
22,paper_mean,ens_mean,93,9,0.1111111111111111,0.3333333333333333,0.03225806451612903
22,paper_mean,ridge,93,9,0.3333333333333333,0.3333333333333333,0.053763440860215055
22,paper_mean,lgbm_process,93,9,0.2222222222222222,0.5555555555555556,0.053763440860215055
22,paper_mean,ridge_process,93,9,0.1111111111111111,0.4444444444444444,0.16129032258064516
22,paper_mean,ens_bonus,93,9,0.2222222222222222,0.3333333333333333,0.053763440860215055
22,paper_mean,knn,93,9,0.2222222222222222,0.4444444444444444,0.11827956989247312
22,paper_mean,random,93,9,0.1111111111111111,0.1111111111111111,0.46236559139784944
22,unseen_only,lgbm,48,5,0.2,0.6,0.041666666666666664
22,unseen_only,lgbm_no_fail,48,5,0.4,0.8,0.020833333333333332
22,unseen_only,ens_mean,48,5,0.2,0.6,0.0625
22,unseen_only,ridge,48,5,0.6,0.6,0.10416666666666667
22,unseen_only,lgbm_process,48,5,0.2,0.8,0.041666666666666664
22,unseen_only,ridge_process,48,5,0.2,0.2,0.22916666666666666
22,unseen_only,ens_bonus,48,5,0.2,0.6,0.0625
22,unseen_only,knn,48,5,0.4,0.6,0.16666666666666666
22,unseen_only,random,48,5,0.0,0.2,0.4375
23,main,lgbm,89,9,0.4444444444444444,0.6666666666666666,0.02247191011235955
23,main,lgbm_no_fail,89,9,0.3333333333333333,0.6666666666666666,0.033707865168539325
23,main,ens_mean,89,9,0.3333333333333333,0.6666666666666666,0.02247191011235955
23,main,ridge,89,9,0.5555555555555556,0.6666666666666666,0.07865168539325842
23,main,lgbm_process,89,9,0.4444444444444444,0.6666666666666666,0.06741573033707865
23,main,ridge_process,89,9,0.5555555555555556,0.7777777777777778,0.14606741573033707
23,main,ens_bonus,89,9,0.4444444444444444,0.6666666666666666,0.0449438202247191
23,main,knn,89,9,0.4444444444444444,0.5555555555555556,0.1348314606741573
23,main,random,89,9,0.1111111111111111,0.2222222222222222,0.48314606741573035
23,paper_mean,lgbm,89,9,0.4444444444444444,0.6666666666666666,0.02247191011235955
23,paper_mean,lgbm_no_fail,89,9,0.3333333333333333,0.6666666666666666,0.033707865168539325
23,paper_mean,ens_mean,89,9,0.3333333333333333,0.6666666666666666,0.02247191011235955
23,paper_mean,ridge,89,9,0.6666666666666666,0.6666666666666666,0.07865168539325842
23,paper_mean,lgbm_process,89,9,0.4444444444444444,0.6666666666666666,0.06741573033707865
23,paper_mean,ridge_process,89,9,0.5555555555555556,0.7777777777777778,0.14606741573033707
23,paper_mean,ens_bonus,89,9,0.4444444444444444,0.6666666666666666,0.0449438202247191
23,paper_mean,knn,89,9,0.4444444444444444,0.5555555555555556,0.1348314606741573
23,paper_mean,random,89,9,0.1111111111111111,0.3333333333333333,0.48314606741573035
23,unseen_only,lgbm,51,5,0.2,0.4,0.0196078431372549
23,unseen_only,lgbm_no_fail,51,5,0.2,0.4,0.0392156862745098
23,unseen_only,ens_mean,51,5,0.2,0.4,0.0196078431372549
23,unseen_only,ridge,51,5,0.2,0.6,0.11764705882352941
23,unseen_only,lgbm_process,51,5,0.2,0.4,0.0784313725490196
23,unseen_only,ridge_process,51,5,0.2,0.4,0.19607843137254902
23,unseen_only,ens_bonus,51,5,0.2,0.4,0.058823529411764705
23,unseen_only,knn,51,5,0.2,0.4,0.19607843137254902
23,unseen_only,random,51,5,0.0,0.2,0.45098039215686275
24,main,lgbm,98,10,0.4,0.6,0.09183673469387756
24,main,lgbm_no_fail,98,10,0.4,0.6,0.09183673469387756
24,main,ens_mean,98,10,0.5,0.6,0.07142857142857142
24,main,ridge,98,10,0.2,0.6,0.01020408163265306
24,main,lgbm_process,98,10,0.5,0.6,0.08163265306122448
24,main,ridge_process,98,10,0.5,0.6,0.14285714285714285
24,main,ens_bonus,98,10,0.5,0.6,0.07142857142857142
24,main,knn,98,10,0.5,0.6,0.01020408163265306
24,main,random,98,10,0.1,0.3,0.10204081632653061
24,paper_mean,lgbm,98,10,0.3,0.5,0.09183673469387756
24,paper_mean,lgbm_no_fail,98,10,0.3,0.6,0.09183673469387756
24,paper_mean,ens_mean,98,10,0.4,0.5,0.07142857142857142
24,paper_mean,ridge,98,10,0.2,0.6,0.01020408163265306
24,paper_mean,lgbm_process,98,10,0.6,0.6,0.08163265306122448
24,paper_mean,ridge_process,98,10,0.5,0.6,0.14285714285714285
24,paper_mean,ens_bonus,98,10,0.4,0.5,0.07142857142857142
24,paper_mean,knn,98,10,0.5,0.6,0.01020408163265306
24,paper_mean,random,98,10,0.2,0.3,0.10204081632653061
24,unseen_only,lgbm,52,5,0.4,0.4,0.09615384615384616
24,unseen_only,lgbm_no_fail,52,5,0.4,0.6,0.09615384615384616
24,unseen_only,ens_mean,52,5,0.4,0.4,0.07692307692307693
24,unseen_only,ridge,52,5,0.4,0.6,0.019230769230769232
24,unseen_only,lgbm_process,52,5,0.4,0.6,0.09615384615384616
24,unseen_only,ridge_process,52,5,0.2,0.6,0.19230769230769232
24,unseen_only,ens_bonus,52,5,0.4,0.4,0.07692307692307693
24,unseen_only,knn,52,5,0.6,0.6,0.019230769230769232
24,unseen_only,random,52,5,0.2,0.4,0.09615384615384616
25,main,lgbm,98,10,0.2,0.4,0.04081632653061224
25,main,lgbm_no_fail,98,10,0.3,0.5,0.02040816326530612
25,main,ens_mean,98,10,0.2,0.4,0.02040816326530612
25,main,ridge,98,10,0.4,0.5,0.07142857142857142
25,main,lgbm_process,98,10,0.4,0.5,0.061224489795918366
25,main,ridge_process,98,10,0.3,0.6,0.1326530612244898
25,main,ens_bonus,98,10,0.3,0.4,0.04081632653061224
25,main,knn,98,10,0.4,0.5,0.1326530612244898
25,main,random,98,10,0.1,0.3,0.17346938775510204
25,paper_mean,lgbm,98,10,0.3,0.5,0.04081632653061224
25,paper_mean,lgbm_no_fail,98,10,0.3,0.5,0.02040816326530612
25,paper_mean,ens_mean,98,10,0.2,0.5,0.02040816326530612
25,paper_mean,ridge,98,10,0.5,0.6,0.07142857142857142
25,paper_mean,lgbm_process,98,10,0.4,0.6,0.061224489795918366
25,paper_mean,ridge_process,98,10,0.4,0.6,0.1326530612244898
25,paper_mean,ens_bonus,98,10,0.3,0.6,0.04081632653061224
25,paper_mean,knn,98,10,0.3,0.4,0.1326530612244898
25,paper_mean,random,98,10,0.1,0.2,0.17346938775510204
25,unseen_only,lgbm,52,5,0.2,0.4,0.038461538461538464
25,unseen_only,lgbm_no_fail,52,5,0.2,0.6,0.019230769230769232
25,unseen_only,ens_mean,52,5,0.2,0.4,0.038461538461538464
25,unseen_only,ridge,52,5,0.4,0.8,0.11538461538461539
25,unseen_only,lgbm_process,52,5,0.2,0.6,0.057692307692307696
25,unseen_only,ridge_process,52,5,0.2,0.6,0.17307692307692307
25,unseen_only,ens_bonus,52,5,0.2,0.4,0.038461538461538464
25,unseen_only,knn,52,5,0.4,0.6,0.19230769230769232
25,unseen_only,random,52,5,0.0,0.2,0.17307692307692307
26,main,lgbm,95,10,0.3,0.5,0.22105263157894736
26,main,lgbm_no_fail,95,10,0.4,0.7,0.11578947368421053
26,main,ens_mean,95,10,0.3,0.6,0.25263157894736843
26,main,ridge,95,10,0.5,0.6,0.042105263157894736
26,main,lgbm_process,95,10,0.6,0.8,0.09473684210526316
26,main,ridge_process,95,10,0.5,0.6,0.021052631578947368
26,main,ens_bonus,95,10,0.3,0.7,0.2631578947368421
26,main,knn,95,10,0.4,0.5,0.06315789473684211
26,main,random,95,10,0.3,0.3,0.22105263157894736
26,paper_mean,lgbm,95,10,0.4,0.7,0.22105263157894736
26,paper_mean,lgbm_no_fail,95,10,0.4,0.7,0.11578947368421053
26,paper_mean,ens_mean,95,10,0.4,0.8,0.25263157894736843
26,paper_mean,ridge,95,10,0.6,0.7,0.042105263157894736
26,paper_mean,lgbm_process,95,10,0.6,0.9,0.09473684210526316
26,paper_mean,ridge_process,95,10,0.6,0.7,0.021052631578947368
26,paper_mean,ens_bonus,95,10,0.4,0.9,0.2631578947368421
26,paper_mean,knn,95,10,0.4,0.5,0.06315789473684211
26,paper_mean,random,95,10,0.3,0.3,0.22105263157894736
26,unseen_only,lgbm,53,5,0.4,0.4,0.32075471698113206
26,unseen_only,lgbm_no_fail,53,5,0.4,0.8,0.1509433962264151
26,unseen_only,ens_mean,53,5,0.2,0.4,0.33962264150943394
26,unseen_only,ridge,53,5,0.6,0.8,0.07547169811320754
26,unseen_only,lgbm_process,53,5,0.6,1.0,0.1320754716981132
26,unseen_only,ridge_process,53,5,0.6,0.8,0.03773584905660377
26,unseen_only,ens_bonus,53,5,0.2,0.4,0.3584905660377358
26,unseen_only,knn,53,5,0.6,0.8,0.09433962264150944
26,unseen_only,random,53,5,0.2,0.4,0.18867924528301888
27,main,lgbm,90,9,0.1111111111111111,0.2222222222222222,0.03333333333333333
27,main,lgbm_no_fail,90,9,0.1111111111111111,0.2222222222222222,0.03333333333333333
27,main,ens_mean,90,9,0.1111111111111111,0.2222222222222222,0.05555555555555555
27,main,ridge,90,9,0.2222222222222222,0.3333333333333333,0.06666666666666667
27,main,lgbm_process,90,9,0.1111111111111111,0.1111111111111111,0.08888888888888889
27,main,ridge_process,90,9,0.2222222222222222,0.3333333333333333,0.15555555555555556
27,main,ens_bonus,90,9,0.1111111111111111,0.3333333333333333,0.08888888888888889
27,main,knn,90,9,0.1111111111111111,0.1111111111111111,0.011111111111111112
27,main,random,90,9,0.0,0.0,0.9222222222222223
27,paper_mean,lgbm,90,9,0.1111111111111111,0.3333333333333333,0.03333333333333333
27,paper_mean,lgbm_no_fail,90,9,0.1111111111111111,0.3333333333333333,0.03333333333333333
27,paper_mean,ens_mean,90,9,0.2222222222222222,0.4444444444444444,0.05555555555555555
27,paper_mean,ridge,90,9,0.2222222222222222,0.4444444444444444,0.06666666666666667
27,paper_mean,lgbm_process,90,9,0.2222222222222222,0.2222222222222222,0.08888888888888889
27,paper_mean,ridge_process,90,9,0.3333333333333333,0.4444444444444444,0.15555555555555556
27,paper_mean,ens_bonus,90,9,0.2222222222222222,0.5555555555555556,0.08888888888888889
27,paper_mean,knn,90,9,0.2222222222222222,0.2222222222222222,0.011111111111111112
27,paper_mean,random,90,9,0.1111111111111111,0.1111111111111111,0.9222222222222223
27,unseen_only,lgbm,49,5,0.2,0.2,0.04081632653061224
27,unseen_only,lgbm_no_fail,49,5,0.2,0.2,0.02040816326530612
27,unseen_only,ens_mean,49,5,0.2,0.2,0.061224489795918366
27,unseen_only,ridge,49,5,0.4,0.4,0.08163265306122448
27,unseen_only,lgbm_process,49,5,0.0,0.2,0.12244897959183673
27,unseen_only,ridge_process,49,5,0.0,0.2,0.22448979591836735
27,unseen_only,ens_bonus,49,5,0.2,0.2,0.10204081632653061
27,unseen_only,knn,49,5,0.2,0.2,0.02040816326530612
27,unseen_only,random,49,5,0.0,0.0,0.9387755102040817
28,main,lgbm,96,10,0.2,0.4,0.22916666666666666
28,main,lgbm_no_fail,96,10,0.2,0.5,0.125
28,main,ens_mean,96,10,0.2,0.4,0.25
28,main,ridge,96,10,0.5,0.6,0.052083333333333336
28,main,lgbm_process,96,10,0.4,0.6,0.10416666666666667
28,main,ridge_process,96,10,0.4,0.7,0.010416666666666666
28,main,ens_bonus,96,10,0.2,0.5,0.2604166666666667
28,main,knn,96,10,0.4,0.4,0.07291666666666667
28,main,random,96,10,0.0,0.1,0.4895833333333333
28,paper_mean,lgbm,96,10,0.3,0.5,0.22916666666666666
28,paper_mean,lgbm_no_fail,96,10,0.3,0.6,0.125
28,paper_mean,ens_mean,96,10,0.3,0.5,0.25
28,paper_mean,ridge,96,10,0.5,0.7,0.052083333333333336
28,paper_mean,lgbm_process,96,10,0.5,0.7,0.10416666666666667
28,paper_mean,ridge_process,96,10,0.4,0.8,0.010416666666666666
28,paper_mean,ens_bonus,96,10,0.3,0.6,0.2604166666666667
28,paper_mean,knn,96,10,0.5,0.5,0.07291666666666667
28,paper_mean,random,96,10,0.0,0.1,0.4895833333333333
28,unseen_only,lgbm,52,5,0.2,0.2,0.34615384615384615
28,unseen_only,lgbm_no_fail,52,5,0.2,0.4,0.17307692307692307
28,unseen_only,ens_mean,52,5,0.0,0.2,0.3269230769230769
28,unseen_only,ridge,52,5,0.2,0.6,0.07692307692307693
28,unseen_only,lgbm_process,52,5,0.0,0.4,0.15384615384615385
28,unseen_only,ridge_process,52,5,0.2,0.6,0.019230769230769232
28,unseen_only,ens_bonus,52,5,0.0,0.0,0.38461538461538464
28,unseen_only,knn,52,5,0.2,0.4,0.11538461538461539
28,unseen_only,random,52,5,0.0,0.2,0.5
29,main,lgbm,98,10,0.4,0.5,0.030612244897959183
29,main,lgbm_no_fail,98,10,0.5,0.5,0.04081632653061224
29,main,ens_mean,98,10,0.4,0.5,0.02040816326530612
29,main,ridge,98,10,0.4,0.6,0.061224489795918366
29,main,lgbm_process,98,10,0.4,0.6,0.061224489795918366
29,main,ridge_process,98,10,0.3,0.5,0.15306122448979592
29,main,ens_bonus,98,10,0.5,0.6,0.04081632653061224
29,main,knn,98,10,0.3,0.3,0.09183673469387756
29,main,random,98,10,0.0,0.2,0.8877551020408163
29,paper_mean,lgbm,98,10,0.3,0.5,0.030612244897959183
29,paper_mean,lgbm_no_fail,98,10,0.4,0.5,0.04081632653061224
29,paper_mean,ens_mean,98,10,0.3,0.5,0.02040816326530612
29,paper_mean,ridge,98,10,0.5,0.6,0.061224489795918366
29,paper_mean,lgbm_process,98,10,0.5,0.6,0.061224489795918366
29,paper_mean,ridge_process,98,10,0.3,0.6,0.15306122448979592
29,paper_mean,ens_bonus,98,10,0.5,0.6,0.04081632653061224
29,paper_mean,knn,98,10,0.4,0.4,0.09183673469387756
29,paper_mean,random,98,10,0.0,0.3,0.8877551020408163
29,unseen_only,lgbm,51,5,0.2,0.4,0.0196078431372549
29,unseen_only,lgbm_no_fail,51,5,0.4,0.4,0.0196078431372549
29,unseen_only,ens_mean,51,5,0.2,0.4,0.0196078431372549
29,unseen_only,ridge,51,5,0.4,0.6,0.09803921568627451
29,unseen_only,lgbm_process,51,5,0.2,0.6,0.058823529411764705
29,unseen_only,ridge_process,51,5,0.0,0.0,0.21568627450980393
29,unseen_only,ens_bonus,51,5,0.2,0.4,0.0392156862745098
29,unseen_only,knn,51,5,0.2,0.4,0.11764705882352941
29,unseen_only,random,51,5,0.2,0.4,0.8431372549019608
30,main,lgbm,96,10,0.2,0.5,0.375
30,main,lgbm_no_fail,96,10,0.2,0.2,0.40625
30,main,ens_mean,96,10,0.2,0.4,0.28125
30,main,ridge,96,10,0.3,0.6,0.07291666666666667
30,main,lgbm_process,96,10,0.3,0.4,0.40625
30,main,ridge_process,96,10,0.2,0.5,0.09375
30,main,ens_bonus,96,10,0.2,0.4,0.20833333333333334
30,main,knn,96,10,0.3,0.3,0.75
30,main,random,96,10,0.0,0.0,0.21875
30,paper_mean,lgbm,96,10,0.3,0.5,0.375
30,paper_mean,lgbm_no_fail,96,10,0.3,0.3,0.40625
30,paper_mean,ens_mean,96,10,0.3,0.5,0.28125
30,paper_mean,ridge,96,10,0.4,0.7,0.07291666666666667
30,paper_mean,lgbm_process,96,10,0.4,0.6,0.40625
30,paper_mean,ridge_process,96,10,0.4,0.6,0.09375
30,paper_mean,ens_bonus,96,10,0.3,0.5,0.20833333333333334
30,paper_mean,knn,96,10,0.4,0.4,0.75
30,paper_mean,random,96,10,0.0,0.0,0.21875
30,unseen_only,lgbm,49,5,0.4,0.6,0.5102040816326531
30,unseen_only,lgbm_no_fail,49,5,0.4,0.4,0.5102040816326531
30,unseen_only,ens_mean,49,5,0.2,0.6,0.42857142857142855
30,unseen_only,ridge,49,5,0.2,0.6,0.12244897959183673
30,unseen_only,lgbm_process,49,5,0.2,0.4,0.4897959183673469
30,unseen_only,ridge_process,49,5,0.0,0.4,0.14285714285714285
30,unseen_only,ens_bonus,49,5,0.0,0.2,0.32653061224489793
30,unseen_only,knn,49,5,0.4,0.4,0.7755102040816326
30,unseen_only,random,49,5,0.0,0.2,0.1836734693877551
31,main,lgbm,91,9,0.2222222222222222,0.4444444444444444,0.02197802197802198
31,main,lgbm_no_fail,91,9,0.3333333333333333,0.5555555555555556,0.01098901098901099
31,main,ens_mean,91,9,0.2222222222222222,0.5555555555555556,0.02197802197802198
31,main,ridge,91,9,0.6666666666666666,0.8888888888888888,0.03296703296703297
31,main,lgbm_process,91,9,0.5555555555555556,0.6666666666666666,0.04395604395604396
31,main,ridge_process,91,9,0.4444444444444444,0.7777777777777778,0.17582417582417584
31,main,ens_bonus,91,9,0.4444444444444444,0.5555555555555556,0.02197802197802198
31,main,knn,91,9,0.3333333333333333,0.5555555555555556,0.10989010989010989
31,main,random,91,9,0.2222222222222222,0.4444444444444444,0.1978021978021978
31,paper_mean,lgbm,91,9,0.2222222222222222,0.4444444444444444,0.02197802197802198
31,paper_mean,lgbm_no_fail,91,9,0.2222222222222222,0.4444444444444444,0.01098901098901099
31,paper_mean,ens_mean,91,9,0.2222222222222222,0.5555555555555556,0.02197802197802198
31,paper_mean,ridge,91,9,0.6666666666666666,0.8888888888888888,0.03296703296703297
31,paper_mean,lgbm_process,91,9,0.4444444444444444,0.6666666666666666,0.04395604395604396
31,paper_mean,ridge_process,91,9,0.4444444444444444,0.8888888888888888,0.17582417582417584
31,paper_mean,ens_bonus,91,9,0.3333333333333333,0.5555555555555556,0.02197802197802198
31,paper_mean,knn,91,9,0.3333333333333333,0.4444444444444444,0.10989010989010989
31,paper_mean,random,91,9,0.2222222222222222,0.5555555555555556,0.1978021978021978
31,unseen_only,lgbm,47,5,0.2,0.4,0.0425531914893617
31,unseen_only,lgbm_no_fail,47,5,0.2,0.6,0.02127659574468085
31,unseen_only,ens_mean,47,5,0.2,0.2,0.0425531914893617
31,unseen_only,ridge,47,5,0.8,1.0,0.06382978723404255
31,unseen_only,lgbm_process,47,5,0.2,0.6,0.0425531914893617
31,unseen_only,ridge_process,47,5,0.2,0.4,0.2765957446808511
31,unseen_only,ens_bonus,47,5,0.2,0.4,0.0425531914893617
31,unseen_only,knn,47,5,0.4,0.6,0.1702127659574468
31,unseen_only,random,47,5,0.4,0.4,0.2765957446808511
32,main,lgbm,92,9,0.4444444444444444,0.5555555555555556,0.010869565217391304
32,main,lgbm_no_fail,92,9,0.5555555555555556,0.6666666666666666,0.03260869565217391
32,main,ens_mean,92,9,0.3333333333333333,0.5555555555555556,0.010869565217391304
32,main,ridge,92,9,0.5555555555555556,0.6666666666666666,0.06521739130434782
32,main,lgbm_process,92,9,0.5555555555555556,0.6666666666666666,0.043478260869565216
32,main,ridge_process,92,9,0.2222222222222222,0.5555555555555556,0.1956521739130435
32,main,ens_bonus,92,9,0.3333333333333333,0.5555555555555556,0.03260869565217391
32,main,knn,92,9,0.3333333333333333,0.5555555555555556,0.10869565217391304
32,main,random,92,9,0.0,0.2222222222222222,0.17391304347826086
32,paper_mean,lgbm,92,9,0.3333333333333333,0.4444444444444444,0.010869565217391304
32,paper_mean,lgbm_no_fail,92,9,0.4444444444444444,0.5555555555555556,0.03260869565217391
32,paper_mean,ens_mean,92,9,0.2222222222222222,0.5555555555555556,0.010869565217391304
32,paper_mean,ridge,92,9,0.5555555555555556,0.6666666666666666,0.06521739130434782
32,paper_mean,lgbm_process,92,9,0.4444444444444444,0.5555555555555556,0.043478260869565216
32,paper_mean,ridge_process,92,9,0.3333333333333333,0.5555555555555556,0.1956521739130435
32,paper_mean,ens_bonus,92,9,0.2222222222222222,0.5555555555555556,0.03260869565217391
32,paper_mean,knn,92,9,0.2222222222222222,0.4444444444444444,0.10869565217391304
32,paper_mean,random,92,9,0.0,0.3333333333333333,0.17391304347826086
32,unseen_only,lgbm,50,5,0.4,0.4,0.02
32,unseen_only,lgbm_no_fail,50,5,0.4,0.8,0.04
32,unseen_only,ens_mean,50,5,0.2,0.4,0.02
32,unseen_only,ridge,50,5,0.6,0.8,0.08
32,unseen_only,lgbm_process,50,5,0.2,0.8,0.04
32,unseen_only,ridge_process,50,5,0.2,0.4,0.3
32,unseen_only,ens_bonus,50,5,0.2,0.4,0.04
32,unseen_only,knn,50,5,0.4,0.6,0.16
32,unseen_only,random,50,5,0.0,0.4,0.16
33,main,lgbm,91,9,0.2222222222222222,0.4444444444444444,0.13186813186813187
33,main,lgbm_no_fail,91,9,0.2222222222222222,0.3333333333333333,0.12087912087912088
33,main,ens_mean,91,9,0.2222222222222222,0.3333333333333333,0.15384615384615385
33,main,ridge,91,9,0.2222222222222222,0.4444444444444444,0.01098901098901099
33,main,lgbm_process,91,9,0.3333333333333333,0.4444444444444444,0.12087912087912088
33,main,ridge_process,91,9,0.3333333333333333,0.5555555555555556,0.17582417582417584
33,main,ens_bonus,91,9,0.3333333333333333,0.4444444444444444,0.0989010989010989
33,main,knn,91,9,0.3333333333333333,0.3333333333333333,0.01098901098901099
33,main,random,91,9,0.0,0.0,0.989010989010989
33,paper_mean,lgbm,91,9,0.3333333333333333,0.4444444444444444,0.13186813186813187
33,paper_mean,lgbm_no_fail,91,9,0.3333333333333333,0.4444444444444444,0.12087912087912088
33,paper_mean,ens_mean,91,9,0.3333333333333333,0.4444444444444444,0.15384615384615385
33,paper_mean,ridge,91,9,0.3333333333333333,0.5555555555555556,0.01098901098901099
33,paper_mean,lgbm_process,91,9,0.4444444444444444,0.5555555555555556,0.12087912087912088
33,paper_mean,ridge_process,91,9,0.4444444444444444,0.6666666666666666,0.17582417582417584
33,paper_mean,ens_bonus,91,9,0.4444444444444444,0.5555555555555556,0.0989010989010989
33,paper_mean,knn,91,9,0.4444444444444444,0.4444444444444444,0.01098901098901099
33,paper_mean,random,91,9,0.0,0.0,0.989010989010989
33,unseen_only,lgbm,46,5,0.2,0.4,0.1956521739130435
33,unseen_only,lgbm_no_fail,46,5,0.2,0.4,0.17391304347826086
33,unseen_only,ens_mean,46,5,0.0,0.2,0.2391304347826087
33,unseen_only,ridge,46,5,0.2,0.6,0.021739130434782608
33,unseen_only,lgbm_process,46,5,0.0,0.4,0.17391304347826086
33,unseen_only,ridge_process,46,5,0.2,0.4,0.2608695652173913
33,unseen_only,ens_bonus,46,5,0.0,0.4,0.13043478260869565
33,unseen_only,knn,46,5,0.4,0.4,0.021739130434782608
33,unseen_only,random,46,5,0.0,0.0,0.9782608695652174
34,main,lgbm,95,10,0.3,0.5,0.042105263157894736
34,main,lgbm_no_fail,95,10,0.4,0.6,0.031578947368421054
34,main,ens_mean,95,10,0.3,0.6,0.05263157894736842
34,main,ridge,95,10,0.5,0.7,0.06315789473684211
34,main,lgbm_process,95,10,0.6,0.7,0.05263157894736842
34,main,ridge_process,95,10,0.4,0.7,0.14736842105263157
34,main,ens_bonus,95,10,0.4,0.6,0.042105263157894736
34,main,knn,95,10,0.4,0.5,0.11578947368421053
34,main,random,95,10,0.2,0.2,0.7473684210526316
34,paper_mean,lgbm,95,10,0.2,0.3,0.042105263157894736
34,paper_mean,lgbm_no_fail,95,10,0.3,0.5,0.031578947368421054
34,paper_mean,ens_mean,95,10,0.2,0.4,0.05263157894736842
34,paper_mean,ridge,95,10,0.5,0.7,0.06315789473684211
34,paper_mean,lgbm_process,95,10,0.4,0.5,0.05263157894736842
34,paper_mean,ridge_process,95,10,0.3,0.6,0.14736842105263157
34,paper_mean,ens_bonus,95,10,0.2,0.4,0.042105263157894736
34,paper_mean,knn,95,10,0.2,0.3,0.11578947368421053
34,paper_mean,random,95,10,0.2,0.2,0.7473684210526316
34,unseen_only,lgbm,48,5,0.2,0.4,0.0625
34,unseen_only,lgbm_no_fail,48,5,0.2,0.4,0.020833333333333332
34,unseen_only,ens_mean,48,5,0.2,0.2,0.0625
34,unseen_only,ridge,48,5,0.8,0.8,0.08333333333333333
34,unseen_only,lgbm_process,48,5,0.2,0.6,0.0625
34,unseen_only,ridge_process,48,5,0.2,0.4,0.22916666666666666
34,unseen_only,ens_bonus,48,5,0.2,0.4,0.0625
34,unseen_only,knn,48,5,0.4,0.6,0.1875
34,unseen_only,random,48,5,0.2,0.2,0.75
35,main,lgbm,96,10,0.2,0.3,0.09375
35,main,lgbm_no_fail,96,10,0.2,0.4,0.09375
35,main,ens_mean,96,10,0.1,0.3,0.11458333333333333
35,main,ridge,96,10,0.4,0.5,0.020833333333333332
35,main,lgbm_process,96,10,0.2,0.5,0.10416666666666667
35,main,ridge_process,96,10,0.3,0.5,0.15625
35,main,ens_bonus,96,10,0.2,0.3,0.0625
35,main,knn,96,10,0.3,0.5,0.020833333333333332
35,main,random,96,10,0.0,0.1,0.4791666666666667
35,paper_mean,lgbm,96,10,0.4,0.4,0.09375
35,paper_mean,lgbm_no_fail,96,10,0.4,0.5,0.09375
35,paper_mean,ens_mean,96,10,0.3,0.4,0.11458333333333333
35,paper_mean,ridge,96,10,0.5,0.6,0.020833333333333332
35,paper_mean,lgbm_process,96,10,0.4,0.6,0.10416666666666667
35,paper_mean,ridge_process,96,10,0.3,0.6,0.15625
35,paper_mean,ens_bonus,96,10,0.4,0.4,0.0625
35,paper_mean,knn,96,10,0.4,0.6,0.020833333333333332
35,paper_mean,random,96,10,0.0,0.1,0.4791666666666667
35,unseen_only,lgbm,50,5,0.4,0.4,0.1
35,unseen_only,lgbm_no_fail,50,5,0.4,0.6,0.1
35,unseen_only,ens_mean,50,5,0.2,0.4,0.14
35,unseen_only,ridge,50,5,0.6,0.6,0.04
35,unseen_only,lgbm_process,50,5,0.2,0.6,0.14
35,unseen_only,ridge_process,50,5,0.4,0.4,0.22
35,unseen_only,ens_bonus,50,5,0.2,0.4,0.08
35,unseen_only,knn,50,5,0.4,0.6,0.04
35,unseen_only,random,50,5,0.2,0.2,0.48
36,main,lgbm,98,10,0.3,0.6,0.14285714285714285
36,main,lgbm_no_fail,98,10,0.4,0.5,0.10204081632653061
36,main,ens_mean,98,10,0.3,0.5,0.1326530612244898
36,main,ridge,98,10,0.5,0.6,0.02040816326530612
36,main,lgbm_process,98,10,0.4,0.7,0.09183673469387756
36,main,ridge_process,98,10,0.5,0.6,0.14285714285714285
36,main,ens_bonus,98,10,0.3,0.6,0.12244897959183673
36,main,knn,98,10,0.4,0.6,0.02040816326530612
36,main,random,98,10,0.2,0.3,0.5
36,paper_mean,lgbm,98,10,0.3,0.6,0.14285714285714285
36,paper_mean,lgbm_no_fail,98,10,0.4,0.5,0.10204081632653061
36,paper_mean,ens_mean,98,10,0.2,0.5,0.1326530612244898
36,paper_mean,ridge,98,10,0.5,0.6,0.02040816326530612
36,paper_mean,lgbm_process,98,10,0.4,0.7,0.09183673469387756
36,paper_mean,ridge_process,98,10,0.4,0.6,0.14285714285714285
36,paper_mean,ens_bonus,98,10,0.2,0.6,0.12244897959183673
36,paper_mean,knn,98,10,0.3,0.5,0.02040816326530612
36,paper_mean,random,98,10,0.2,0.3,0.5
36,unseen_only,lgbm,54,5,0.0,0.2,0.2222222222222222
36,unseen_only,lgbm_no_fail,54,5,0.2,0.6,0.14814814814814814
36,unseen_only,ens_mean,54,5,0.0,0.4,0.2037037037037037
36,unseen_only,ridge,54,5,0.8,0.8,0.037037037037037035
36,unseen_only,lgbm_process,54,5,0.2,0.8,0.12962962962962962
36,unseen_only,ridge_process,54,5,0.4,0.8,0.2037037037037037
36,unseen_only,ens_bonus,54,5,0.0,0.4,0.2037037037037037
36,unseen_only,knn,54,5,0.4,0.8,0.037037037037037035
36,unseen_only,random,54,5,0.4,0.4,0.5185185185185185
37,main,lgbm,104,10,0.2,0.3,0.3076923076923077
37,main,lgbm_no_fail,104,10,0.4,0.4,0.25
37,main,ens_mean,104,10,0.3,0.3,0.3269230769230769
37,main,ridge,104,10,0.4,0.5,0.17307692307692307
37,main,lgbm_process,104,10,0.4,0.5,0.18269230769230768
37,main,ridge_process,104,10,0.2,0.5,0.15384615384615385
37,main,ens_bonus,104,10,0.3,0.3,0.47115384615384615
37,main,knn,104,10,0.2,0.4,0.125
37,main,random,104,10,0.1,0.2,0.9615384615384616
37,paper_mean,lgbm,104,10,0.3,0.4,0.3076923076923077
37,paper_mean,lgbm_no_fail,104,10,0.4,0.4,0.25
37,paper_mean,ens_mean,104,10,0.4,0.5,0.3269230769230769
37,paper_mean,ridge,104,10,0.5,0.8,0.17307692307692307
37,paper_mean,lgbm_process,104,10,0.5,0.6,0.18269230769230768
37,paper_mean,ridge_process,104,10,0.4,0.7,0.15384615384615385
37,paper_mean,ens_bonus,104,10,0.4,0.5,0.47115384615384615
37,paper_mean,knn,104,10,0.3,0.5,0.125
37,paper_mean,random,104,10,0.2,0.2,0.9615384615384616
37,unseen_only,lgbm,59,6,0.16666666666666666,0.16666666666666666,0.3389830508474576
37,unseen_only,lgbm_no_fail,59,6,0.3333333333333333,0.5,0.13559322033898305
37,unseen_only,ens_mean,59,6,0.16666666666666666,0.3333333333333333,0.288135593220339
37,unseen_only,ridge,59,6,0.5,0.5,0.03389830508474576
37,unseen_only,lgbm_process,59,6,0.3333333333333333,0.5,0.11864406779661017
37,unseen_only,ridge_process,59,6,0.16666666666666666,0.5,0.01694915254237288
37,unseen_only,ens_bonus,59,6,0.16666666666666666,0.3333333333333333,0.3728813559322034
37,unseen_only,knn,59,6,0.3333333333333333,0.3333333333333333,0.06779661016949153
37,unseen_only,random,59,6,0.0,0.16666666666666666,0.423728813559322
38,main,lgbm,89,9,0.3333333333333333,0.6666666666666666,0.2247191011235955
38,main,lgbm_no_fail,89,9,0.4444444444444444,0.6666666666666666,0.10112359550561797
38,main,ens_mean,89,9,0.3333333333333333,0.5555555555555556,0.25842696629213485
38,main,ridge,89,9,0.4444444444444444,0.5555555555555556,0.02247191011235955
38,main,lgbm_process,89,9,0.6666666666666666,0.6666666666666666,0.0898876404494382
38,main,ridge_process,89,9,0.4444444444444444,0.5555555555555556,0.011235955056179775
38,main,ens_bonus,89,9,0.3333333333333333,0.6666666666666666,0.24719101123595505
38,main,knn,89,9,0.4444444444444444,0.5555555555555556,0.056179775280898875
38,main,random,89,9,0.3333333333333333,0.3333333333333333,0.2808988764044944
38,paper_mean,lgbm,89,9,0.3333333333333333,0.7777777777777778,0.2247191011235955
38,paper_mean,lgbm_no_fail,89,9,0.4444444444444444,0.6666666666666666,0.10112359550561797
38,paper_mean,ens_mean,89,9,0.3333333333333333,0.6666666666666666,0.25842696629213485
38,paper_mean,ridge,89,9,0.4444444444444444,0.5555555555555556,0.02247191011235955
38,paper_mean,lgbm_process,89,9,0.6666666666666666,0.6666666666666666,0.0898876404494382
38,paper_mean,ridge_process,89,9,0.4444444444444444,0.5555555555555556,0.011235955056179775
38,paper_mean,ens_bonus,89,9,0.3333333333333333,0.7777777777777778,0.24719101123595505
38,paper_mean,knn,89,9,0.4444444444444444,0.5555555555555556,0.056179775280898875
38,paper_mean,random,89,9,0.3333333333333333,0.4444444444444444,0.2808988764044944
38,unseen_only,lgbm,43,4,0.25,0.25,0.27906976744186046
38,unseen_only,lgbm_no_fail,43,4,0.25,0.5,0.11627906976744186
38,unseen_only,ens_mean,43,4,0.25,0.25,0.3023255813953488
38,unseen_only,ridge,43,4,0.5,0.5,0.023255813953488372
38,unseen_only,lgbm_process,43,4,0.0,0.5,0.13953488372093023
38,unseen_only,ridge_process,43,4,0.25,0.5,0.023255813953488372
38,unseen_only,ens_bonus,43,4,0.25,0.25,0.32558139534883723
38,unseen_only,knn,43,4,0.5,0.5,0.09302325581395349
38,unseen_only,random,43,4,0.0,0.0,0.3023255813953488
39,main,lgbm,95,10,0.2,0.6,0.16842105263157894
39,main,lgbm_no_fail,95,10,0.3,0.6,0.10526315789473684
39,main,ens_mean,95,10,0.3,0.6,0.14736842105263157
39,main,ridge,95,10,0.6,0.8,0.021052631578947368
39,main,lgbm_process,95,10,0.4,0.6,0.10526315789473684
39,main,ridge_process,95,10,0.6,0.7,0.15789473684210525
39,main,ens_bonus,95,10,0.2,0.6,0.12631578947368421
39,main,knn,95,10,0.5,0.6,0.021052631578947368
39,main,random,95,10,0.1,0.1,0.5368421052631579
39,paper_mean,lgbm,95,10,0.2,0.6,0.16842105263157894
39,paper_mean,lgbm_no_fail,95,10,0.3,0.6,0.10526315789473684
39,paper_mean,ens_mean,95,10,0.3,0.6,0.14736842105263157
39,paper_mean,ridge,95,10,0.6,0.8,0.021052631578947368
39,paper_mean,lgbm_process,95,10,0.4,0.7,0.10526315789473684
39,paper_mean,ridge_process,95,10,0.6,0.7,0.15789473684210525
39,paper_mean,ens_bonus,95,10,0.2,0.6,0.12631578947368421
39,paper_mean,knn,95,10,0.5,0.6,0.021052631578947368
39,paper_mean,random,95,10,0.1,0.1,0.5368421052631579
39,unseen_only,lgbm,51,5,0.0,0.2,0.27450980392156865
39,unseen_only,lgbm_no_fail,51,5,0.2,0.6,0.1568627450980392
39,unseen_only,ens_mean,51,5,0.0,0.2,0.2549019607843137
39,unseen_only,ridge,51,5,0.8,1.0,0.0392156862745098
39,unseen_only,lgbm_process,51,5,0.2,0.8,0.1568627450980392
39,unseen_only,ridge_process,51,5,0.4,0.8,0.23529411764705882
39,unseen_only,ens_bonus,51,5,0.0,0.2,0.21568627450980393
39,unseen_only,knn,51,5,0.4,0.6,0.0392156862745098
39,unseen_only,random,51,5,0.0,0.0,0.6078431372549019
40,main,lgbm,98,10,0.3,0.6,0.09183673469387756
40,main,lgbm_no_fail,98,10,0.3,0.5,0.09183673469387756
40,main,ens_mean,98,10,0.3,0.5,0.10204081632653061
40,main,ridge,98,10,0.5,0.6,0.01020408163265306
40,main,lgbm_process,98,10,0.3,0.4,0.08163265306122448
40,main,ridge_process,98,10,0.3,0.5,0.15306122448979592
40,main,ens_bonus,98,10,0.3,0.5,0.10204081632653061
40,main,knn,98,10,0.3,0.5,0.02040816326530612
40,main,random,98,10,0.1,0.2,0.6836734693877551
40,paper_mean,lgbm,98,10,0.3,0.5,0.09183673469387756
40,paper_mean,lgbm_no_fail,98,10,0.3,0.5,0.09183673469387756
40,paper_mean,ens_mean,98,10,0.3,0.5,0.10204081632653061
40,paper_mean,ridge,98,10,0.5,0.6,0.01020408163265306
40,paper_mean,lgbm_process,98,10,0.4,0.5,0.08163265306122448
40,paper_mean,ridge_process,98,10,0.3,0.5,0.15306122448979592
40,paper_mean,ens_bonus,98,10,0.3,0.6,0.10204081632653061
40,paper_mean,knn,98,10,0.3,0.5,0.02040816326530612
40,paper_mean,random,98,10,0.1,0.2,0.6836734693877551
40,unseen_only,lgbm,54,5,0.4,0.6,0.09259259259259259
40,unseen_only,lgbm_no_fail,54,5,0.4,0.6,0.09259259259259259
40,unseen_only,ens_mean,54,5,0.2,0.6,0.1111111111111111
40,unseen_only,ridge,54,5,0.6,0.8,0.018518518518518517
40,unseen_only,lgbm_process,54,5,0.2,0.6,0.09259259259259259
40,unseen_only,ridge_process,54,5,0.4,0.8,0.2037037037037037
40,unseen_only,ens_bonus,54,5,0.2,0.6,0.1111111111111111
40,unseen_only,knn,54,5,0.4,0.4,0.037037037037037035
40,unseen_only,random,54,5,0.2,0.4,0.6851851851851852
41,main,lgbm,95,10,0.1,0.1,0.22105263157894736
41,main,lgbm_no_fail,95,10,0.1,0.2,0.11578947368421053
41,main,ens_mean,95,10,0.1,0.1,0.2736842105263158
41,main,ridge,95,10,0.3,0.4,0.021052631578947368
41,main,lgbm_process,95,10,0.2,0.3,0.09473684210526316
41,main,ridge_process,95,10,0.3,0.4,0.010526315789473684
41,main,ens_bonus,95,10,0.0,0.2,0.2631578947368421
41,main,knn,95,10,0.2,0.2,0.05263157894736842
41,main,random,95,10,0.0,0.2,0.2
41,paper_mean,lgbm,95,10,0.1,0.1,0.22105263157894736
41,paper_mean,lgbm_no_fail,95,10,0.1,0.2,0.11578947368421053
41,paper_mean,ens_mean,95,10,0.1,0.1,0.2736842105263158
41,paper_mean,ridge,95,10,0.3,0.4,0.021052631578947368
41,paper_mean,lgbm_process,95,10,0.2,0.3,0.09473684210526316
41,paper_mean,ridge_process,95,10,0.3,0.4,0.010526315789473684
41,paper_mean,ens_bonus,95,10,0.0,0.2,0.2631578947368421
41,paper_mean,knn,95,10,0.2,0.2,0.05263157894736842
41,paper_mean,random,95,10,0.0,0.2,0.2
41,unseen_only,lgbm,53,5,0.2,0.2,0.3018867924528302
41,unseen_only,lgbm_no_fail,53,5,0.2,0.4,0.16981132075471697
41,unseen_only,ens_mean,53,5,0.0,0.2,0.33962264150943394
41,unseen_only,ridge,53,5,0.6,0.6,0.03773584905660377
41,unseen_only,lgbm_process,53,5,0.2,0.4,0.1320754716981132
41,unseen_only,ridge_process,53,5,0.2,0.4,0.018867924528301886
41,unseen_only,ens_bonus,53,5,0.0,0.2,0.3584905660377358
41,unseen_only,knn,53,5,0.4,0.4,0.07547169811320754
41,unseen_only,random,53,5,0.0,0.2,0.2641509433962264
42,main,lgbm,108,11,0.36363636363636365,0.5454545454545454,0.24074074074074073
42,main,lgbm_no_fail,108,11,0.36363636363636365,0.45454545454545453,0.1111111111111111
42,main,ens_mean,108,11,0.36363636363636365,0.45454545454545453,0.24074074074074073
42,main,ridge,108,11,0.45454545454545453,0.45454545454545453,0.018518518518518517
42,main,lgbm_process,108,11,0.2727272727272727,0.5454545454545454,0.1111111111111111
42,main,ridge_process,108,11,0.2727272727272727,0.36363636363636365,0.018518518518518517
42,main,ens_bonus,108,11,0.36363636363636365,0.6363636363636364,0.2962962962962963
42,main,knn,108,11,0.18181818181818182,0.2727272727272727,0.06481481481481481
42,main,random,108,11,0.2727272727272727,0.36363636363636365,0.05555555555555555
42,paper_mean,lgbm,108,11,0.36363636363636365,0.5454545454545454,0.24074074074074073
42,paper_mean,lgbm_no_fail,108,11,0.36363636363636365,0.45454545454545453,0.1111111111111111
42,paper_mean,ens_mean,108,11,0.36363636363636365,0.45454545454545453,0.24074074074074073
42,paper_mean,ridge,108,11,0.45454545454545453,0.5454545454545454,0.018518518518518517
42,paper_mean,lgbm_process,108,11,0.2727272727272727,0.5454545454545454,0.1111111111111111
42,paper_mean,ridge_process,108,11,0.36363636363636365,0.45454545454545453,0.018518518518518517
42,paper_mean,ens_bonus,108,11,0.36363636363636365,0.7272727272727273,0.2962962962962963
42,paper_mean,knn,108,11,0.18181818181818182,0.2727272727272727,0.06481481481481481
42,paper_mean,random,108,11,0.36363636363636365,0.5454545454545454,0.05555555555555555
42,unseen_only,lgbm,59,6,0.3333333333333333,0.3333333333333333,0.288135593220339
42,unseen_only,lgbm_no_fail,59,6,0.3333333333333333,0.5,0.11864406779661017
42,unseen_only,ens_mean,59,6,0.3333333333333333,0.3333333333333333,0.3050847457627119
42,unseen_only,ridge,59,6,0.3333333333333333,0.5,0.03389830508474576
42,unseen_only,lgbm_process,59,6,0.3333333333333333,0.6666666666666666,0.15254237288135594
42,unseen_only,ridge_process,59,6,0.3333333333333333,0.3333333333333333,0.03389830508474576
42,unseen_only,ens_bonus,59,6,0.3333333333333333,0.5,0.4067796610169492
42,unseen_only,knn,59,6,0.3333333333333333,0.5,0.1016949152542373
42,unseen_only,random,59,6,0.3333333333333333,0.5,0.06779661016949153
43,main,lgbm,94,9,0.2222222222222222,0.2222222222222222,0.031914893617021274
43,main,lgbm_no_fail,94,9,0.3333333333333333,0.4444444444444444,0.0425531914893617
43,main,ens_mean,94,9,0.2222222222222222,0.3333333333333333,0.031914893617021274
43,main,ridge,94,9,0.2222222222222222,0.3333333333333333,0.031914893617021274
43,main,lgbm_process,94,9,0.2222222222222222,0.5555555555555556,0.05319148936170213
43,main,ridge_process,94,9,0.1111111111111111,0.3333333333333333,0.13829787234042554
43,main,ens_bonus,94,9,0.2222222222222222,0.3333333333333333,0.0425531914893617
43,main,knn,94,9,0.2222222222222222,0.4444444444444444,0.11702127659574468
43,main,random,94,9,0.0,0.1111111111111111,0.7127659574468085
43,paper_mean,lgbm,94,9,0.3333333333333333,0.4444444444444444,0.031914893617021274
43,paper_mean,lgbm_no_fail,94,9,0.4444444444444444,0.6666666666666666,0.0425531914893617
43,paper_mean,ens_mean,94,9,0.4444444444444444,0.6666666666666666,0.031914893617021274
43,paper_mean,ridge,94,9,0.3333333333333333,0.5555555555555556,0.031914893617021274
43,paper_mean,lgbm_process,94,9,0.4444444444444444,0.6666666666666666,0.05319148936170213
43,paper_mean,ridge_process,94,9,0.2222222222222222,0.5555555555555556,0.13829787234042554
43,paper_mean,ens_bonus,94,9,0.4444444444444444,0.6666666666666666,0.0425531914893617
43,paper_mean,knn,94,9,0.4444444444444444,0.6666666666666666,0.11702127659574468
43,paper_mean,random,94,9,0.1111111111111111,0.1111111111111111,0.7127659574468085
43,unseen_only,lgbm,48,5,0.4,0.4,0.041666666666666664
43,unseen_only,lgbm_no_fail,48,5,0.4,0.6,0.041666666666666664
43,unseen_only,ens_mean,48,5,0.4,0.4,0.041666666666666664
43,unseen_only,ridge,48,5,0.4,0.6,0.0625
43,unseen_only,lgbm_process,48,5,0.2,0.6,0.041666666666666664
43,unseen_only,ridge_process,48,5,0.2,0.6,0.1875
43,unseen_only,ens_bonus,48,5,0.4,0.4,0.041666666666666664
43,unseen_only,knn,48,5,0.4,0.6,0.16666666666666666
43,unseen_only,random,48,5,0.0,0.0,0.6875
44,main,lgbm,93,9,0.2222222222222222,0.2222222222222222,0.03225806451612903
44,main,lgbm_no_fail,93,9,0.2222222222222222,0.4444444444444444,0.010752688172043012
44,main,ens_mean,93,9,0.1111111111111111,0.4444444444444444,0.053763440860215055
44,main,ridge,93,9,0.4444444444444444,0.5555555555555556,0.07526881720430108
44,main,lgbm_process,93,9,0.4444444444444444,0.5555555555555556,0.0967741935483871
44,main,ridge_process,93,9,0.5555555555555556,0.6666666666666666,0.15053763440860216
44,main,ens_bonus,93,9,0.2222222222222222,0.4444444444444444,0.053763440860215055
44,main,knn,93,9,0.3333333333333333,0.4444444444444444,0.010752688172043012
44,main,random,93,9,0.0,0.1111111111111111,0.3333333333333333
44,paper_mean,lgbm,93,9,0.2222222222222222,0.2222222222222222,0.03225806451612903
44,paper_mean,lgbm_no_fail,93,9,0.2222222222222222,0.4444444444444444,0.010752688172043012
44,paper_mean,ens_mean,93,9,0.1111111111111111,0.4444444444444444,0.053763440860215055
44,paper_mean,ridge,93,9,0.4444444444444444,0.5555555555555556,0.07526881720430108
44,paper_mean,lgbm_process,93,9,0.4444444444444444,0.5555555555555556,0.0967741935483871
44,paper_mean,ridge_process,93,9,0.5555555555555556,0.6666666666666666,0.15053763440860216
44,paper_mean,ens_bonus,93,9,0.2222222222222222,0.4444444444444444,0.053763440860215055
44,paper_mean,knn,93,9,0.3333333333333333,0.4444444444444444,0.010752688172043012
44,paper_mean,random,93,9,0.0,0.1111111111111111,0.3333333333333333
44,unseen_only,lgbm,44,4,0.25,0.25,0.06818181818181818
44,unseen_only,lgbm_no_fail,44,4,0.25,0.25,0.022727272727272728
44,unseen_only,ens_mean,44,4,0.25,0.25,0.09090909090909091
44,unseen_only,ridge,44,4,0.5,1.0,0.1590909090909091
44,unseen_only,lgbm_process,44,4,0.0,0.5,0.1590909090909091
44,unseen_only,ridge_process,44,4,0.25,0.75,0.25
44,unseen_only,ens_bonus,44,4,0.25,0.25,0.09090909090909091
44,unseen_only,knn,44,4,0.25,0.5,0.022727272727272728
44,unseen_only,random,44,4,0.0,0.0,0.3181818181818182
45,main,lgbm,93,9,0.2222222222222222,0.3333333333333333,0.0967741935483871
45,main,lgbm_no_fail,93,9,0.2222222222222222,0.3333333333333333,0.06451612903225806
45,main,ens_mean,93,9,0.3333333333333333,0.4444444444444444,0.07526881720430108
45,main,ridge,93,9,0.2222222222222222,0.5555555555555556,0.010752688172043012
45,main,lgbm_process,93,9,0.3333333333333333,0.4444444444444444,0.08602150537634409
45,main,ridge_process,93,9,0.4444444444444444,0.5555555555555556,0.12903225806451613
45,main,ens_bonus,93,9,0.2222222222222222,0.4444444444444444,0.08602150537634409
45,main,knn,93,9,0.2222222222222222,0.2222222222222222,0.010752688172043012
45,main,random,93,9,0.1111111111111111,0.1111111111111111,0.3548387096774194
45,paper_mean,lgbm,93,9,0.2222222222222222,0.3333333333333333,0.0967741935483871
45,paper_mean,lgbm_no_fail,93,9,0.2222222222222222,0.3333333333333333,0.06451612903225806
45,paper_mean,ens_mean,93,9,0.3333333333333333,0.4444444444444444,0.07526881720430108
45,paper_mean,ridge,93,9,0.2222222222222222,0.5555555555555556,0.010752688172043012
45,paper_mean,lgbm_process,93,9,0.3333333333333333,0.3333333333333333,0.08602150537634409
45,paper_mean,ridge_process,93,9,0.4444444444444444,0.5555555555555556,0.12903225806451613
45,paper_mean,ens_bonus,93,9,0.2222222222222222,0.4444444444444444,0.08602150537634409
45,paper_mean,knn,93,9,0.2222222222222222,0.2222222222222222,0.010752688172043012
45,paper_mean,random,93,9,0.1111111111111111,0.2222222222222222,0.3548387096774194
45,unseen_only,lgbm,49,5,0.0,0.2,0.14285714285714285
45,unseen_only,lgbm_no_fail,49,5,0.2,0.4,0.08163265306122448
45,unseen_only,ens_mean,49,5,0.0,0.4,0.12244897959183673
45,unseen_only,ridge,49,5,0.4,0.6,0.02040816326530612
45,unseen_only,lgbm_process,49,5,0.2,0.4,0.12244897959183673
45,unseen_only,ridge_process,49,5,0.6,0.8,0.1836734693877551
45,unseen_only,ens_bonus,49,5,0.2,0.4,0.14285714285714285
45,unseen_only,knn,49,5,0.4,0.4,0.02040816326530612
45,unseen_only,random,49,5,0.0,0.0,0.3469387755102041
46,main,lgbm,104,10,0.2,0.4,0.10576923076923077
46,main,lgbm_no_fail,104,10,0.2,0.3,0.22115384615384615
46,main,ens_mean,104,10,0.2,0.3,0.28846153846153844
46,main,ridge,104,10,0.2,0.4,0.49038461538461536
46,main,lgbm_process,104,10,0.2,0.5,0.8846153846153846
46,main,ridge_process,104,10,0.1,0.4,0.6538461538461539
46,main,ens_bonus,104,10,0.2,0.4,0.36538461538461536
46,main,knn,104,10,0.2,0.3,0.8365384615384616
46,main,random,104,10,0.0,0.3,0.6538461538461539
46,paper_mean,lgbm,104,10,0.3,0.5,0.10576923076923077
46,paper_mean,lgbm_no_fail,104,10,0.3,0.4,0.22115384615384615
46,paper_mean,ens_mean,104,10,0.3,0.4,0.28846153846153844
46,paper_mean,ridge,104,10,0.2,0.4,0.49038461538461536
46,paper_mean,lgbm_process,104,10,0.3,0.7,0.8846153846153846
46,paper_mean,ridge_process,104,10,0.2,0.4,0.6538461538461539
46,paper_mean,ens_bonus,104,10,0.3,0.5,0.36538461538461536
46,paper_mean,knn,104,10,0.3,0.4,0.8365384615384616
46,paper_mean,random,104,10,0.0,0.3,0.6538461538461539
46,unseen_only,lgbm,57,6,0.16666666666666666,0.3333333333333333,0.12280701754385964
46,unseen_only,lgbm_no_fail,57,6,0.16666666666666666,0.16666666666666666,0.2807017543859649
46,unseen_only,ens_mean,57,6,0.16666666666666666,0.3333333333333333,0.40350877192982454
46,unseen_only,ridge,57,6,0.16666666666666666,0.3333333333333333,0.6140350877192983
46,unseen_only,lgbm_process,57,6,0.3333333333333333,0.5,0.9649122807017544
46,unseen_only,ridge_process,57,6,0.16666666666666666,0.3333333333333333,0.7719298245614035
46,unseen_only,ens_bonus,57,6,0.16666666666666666,0.3333333333333333,0.5087719298245614
46,unseen_only,knn,57,6,0.3333333333333333,0.3333333333333333,0.8421052631578947
46,unseen_only,random,57,6,0.0,0.16666666666666666,0.631578947368421
47,main,lgbm,93,9,0.2222222222222222,0.5555555555555556,0.03225806451612903
47,main,lgbm_no_fail,93,9,0.3333333333333333,0.6666666666666666,0.03225806451612903
47,main,ens_mean,93,9,0.2222222222222222,0.4444444444444444,0.03225806451612903
47,main,ridge,93,9,0.5555555555555556,0.6666666666666666,0.07526881720430108
47,main,lgbm_process,93,9,0.3333333333333333,0.6666666666666666,0.06451612903225806
47,main,ridge_process,93,9,0.3333333333333333,0.6666666666666666,0.1827956989247312
47,main,ens_bonus,93,9,0.1111111111111111,0.5555555555555556,0.06451612903225806
47,main,knn,93,9,0.4444444444444444,0.6666666666666666,0.13978494623655913
47,main,random,93,9,0.0,0.0,0.34408602150537637
47,paper_mean,lgbm,93,9,0.2222222222222222,0.6666666666666666,0.03225806451612903
47,paper_mean,lgbm_no_fail,93,9,0.3333333333333333,0.6666666666666666,0.03225806451612903
47,paper_mean,ens_mean,93,9,0.2222222222222222,0.5555555555555556,0.03225806451612903
47,paper_mean,ridge,93,9,0.5555555555555556,0.6666666666666666,0.07526881720430108
47,paper_mean,lgbm_process,93,9,0.4444444444444444,0.7777777777777778,0.06451612903225806
47,paper_mean,ridge_process,93,9,0.4444444444444444,0.7777777777777778,0.1827956989247312
47,paper_mean,ens_bonus,93,9,0.3333333333333333,0.6666666666666666,0.06451612903225806
47,paper_mean,knn,93,9,0.4444444444444444,0.7777777777777778,0.13978494623655913
47,paper_mean,random,93,9,0.0,0.0,0.34408602150537637
47,unseen_only,lgbm,48,5,0.2,0.6,0.041666666666666664
47,unseen_only,lgbm_no_fail,48,5,0.2,0.8,0.041666666666666664
47,unseen_only,ens_mean,48,5,0.2,0.6,0.0625
47,unseen_only,ridge,48,5,0.6,1.0,0.14583333333333334
47,unseen_only,lgbm_process,48,5,0.4,0.8,0.0625
47,unseen_only,ridge_process,48,5,0.6,0.6,0.2708333333333333
47,unseen_only,ens_bonus,48,5,0.2,0.4,0.08333333333333333
47,unseen_only,knn,48,5,0.6,0.8,0.20833333333333334
47,unseen_only,random,48,5,0.0,0.0,0.3958333333333333
48,main,lgbm,91,9,0.4444444444444444,0.5555555555555556,0.26373626373626374
48,main,lgbm_no_fail,91,9,0.3333333333333333,0.4444444444444444,0.25274725274725274
48,main,ens_mean,91,9,0.3333333333333333,0.5555555555555556,0.2857142857142857
48,main,ridge,91,9,0.4444444444444444,0.6666666666666666,0.16483516483516483
48,main,lgbm_process,91,9,0.3333333333333333,0.6666666666666666,0.1978021978021978
48,main,ridge_process,91,9,0.2222222222222222,0.5555555555555556,0.14285714285714285
48,main,ens_bonus,91,9,0.2222222222222222,0.5555555555555556,0.4175824175824176
48,main,knn,91,9,0.3333333333333333,0.6666666666666666,0.15384615384615385
48,main,random,91,9,0.1111111111111111,0.2222222222222222,0.5494505494505495
48,paper_mean,lgbm,91,9,0.4444444444444444,0.5555555555555556,0.26373626373626374
48,paper_mean,lgbm_no_fail,91,9,0.3333333333333333,0.4444444444444444,0.25274725274725274
48,paper_mean,ens_mean,91,9,0.3333333333333333,0.5555555555555556,0.2857142857142857
48,paper_mean,ridge,91,9,0.5555555555555556,0.6666666666666666,0.16483516483516483
48,paper_mean,lgbm_process,91,9,0.3333333333333333,0.6666666666666666,0.1978021978021978
48,paper_mean,ridge_process,91,9,0.3333333333333333,0.5555555555555556,0.14285714285714285
48,paper_mean,ens_bonus,91,9,0.2222222222222222,0.5555555555555556,0.4175824175824176
48,paper_mean,knn,91,9,0.3333333333333333,0.6666666666666666,0.15384615384615385
48,paper_mean,random,91,9,0.2222222222222222,0.2222222222222222,0.5494505494505495
48,unseen_only,lgbm,43,4,0.5,0.5,0.06976744186046512
48,unseen_only,lgbm_no_fail,43,4,0.5,0.75,0.09302325581395349
48,unseen_only,ens_mean,43,4,0.0,0.5,0.13953488372093023
48,unseen_only,ridge,43,4,0.5,0.75,0.023255813953488372
48,unseen_only,lgbm_process,43,4,0.25,0.75,0.09302325581395349
48,unseen_only,ridge_process,43,4,0.25,0.75,0.023255813953488372
48,unseen_only,ens_bonus,43,4,0.0,0.75,0.13953488372093023
48,unseen_only,knn,43,4,0.5,0.5,0.23255813953488372
48,unseen_only,random,43,4,0.25,0.5,0.023255813953488372
49,main,lgbm,89,9,0.5555555555555556,0.5555555555555556,0.011235955056179775
49,main,lgbm_no_fail,89,9,0.4444444444444444,0.4444444444444444,0.033707865168539325
49,main,ens_mean,89,9,0.4444444444444444,0.5555555555555556,0.02247191011235955
49,main,ridge,89,9,0.5555555555555556,0.6666666666666666,0.033707865168539325
49,main,lgbm_process,89,9,0.4444444444444444,0.5555555555555556,0.0449438202247191
49,main,ridge_process,89,9,0.3333333333333333,0.5555555555555556,0.12359550561797752
49,main,ens_bonus,89,9,0.3333333333333333,0.5555555555555556,0.033707865168539325
49,main,knn,89,9,0.3333333333333333,0.3333333333333333,0.10112359550561797
49,main,random,89,9,0.2222222222222222,0.3333333333333333,0.7415730337078652
49,paper_mean,lgbm,89,9,0.5555555555555556,0.5555555555555556,0.011235955056179775
49,paper_mean,lgbm_no_fail,89,9,0.4444444444444444,0.4444444444444444,0.033707865168539325
49,paper_mean,ens_mean,89,9,0.4444444444444444,0.5555555555555556,0.02247191011235955
49,paper_mean,ridge,89,9,0.5555555555555556,0.6666666666666666,0.033707865168539325
49,paper_mean,lgbm_process,89,9,0.4444444444444444,0.5555555555555556,0.0449438202247191
49,paper_mean,ridge_process,89,9,0.3333333333333333,0.5555555555555556,0.12359550561797752
49,paper_mean,ens_bonus,89,9,0.3333333333333333,0.5555555555555556,0.033707865168539325
49,paper_mean,knn,89,9,0.3333333333333333,0.3333333333333333,0.10112359550561797
49,paper_mean,random,89,9,0.2222222222222222,0.3333333333333333,0.7415730337078652
49,unseen_only,lgbm,43,4,0.75,0.75,0.023255813953488372
49,unseen_only,lgbm_no_fail,43,4,0.75,0.75,0.046511627906976744
49,unseen_only,ens_mean,43,4,0.75,0.75,0.046511627906976744
49,unseen_only,ridge,43,4,0.75,1.0,0.06976744186046512
49,unseen_only,lgbm_process,43,4,0.5,0.75,0.046511627906976744
49,unseen_only,ridge_process,43,4,0.5,1.0,0.18604651162790697
49,unseen_only,ens_bonus,43,4,0.5,0.75,0.046511627906976744
49,unseen_only,knn,43,4,0.5,0.75,0.16279069767441862
49,unseen_only,random,43,4,0.25,0.25,0.7209302325581395
50,main,lgbm,96,10,0.0,0.2,0.125
50,main,lgbm_no_fail,96,10,0.1,0.3,0.08333333333333333
50,main,ens_mean,96,10,0.0,0.3,0.11458333333333333
50,main,ridge,96,10,0.3,0.4,0.010416666666666666
50,main,lgbm_process,96,10,0.4,0.6,0.08333333333333333
50,main,ridge_process,96,10,0.4,0.5,0.14583333333333334
50,main,ens_bonus,96,10,0.2,0.3,0.10416666666666667
50,main,knn,96,10,0.4,0.4,0.020833333333333332
50,main,random,96,10,0.1,0.2,0.041666666666666664
50,paper_mean,lgbm,96,10,0.0,0.2,0.125
50,paper_mean,lgbm_no_fail,96,10,0.1,0.3,0.08333333333333333
50,paper_mean,ens_mean,96,10,0.0,0.3,0.11458333333333333
50,paper_mean,ridge,96,10,0.3,0.5,0.010416666666666666
50,paper_mean,lgbm_process,96,10,0.4,0.5,0.08333333333333333
50,paper_mean,ridge_process,96,10,0.4,0.6,0.14583333333333334
50,paper_mean,ens_bonus,96,10,0.2,0.3,0.10416666666666667
50,paper_mean,knn,96,10,0.4,0.5,0.020833333333333332
50,paper_mean,random,96,10,0.1,0.3,0.041666666666666664
50,unseen_only,lgbm,50,5,0.0,0.4,0.16
50,unseen_only,lgbm_no_fail,50,5,0.2,0.4,0.08
50,unseen_only,ens_mean,50,5,0.0,0.4,0.16
50,unseen_only,ridge,50,5,0.6,0.6,0.02
50,unseen_only,lgbm_process,50,5,0.2,0.8,0.12
50,unseen_only,ridge_process,50,5,0.6,0.6,0.22
50,unseen_only,ens_bonus,50,5,0.0,0.4,0.16
50,unseen_only,knn,50,5,0.6,0.8,0.04
50,unseen_only,random,50,5,0.2,0.4,0.08
51,main,lgbm,100,10,0.2,0.3,0.02
51,main,lgbm_no_fail,100,10,0.2,0.2,0.01
51,main,ens_mean,100,10,0.1,0.2,0.02
51,main,ridge,100,10,0.3,0.3,0.05
51,main,lgbm_process,100,10,0.2,0.2,0.05
51,main,ridge_process,100,10,0.1,0.3,0.14
51,main,ens_bonus,100,10,0.1,0.2,0.03
51,main,knn,100,10,0.2,0.2,0.1
51,main,random,100,10,0.1,0.1,0.36
51,paper_mean,lgbm,100,10,0.3,0.4,0.02
51,paper_mean,lgbm_no_fail,100,10,0.3,0.3,0.01
51,paper_mean,ens_mean,100,10,0.2,0.3,0.02
51,paper_mean,ridge,100,10,0.4,0.5,0.05
51,paper_mean,lgbm_process,100,10,0.3,0.3,0.05
51,paper_mean,ridge_process,100,10,0.3,0.5,0.14
51,paper_mean,ens_bonus,100,10,0.2,0.3,0.03
51,paper_mean,knn,100,10,0.2,0.2,0.1
51,paper_mean,random,100,10,0.2,0.2,0.36
51,unseen_only,lgbm,56,6,0.3333333333333333,0.5,0.03571428571428571
51,unseen_only,lgbm_no_fail,56,6,0.3333333333333333,0.3333333333333333,0.017857142857142856
51,unseen_only,ens_mean,56,6,0.16666666666666666,0.3333333333333333,0.03571428571428571
51,unseen_only,ridge,56,6,0.5,0.5,0.07142857142857142
51,unseen_only,lgbm_process,56,6,0.16666666666666666,0.3333333333333333,0.05357142857142857
51,unseen_only,ridge_process,56,6,0.16666666666666666,0.3333333333333333,0.19642857142857142
51,unseen_only,ens_bonus,56,6,0.16666666666666666,0.3333333333333333,0.03571428571428571
51,unseen_only,knn,56,6,0.16666666666666666,0.3333333333333333,0.14285714285714285
51,unseen_only,random,56,6,0.16666666666666666,0.16666666666666666,0.4107142857142857
52,main,lgbm,90,9,0.3333333333333333,0.6666666666666666,0.12222222222222222
52,main,lgbm_no_fail,90,9,0.3333333333333333,0.4444444444444444,0.07777777777777778
52,main,ens_mean,90,9,0.3333333333333333,0.5555555555555556,0.12222222222222222
52,main,ridge,90,9,0.4444444444444444,0.5555555555555556,0.011111111111111112
52,main,lgbm_process,90,9,0.2222222222222222,0.5555555555555556,0.08888888888888889
52,main,ridge_process,90,9,0.2222222222222222,0.4444444444444444,0.14444444444444443
52,main,ens_bonus,90,9,0.2222222222222222,0.5555555555555556,0.1111111111111111
52,main,knn,90,9,0.2222222222222222,0.2222222222222222,0.022222222222222223
52,main,random,90,9,0.1111111111111111,0.2222222222222222,0.2111111111111111
52,paper_mean,lgbm,90,9,0.3333333333333333,0.5555555555555556,0.12222222222222222
52,paper_mean,lgbm_no_fail,90,9,0.3333333333333333,0.4444444444444444,0.07777777777777778
52,paper_mean,ens_mean,90,9,0.3333333333333333,0.5555555555555556,0.12222222222222222
52,paper_mean,ridge,90,9,0.4444444444444444,0.6666666666666666,0.011111111111111112
52,paper_mean,lgbm_process,90,9,0.3333333333333333,0.6666666666666666,0.08888888888888889
52,paper_mean,ridge_process,90,9,0.2222222222222222,0.6666666666666666,0.14444444444444443
52,paper_mean,ens_bonus,90,9,0.2222222222222222,0.5555555555555556,0.1111111111111111
52,paper_mean,knn,90,9,0.3333333333333333,0.4444444444444444,0.022222222222222223
52,paper_mean,random,90,9,0.0,0.2222222222222222,0.2111111111111111
52,unseen_only,lgbm,46,5,0.2,0.8,0.15217391304347827
52,unseen_only,lgbm_no_fail,46,5,0.2,0.4,0.06521739130434782
52,unseen_only,ens_mean,46,5,0.2,0.6,0.15217391304347827
52,unseen_only,ridge,46,5,0.6,0.6,0.021739130434782608
52,unseen_only,lgbm_process,46,5,0.2,0.4,0.10869565217391304
52,unseen_only,ridge_process,46,5,0.2,0.4,0.1956521739130435
52,unseen_only,ens_bonus,46,5,0.0,0.4,0.13043478260869565
52,unseen_only,knn,46,5,0.4,0.4,0.043478260869565216
52,unseen_only,random,46,5,0.0,0.4,0.1956521739130435
53,main,lgbm,91,9,0.4444444444444444,0.4444444444444444,0.07692307692307693
53,main,lgbm_no_fail,91,9,0.3333333333333333,0.3333333333333333,0.08791208791208792
53,main,ens_mean,91,9,0.1111111111111111,0.3333333333333333,0.12087912087912088
53,main,ridge,91,9,0.3333333333333333,0.5555555555555556,0.01098901098901099
53,main,lgbm_process,91,9,0.2222222222222222,0.3333333333333333,0.08791208791208792
53,main,ridge_process,91,9,0.2222222222222222,0.4444444444444444,0.15384615384615385
53,main,ens_bonus,91,9,0.2222222222222222,0.2222222222222222,0.07692307692307693
53,main,knn,91,9,0.3333333333333333,0.3333333333333333,0.01098901098901099
53,main,random,91,9,0.0,0.1111111111111111,0.7582417582417582
53,paper_mean,lgbm,91,9,0.4444444444444444,0.4444444444444444,0.07692307692307693
53,paper_mean,lgbm_no_fail,91,9,0.2222222222222222,0.2222222222222222,0.08791208791208792
53,paper_mean,ens_mean,91,9,0.1111111111111111,0.4444444444444444,0.12087912087912088
53,paper_mean,ridge,91,9,0.3333333333333333,0.4444444444444444,0.01098901098901099
53,paper_mean,lgbm_process,91,9,0.1111111111111111,0.3333333333333333,0.08791208791208792
53,paper_mean,ridge_process,91,9,0.2222222222222222,0.4444444444444444,0.15384615384615385
53,paper_mean,ens_bonus,91,9,0.1111111111111111,0.3333333333333333,0.07692307692307693
53,paper_mean,knn,91,9,0.2222222222222222,0.2222222222222222,0.01098901098901099
53,paper_mean,random,91,9,0.0,0.2222222222222222,0.7582417582417582
53,unseen_only,lgbm,50,5,0.2,0.4,0.1
53,unseen_only,lgbm_no_fail,50,5,0.0,0.4,0.12
53,unseen_only,ens_mean,50,5,0.0,0.2,0.18
53,unseen_only,ridge,50,5,0.4,0.6,0.02
53,unseen_only,lgbm_process,50,5,0.0,0.4,0.12
53,unseen_only,ridge_process,50,5,0.2,0.4,0.22
53,unseen_only,ens_bonus,50,5,0.0,0.2,0.12
53,unseen_only,knn,50,5,0.4,0.4,0.02
53,unseen_only,random,50,5,0.0,0.0,0.76
54,main,lgbm,99,10,0.2,0.4,0.29292929292929293
54,main,lgbm_no_fail,99,10,0.2,0.4,0.25252525252525254
54,main,ens_mean,99,10,0.1,0.4,0.3434343434343434
54,main,ridge,99,10,0.3,0.5,0.18181818181818182
54,main,lgbm_process,99,10,0.3,0.5,0.26262626262626265
54,main,ridge_process,99,10,0.4,0.5,0.1919191919191919
54,main,ens_bonus,99,10,0.1,0.4,0.46464646464646464
54,main,knn,99,10,0.2,0.4,0.15151515151515152
54,main,random,99,10,0.1,0.1,0.8080808080808081
54,paper_mean,lgbm,99,10,0.2,0.3,0.29292929292929293
54,paper_mean,lgbm_no_fail,99,10,0.1,0.3,0.25252525252525254
54,paper_mean,ens_mean,99,10,0.1,0.3,0.3434343434343434
54,paper_mean,ridge,99,10,0.3,0.6,0.18181818181818182
54,paper_mean,lgbm_process,99,10,0.2,0.4,0.26262626262626265
54,paper_mean,ridge_process,99,10,0.5,0.6,0.1919191919191919
54,paper_mean,ens_bonus,99,10,0.1,0.3,0.46464646464646464
54,paper_mean,knn,99,10,0.2,0.4,0.15151515151515152
54,paper_mean,random,99,10,0.1,0.1,0.8080808080808081
54,unseen_only,lgbm,52,5,0.0,0.4,0.5384615384615384
54,unseen_only,lgbm_no_fail,52,5,0.0,0.2,0.5
54,unseen_only,ens_mean,52,5,0.0,0.2,0.4230769230769231
54,unseen_only,ridge,52,5,0.4,0.6,0.11538461538461539
54,unseen_only,lgbm_process,52,5,0.2,0.4,0.5961538461538461
54,unseen_only,ridge_process,52,5,0.4,0.6,0.15384615384615385
54,unseen_only,ens_bonus,52,5,0.0,0.2,0.36538461538461536
54,unseen_only,knn,52,5,0.2,0.4,0.75
54,unseen_only,random,52,5,0.0,0.0,0.3076923076923077
55,main,lgbm,92,9,0.3333333333333333,0.5555555555555556,0.010869565217391304
55,main,lgbm_no_fail,92,9,0.3333333333333333,0.4444444444444444,0.021739130434782608
55,main,ens_mean,92,9,0.3333333333333333,0.4444444444444444,0.010869565217391304
55,main,ridge,92,9,0.3333333333333333,0.4444444444444444,0.043478260869565216
55,main,lgbm_process,92,9,0.4444444444444444,0.6666666666666666,0.03260869565217391
55,main,ridge_process,92,9,0.2222222222222222,0.4444444444444444,0.11956521739130435
55,main,ens_bonus,92,9,0.3333333333333333,0.5555555555555556,0.021739130434782608
55,main,knn,92,9,0.3333333333333333,0.4444444444444444,0.10869565217391304
55,main,random,92,9,0.1111111111111111,0.2222222222222222,0.9021739130434783
55,paper_mean,lgbm,92,9,0.4444444444444444,0.5555555555555556,0.010869565217391304
55,paper_mean,lgbm_no_fail,92,9,0.4444444444444444,0.6666666666666666,0.021739130434782608
55,paper_mean,ens_mean,92,9,0.4444444444444444,0.6666666666666666,0.010869565217391304
55,paper_mean,ridge,92,9,0.4444444444444444,0.6666666666666666,0.043478260869565216
55,paper_mean,lgbm_process,92,9,0.6666666666666666,0.8888888888888888,0.03260869565217391
55,paper_mean,ridge_process,92,9,0.4444444444444444,0.6666666666666666,0.11956521739130435
55,paper_mean,ens_bonus,92,9,0.4444444444444444,0.7777777777777778,0.021739130434782608
55,paper_mean,knn,92,9,0.4444444444444444,0.5555555555555556,0.10869565217391304
55,paper_mean,random,92,9,0.1111111111111111,0.2222222222222222,0.9021739130434783
55,unseen_only,lgbm,50,5,0.2,0.4,0.02
55,unseen_only,lgbm_no_fail,50,5,0.4,0.6,0.02
55,unseen_only,ens_mean,50,5,0.2,0.4,0.02
55,unseen_only,ridge,50,5,0.6,0.6,0.08
55,unseen_only,lgbm_process,50,5,0.4,0.8,0.02
55,unseen_only,ridge_process,50,5,0.2,0.6,0.16
55,unseen_only,ens_bonus,50,5,0.2,0.4,0.02
55,unseen_only,knn,50,5,0.4,0.6,0.16
55,unseen_only,random,50,5,0.0,0.0,0.92
56,main,lgbm,100,10,0.4,0.4,0.05
56,main,lgbm_no_fail,100,10,0.3,0.3,0.05
56,main,ens_mean,100,10,0.4,0.4,0.05
56,main,ridge,100,10,0.4,0.6,0.01
56,main,lgbm_process,100,10,0.3,0.5,0.05
56,main,ridge_process,100,10,0.3,0.5,0.01
56,main,ens_bonus,100,10,0.4,0.6,0.07
56,main,knn,100,10,0.2,0.3,0.12
56,main,random,100,10,0.2,0.2,0.38
56,paper_mean,lgbm,100,10,0.4,0.5,0.05
56,paper_mean,lgbm_no_fail,100,10,0.3,0.4,0.05
56,paper_mean,ens_mean,100,10,0.5,0.5,0.05
56,paper_mean,ridge,100,10,0.4,0.7,0.01
56,paper_mean,lgbm_process,100,10,0.4,0.5,0.05
56,paper_mean,ridge_process,100,10,0.4,0.6,0.01
56,paper_mean,ens_bonus,100,10,0.5,0.8,0.07
56,paper_mean,knn,100,10,0.3,0.4,0.12
56,paper_mean,random,100,10,0.1,0.1,0.38
56,unseen_only,lgbm,55,6,0.5,0.5,0.05454545454545454
56,unseen_only,lgbm_no_fail,55,6,0.5,0.5,0.05454545454545454
56,unseen_only,ens_mean,55,6,0.3333333333333333,0.5,0.07272727272727272
56,unseen_only,ridge,55,6,0.3333333333333333,0.5,0.01818181818181818
56,unseen_only,lgbm_process,55,6,0.3333333333333333,0.5,0.05454545454545454
56,unseen_only,ridge_process,55,6,0.16666666666666666,0.6666666666666666,0.01818181818181818
56,unseen_only,ens_bonus,55,6,0.3333333333333333,0.5,0.10909090909090909
56,unseen_only,knn,55,6,0.3333333333333333,0.5,0.16363636363636364
56,unseen_only,random,55,6,0.16666666666666666,0.16666666666666666,0.38181818181818183
57,main,lgbm,82,8,0.25,0.375,0.024390243902439025
57,main,lgbm_no_fail,82,8,0.25,0.5,0.036585365853658534
57,main,ens_mean,82,8,0.25,0.375,0.036585365853658534
57,main,ridge,82,8,0.375,0.625,0.036585365853658534
57,main,lgbm_process,82,8,0.375,0.625,0.04878048780487805
57,main,ridge_process,82,8,0.375,0.625,0.13414634146341464
57,main,ens_bonus,82,8,0.375,0.375,0.036585365853658534
57,main,knn,82,8,0.375,0.5,0.10975609756097561
57,main,random,82,8,0.125,0.125,0.8048780487804879
57,paper_mean,lgbm,82,8,0.25,0.5,0.024390243902439025
57,paper_mean,lgbm_no_fail,82,8,0.25,0.5,0.036585365853658534
57,paper_mean,ens_mean,82,8,0.25,0.5,0.036585365853658534
57,paper_mean,ridge,82,8,0.5,0.75,0.036585365853658534
57,paper_mean,lgbm_process,82,8,0.375,0.625,0.04878048780487805
57,paper_mean,ridge_process,82,8,0.375,0.625,0.13414634146341464
57,paper_mean,ens_bonus,82,8,0.375,0.5,0.036585365853658534
57,paper_mean,knn,82,8,0.375,0.5,0.10975609756097561
57,paper_mean,random,82,8,0.125,0.125,0.8048780487804879
57,unseen_only,lgbm,41,4,0.5,0.5,0.04878048780487805
57,unseen_only,lgbm_no_fail,41,4,0.5,0.75,0.04878048780487805
57,unseen_only,ens_mean,41,4,0.5,0.5,0.04878048780487805
57,unseen_only,ridge,41,4,0.5,0.75,0.04878048780487805
57,unseen_only,lgbm_process,41,4,0.25,0.75,0.04878048780487805
57,unseen_only,ridge_process,41,4,0.25,0.75,0.1951219512195122
57,unseen_only,ens_bonus,41,4,0.25,0.5,0.04878048780487805
57,unseen_only,knn,41,4,0.5,0.75,0.17073170731707318
57,unseen_only,random,41,4,0.0,0.0,0.7317073170731707
58,main,lgbm,96,10,0.5,0.5,0.09375
58,main,lgbm_no_fail,96,10,0.4,0.5,0.07291666666666667
58,main,ens_mean,96,10,0.4,0.4,0.08333333333333333
58,main,ridge,96,10,0.4,0.4,0.010416666666666666
58,main,lgbm_process,96,10,0.4,0.6,0.09375
58,main,ridge_process,96,10,0.2,0.3,0.14583333333333334
58,main,ens_bonus,96,10,0.3,0.4,0.09375
58,main,knn,96,10,0.2,0.3,0.010416666666666666
58,main,random,96,10,0.2,0.4,0.9166666666666666
58,paper_mean,lgbm,96,10,0.5,0.5,0.09375
58,paper_mean,lgbm_no_fail,96,10,0.4,0.7,0.07291666666666667
58,paper_mean,ens_mean,96,10,0.4,0.6,0.08333333333333333
58,paper_mean,ridge,96,10,0.4,0.4,0.010416666666666666
58,paper_mean,lgbm_process,96,10,0.5,0.7,0.09375
58,paper_mean,ridge_process,96,10,0.3,0.4,0.14583333333333334
58,paper_mean,ens_bonus,96,10,0.4,0.6,0.09375
58,paper_mean,knn,96,10,0.3,0.5,0.010416666666666666
58,paper_mean,random,96,10,0.2,0.4,0.9166666666666666
58,unseen_only,lgbm,50,5,0.2,0.4,0.1
58,unseen_only,lgbm_no_fail,50,5,0.4,0.6,0.06
58,unseen_only,ens_mean,50,5,0.2,0.2,0.08
58,unseen_only,ridge,50,5,0.4,0.4,0.02
58,unseen_only,lgbm_process,50,5,0.2,0.6,0.12
58,unseen_only,ridge_process,50,5,0.2,0.4,0.2
58,unseen_only,ens_bonus,50,5,0.2,0.2,0.1
58,unseen_only,knn,50,5,0.4,0.4,0.02
58,unseen_only,random,50,5,0.2,0.2,0.88
59,main,lgbm,89,9,0.4444444444444444,0.5555555555555556,0.10112359550561797
59,main,lgbm_no_fail,89,9,0.4444444444444444,0.4444444444444444,0.10112359550561797
59,main,ens_mean,89,9,0.2222222222222222,0.5555555555555556,0.1348314606741573
59,main,ridge,89,9,0.2222222222222222,0.3333333333333333,0.011235955056179775
59,main,lgbm_process,89,9,0.4444444444444444,0.6666666666666666,0.0898876404494382
59,main,ridge_process,89,9,0.2222222222222222,0.3333333333333333,0.11235955056179775
59,main,ens_bonus,89,9,0.3333333333333333,0.6666666666666666,0.12359550561797752
59,main,knn,89,9,0.3333333333333333,0.4444444444444444,0.011235955056179775
59,main,random,89,9,0.0,0.0,0.4157303370786517
59,paper_mean,lgbm,89,9,0.3333333333333333,0.4444444444444444,0.10112359550561797
59,paper_mean,lgbm_no_fail,89,9,0.3333333333333333,0.3333333333333333,0.10112359550561797
59,paper_mean,ens_mean,89,9,0.2222222222222222,0.4444444444444444,0.1348314606741573
59,paper_mean,ridge,89,9,0.3333333333333333,0.4444444444444444,0.011235955056179775
59,paper_mean,lgbm_process,89,9,0.4444444444444444,0.5555555555555556,0.0898876404494382
59,paper_mean,ridge_process,89,9,0.2222222222222222,0.4444444444444444,0.11235955056179775
59,paper_mean,ens_bonus,89,9,0.3333333333333333,0.5555555555555556,0.12359550561797752
59,paper_mean,knn,89,9,0.3333333333333333,0.4444444444444444,0.011235955056179775
59,paper_mean,random,89,9,0.0,0.0,0.4157303370786517
59,unseen_only,lgbm,43,4,0.25,0.75,0.13953488372093023
59,unseen_only,lgbm_no_fail,43,4,0.5,0.75,0.13953488372093023
59,unseen_only,ens_mean,43,4,0.25,0.75,0.20930232558139536
59,unseen_only,ridge,43,4,0.25,0.5,0.023255813953488372
59,unseen_only,lgbm_process,43,4,0.5,0.75,0.13953488372093023
59,unseen_only,ridge_process,43,4,0.5,0.75,0.16279069767441862
59,unseen_only,ens_bonus,43,4,0.25,1.0,0.18604651162790697
59,unseen_only,knn,43,4,0.75,0.75,0.023255813953488372
59,unseen_only,random,43,4,0.0,0.0,0.37209302325581395
60,main,lgbm,101,10,0.2,0.2,0.06930693069306931
60,main,lgbm_no_fail,101,10,0.2,0.3,0.07920792079207921
60,main,ens_mean,101,10,0.1,0.3,0.0891089108910891
60,main,ridge,101,10,0.2,0.3,0.009900990099009901
60,main,lgbm_process,101,10,0.2,0.4,0.0594059405940594
60,main,ridge_process,101,10,0.1,0.3,0.009900990099009901
60,main,ens_bonus,101,10,0.1,0.3,0.09900990099009901
60,main,knn,101,10,0.1,0.3,0.1485148514851485
60,main,random,101,10,0.3,0.3,0.07920792079207921
60,paper_mean,lgbm,101,10,0.3,0.3,0.06930693069306931
60,paper_mean,lgbm_no_fail,101,10,0.3,0.4,0.07920792079207921
60,paper_mean,ens_mean,101,10,0.2,0.4,0.0891089108910891
60,paper_mean,ridge,101,10,0.2,0.5,0.009900990099009901
60,paper_mean,lgbm_process,101,10,0.3,0.5,0.0594059405940594
60,paper_mean,ridge_process,101,10,0.2,0.5,0.009900990099009901
60,paper_mean,ens_bonus,101,10,0.2,0.4,0.09900990099009901
60,paper_mean,knn,101,10,0.2,0.4,0.1485148514851485
60,paper_mean,random,101,10,0.2,0.2,0.07920792079207921
60,unseen_only,lgbm,56,6,0.3333333333333333,0.3333333333333333,0.07142857142857142
60,unseen_only,lgbm_no_fail,56,6,0.3333333333333333,0.5,0.08928571428571429
60,unseen_only,ens_mean,56,6,0.0,0.3333333333333333,0.125
60,unseen_only,ridge,56,6,0.3333333333333333,0.5,0.017857142857142856
60,unseen_only,lgbm_process,56,6,0.16666666666666666,0.5,0.05357142857142857
60,unseen_only,ridge_process,56,6,0.16666666666666666,0.3333333333333333,0.017857142857142856
60,unseen_only,ens_bonus,56,6,0.0,0.16666666666666666,0.125
60,unseen_only,knn,56,6,0.16666666666666666,0.3333333333333333,0.19642857142857142
60,unseen_only,random,56,6,0.3333333333333333,0.3333333333333333,0.07142857142857142
61,main,lgbm,99,10,0.4,0.6,0.32323232323232326
61,main,lgbm_no_fail,99,10,0.4,0.6,0.2828282828282828
61,main,ens_mean,99,10,0.3,0.5,0.3333333333333333
61,main,ridge,99,10,0.4,0.7,0.1717171717171717
61,main,lgbm_process,99,10,0.4,0.6,0.2222222222222222
61,main,ridge_process,99,10,0.3,0.7,0.1919191919191919
61,main,ens_bonus,99,10,0.4,0.5,0.494949494949495
61,main,knn,99,10,0.5,0.7,0.15151515151515152
61,main,random,99,10,0.1,0.3,0.21212121212121213
61,paper_mean,lgbm,99,10,0.5,0.6,0.32323232323232326
61,paper_mean,lgbm_no_fail,99,10,0.5,0.6,0.2828282828282828
61,paper_mean,ens_mean,99,10,0.4,0.6,0.3333333333333333
61,paper_mean,ridge,99,10,0.3,0.8,0.1717171717171717
61,paper_mean,lgbm_process,99,10,0.5,0.6,0.2222222222222222
61,paper_mean,ridge_process,99,10,0.3,0.8,0.1919191919191919
61,paper_mean,ens_bonus,99,10,0.5,0.6,0.494949494949495
61,paper_mean,knn,99,10,0.6,0.7,0.15151515151515152
61,paper_mean,random,99,10,0.1,0.3,0.21212121212121213
61,unseen_only,lgbm,52,5,0.0,0.2,0.1346153846153846
61,unseen_only,lgbm_no_fail,52,5,0.2,0.4,0.09615384615384616
61,unseen_only,ens_mean,52,5,0.0,0.2,0.17307692307692307
61,unseen_only,ridge,52,5,0.4,0.4,0.019230769230769232
61,unseen_only,lgbm_process,52,5,0.0,0.4,0.11538461538461539
61,unseen_only,ridge_process,52,5,0.2,0.2,0.25
61,unseen_only,ens_bonus,52,5,0.0,0.2,0.1346153846153846
61,unseen_only,knn,52,5,0.4,0.4,0.038461538461538464
61,unseen_only,random,52,5,0.2,0.2,0.4230769230769231
62,main,lgbm,99,10,0.3,0.7,0.12121212121212122
62,main,lgbm_no_fail,99,10,0.4,0.5,0.09090909090909091
62,main,ens_mean,99,10,0.3,0.7,0.12121212121212122
62,main,ridge,99,10,0.4,0.6,0.020202020202020204
62,main,lgbm_process,99,10,0.4,0.7,0.10101010101010101
62,main,ridge_process,99,10,0.3,0.5,0.13131313131313133
62,main,ens_bonus,99,10,0.3,0.6,0.10101010101010101
62,main,knn,99,10,0.3,0.4,0.020202020202020204
62,main,random,99,10,0.3,0.4,0.010101010101010102
62,paper_mean,lgbm,99,10,0.3,0.7,0.12121212121212122
62,paper_mean,lgbm_no_fail,99,10,0.4,0.5,0.09090909090909091
62,paper_mean,ens_mean,99,10,0.3,0.7,0.12121212121212122
62,paper_mean,ridge,99,10,0.4,0.7,0.020202020202020204
62,paper_mean,lgbm_process,99,10,0.4,0.7,0.10101010101010101
62,paper_mean,ridge_process,99,10,0.3,0.6,0.13131313131313133
62,paper_mean,ens_bonus,99,10,0.3,0.6,0.10101010101010101
62,paper_mean,knn,99,10,0.3,0.5,0.020202020202020204
62,paper_mean,random,99,10,0.3,0.5,0.010101010101010102
62,unseen_only,lgbm,53,5,0.2,0.6,0.16981132075471697
62,unseen_only,lgbm_no_fail,53,5,0.2,0.4,0.11320754716981132
62,unseen_only,ens_mean,53,5,0.0,0.6,0.16981132075471697
62,unseen_only,ridge,53,5,0.6,0.8,0.03773584905660377
62,unseen_only,lgbm_process,53,5,0.2,0.6,0.1509433962264151
62,unseen_only,ridge_process,53,5,0.4,0.6,0.18867924528301888
62,unseen_only,ens_bonus,53,5,0.0,0.4,0.1509433962264151
62,unseen_only,knn,53,5,0.4,0.6,0.03773584905660377
62,unseen_only,random,53,5,0.2,0.4,0.018867924528301886
63,main,lgbm,96,10,0.4,0.6,0.07291666666666667
63,main,lgbm_no_fail,96,10,0.2,0.4,0.052083333333333336
63,main,ens_mean,96,10,0.2,0.6,0.11458333333333333
63,main,ridge,96,10,0.5,0.6,0.020833333333333332
63,main,lgbm_process,96,10,0.4,0.5,0.07291666666666667
63,main,ridge_process,96,10,0.4,0.5,0.14583333333333334
63,main,ens_bonus,96,10,0.2,0.5,0.15625
63,main,knn,96,10,0.4,0.4,0.020833333333333332
63,main,random,96,10,0.1,0.1,0.08333333333333333
63,paper_mean,lgbm,96,10,0.4,0.6,0.07291666666666667
63,paper_mean,lgbm_no_fail,96,10,0.2,0.5,0.052083333333333336
63,paper_mean,ens_mean,96,10,0.3,0.6,0.11458333333333333
63,paper_mean,ridge,96,10,0.5,0.6,0.020833333333333332
63,paper_mean,lgbm_process,96,10,0.4,0.5,0.07291666666666667
63,paper_mean,ridge_process,96,10,0.4,0.5,0.14583333333333334
63,paper_mean,ens_bonus,96,10,0.2,0.6,0.15625
63,paper_mean,knn,96,10,0.4,0.5,0.020833333333333332
63,paper_mean,random,96,10,0.1,0.1,0.08333333333333333
63,unseen_only,lgbm,50,5,0.2,0.6,0.1
63,unseen_only,lgbm_no_fail,50,5,0.2,0.6,0.06
63,unseen_only,ens_mean,50,5,0.0,0.6,0.16
63,unseen_only,ridge,50,5,0.8,0.8,0.04
63,unseen_only,lgbm_process,50,5,0.2,0.6,0.1
63,unseen_only,ridge_process,50,5,0.6,0.6,0.22
63,unseen_only,ens_bonus,50,5,0.2,0.6,0.24
63,unseen_only,knn,50,5,0.6,0.6,0.04
63,unseen_only,random,50,5,0.2,0.2,0.1
64,main,lgbm,109,11,0.18181818181818182,0.2727272727272727,0.13761467889908258
64,main,lgbm_no_fail,109,11,0.2727272727272727,0.45454545454545453,0.10091743119266056
64,main,ens_mean,109,11,0.18181818181818182,0.36363636363636365,0.11009174311926606
64,main,ridge,109,11,0.36363636363636365,0.5454545454545454,0.009174311926605505
64,main,lgbm_process,109,11,0.18181818181818182,0.45454545454545453,0.10091743119266056
64,main,ridge_process,109,11,0.2727272727272727,0.45454545454545453,0.1651376146788991
64,main,ens_bonus,109,11,0.2727272727272727,0.36363636363636365,0.09174311926605505
64,main,knn,109,11,0.2727272727272727,0.2727272727272727,0.01834862385321101
64,main,random,109,11,0.09090909090909091,0.2727272727272727,0.28440366972477066
64,paper_mean,lgbm,109,11,0.09090909090909091,0.36363636363636365,0.13761467889908258
64,paper_mean,lgbm_no_fail,109,11,0.18181818181818182,0.45454545454545453,0.10091743119266056
64,paper_mean,ens_mean,109,11,0.18181818181818182,0.45454545454545453,0.11009174311926606
64,paper_mean,ridge,109,11,0.45454545454545453,0.6363636363636364,0.009174311926605505
64,paper_mean,lgbm_process,109,11,0.2727272727272727,0.45454545454545453,0.10091743119266056
64,paper_mean,ridge_process,109,11,0.36363636363636365,0.5454545454545454,0.1651376146788991
64,paper_mean,ens_bonus,109,11,0.2727272727272727,0.45454545454545453,0.09174311926605505
64,paper_mean,knn,109,11,0.36363636363636365,0.36363636363636365,0.01834862385321101
64,paper_mean,random,109,11,0.2727272727272727,0.36363636363636365,0.28440366972477066
64,unseen_only,lgbm,60,6,0.0,0.16666666666666666,0.15
64,unseen_only,lgbm_no_fail,60,6,0.16666666666666666,0.5,0.1
64,unseen_only,ens_mean,60,6,0.0,0.16666666666666666,0.13333333333333333
64,unseen_only,ridge,60,6,0.5,0.6666666666666666,0.016666666666666666
64,unseen_only,lgbm_process,60,6,0.0,0.5,0.13333333333333333
64,unseen_only,ridge_process,60,6,0.3333333333333333,0.3333333333333333,0.23333333333333334
64,unseen_only,ens_bonus,60,6,0.0,0.16666666666666666,0.11666666666666667
64,unseen_only,knn,60,6,0.5,0.5,0.03333333333333333
64,unseen_only,random,60,6,0.16666666666666666,0.3333333333333333,0.3
65,main,lgbm,102,10,0.3,0.4,0.0392156862745098
65,main,lgbm_no_fail,102,10,0.3,0.4,0.0392156862745098
65,main,ens_mean,102,10,0.3,0.5,0.06862745098039216
65,main,ridge,102,10,0.2,0.5,0.049019607843137254
65,main,lgbm_process,102,10,0.3,0.6,0.08823529411764706
65,main,ridge_process,102,10,0.3,0.6,0.1568627450980392
65,main,ens_bonus,102,10,0.3,0.6,0.11764705882352941
65,main,knn,102,10,0.4,0.6,0.0196078431372549
65,main,random,102,10,0.0,0.1,0.9019607843137255
65,paper_mean,lgbm,102,10,0.3,0.5,0.0392156862745098
65,paper_mean,lgbm_no_fail,102,10,0.3,0.4,0.0392156862745098
65,paper_mean,ens_mean,102,10,0.4,0.6,0.06862745098039216
65,paper_mean,ridge,102,10,0.2,0.4,0.049019607843137254
65,paper_mean,lgbm_process,102,10,0.3,0.7,0.08823529411764706
65,paper_mean,ridge_process,102,10,0.3,0.6,0.1568627450980392
65,paper_mean,ens_bonus,102,10,0.4,0.7,0.11764705882352941
65,paper_mean,knn,102,10,0.4,0.5,0.0196078431372549
65,paper_mean,random,102,10,0.0,0.1,0.9019607843137255
65,unseen_only,lgbm,55,6,0.3333333333333333,0.3333333333333333,0.05454545454545454
65,unseen_only,lgbm_no_fail,55,6,0.3333333333333333,0.3333333333333333,0.05454545454545454
65,unseen_only,ens_mean,55,6,0.3333333333333333,0.3333333333333333,0.10909090909090909
65,unseen_only,ridge,55,6,0.3333333333333333,0.3333333333333333,0.07272727272727272
65,unseen_only,lgbm_process,55,6,0.0,0.5,0.12727272727272726
65,unseen_only,ridge_process,55,6,0.16666666666666666,0.16666666666666666,0.23636363636363636
65,unseen_only,ens_bonus,55,6,0.16666666666666666,0.3333333333333333,0.2
65,unseen_only,knn,55,6,0.3333333333333333,0.3333333333333333,0.03636363636363636
65,unseen_only,random,55,6,0.0,0.16666666666666666,0.8909090909090909
66,main,lgbm,97,10,0.2,0.4,0.1134020618556701
66,main,lgbm_no_fail,97,10,0.3,0.4,0.061855670103092786
66,main,ens_mean,97,10,0.2,0.4,0.12371134020618557
66,main,ridge,97,10,0.5,0.6,0.030927835051546393
66,main,lgbm_process,97,10,0.4,0.5,0.08247422680412371
66,main,ridge_process,97,10,0.3,0.5,0.15463917525773196
66,main,ens_bonus,97,10,0.2,0.4,0.16494845360824742
66,main,knn,97,10,0.3,0.3,0.020618556701030927
66,main,random,97,10,0.2,0.3,0.7525773195876289
66,paper_mean,lgbm,97,10,0.3,0.5,0.1134020618556701
66,paper_mean,lgbm_no_fail,97,10,0.4,0.5,0.061855670103092786
66,paper_mean,ens_mean,97,10,0.3,0.5,0.12371134020618557
66,paper_mean,ridge,97,10,0.6,0.7,0.030927835051546393
66,paper_mean,lgbm_process,97,10,0.5,0.6,0.08247422680412371
66,paper_mean,ridge_process,97,10,0.4,0.6,0.15463917525773196
66,paper_mean,ens_bonus,97,10,0.3,0.5,0.16494845360824742
66,paper_mean,knn,97,10,0.4,0.4,0.020618556701030927
66,paper_mean,random,97,10,0.2,0.3,0.7525773195876289
66,unseen_only,lgbm,50,5,0.2,0.6,0.16
66,unseen_only,lgbm_no_fail,50,5,0.4,0.6,0.08
66,unseen_only,ens_mean,50,5,0.2,0.6,0.16
66,unseen_only,ridge,50,5,0.4,0.6,0.06
66,unseen_only,lgbm_process,50,5,0.2,0.6,0.12
66,unseen_only,ridge_process,50,5,0.2,0.4,0.24
66,unseen_only,ens_bonus,50,5,0.2,0.4,0.22
66,unseen_only,knn,50,5,0.4,0.6,0.04
66,unseen_only,random,50,5,0.2,0.2,0.8
67,main,lgbm,95,10,0.2,0.3,0.8315789473684211
67,main,lgbm_no_fail,95,10,0.1,0.2,0.7684210526315789
67,main,ens_mean,95,10,0.2,0.3,0.8631578947368421
67,main,ridge,95,10,0.2,0.5,0.6
67,main,lgbm_process,95,10,0.1,0.1,0.45263157894736844
67,main,ridge_process,95,10,0.2,0.3,0.5368421052631579
67,main,ens_bonus,95,10,0.1,0.3,0.8631578947368421
67,main,knn,95,10,0.1,0.3,0.6421052631578947
67,main,random,95,10,0.2,0.3,0.15789473684210525
67,paper_mean,lgbm,95,10,0.3,0.5,0.8315789473684211
67,paper_mean,lgbm_no_fail,95,10,0.2,0.4,0.7684210526315789
67,paper_mean,ens_mean,95,10,0.3,0.5,0.8631578947368421
67,paper_mean,ridge,95,10,0.3,0.6,0.6
67,paper_mean,lgbm_process,95,10,0.3,0.3,0.45263157894736844
67,paper_mean,ridge_process,95,10,0.3,0.5,0.5368421052631579
67,paper_mean,ens_bonus,95,10,0.3,0.5,0.8631578947368421
67,paper_mean,knn,95,10,0.3,0.5,0.6421052631578947
67,paper_mean,random,95,10,0.3,0.5,0.15789473684210525
67,unseen_only,lgbm,50,5,0.2,0.2,0.96
67,unseen_only,lgbm_no_fail,50,5,0.0,0.0,0.88
67,unseen_only,ens_mean,50,5,0.0,0.2,0.96
67,unseen_only,ridge,50,5,0.2,0.4,0.78
67,unseen_only,lgbm_process,50,5,0.0,0.0,0.62
67,unseen_only,ridge_process,50,5,0.2,0.2,0.7
67,unseen_only,ens_bonus,50,5,0.0,0.2,0.96
67,unseen_only,knn,50,5,0.0,0.0,0.68
67,unseen_only,random,50,5,0.4,0.6,0.18
68,main,lgbm,96,10,0.3,0.4,0.010416666666666666
68,main,lgbm_no_fail,96,10,0.3,0.4,0.010416666666666666
68,main,ens_mean,96,10,0.3,0.5,0.010416666666666666
68,main,ridge,96,10,0.5,0.5,0.041666666666666664
68,main,lgbm_process,96,10,0.4,0.5,0.052083333333333336
68,main,ridge_process,96,10,0.3,0.5,0.13541666666666666
68,main,ens_bonus,96,10,0.4,0.5,0.020833333333333332
68,main,knn,96,10,0.2,0.3,0.09375
68,main,random,96,10,0.1,0.2,0.6354166666666666
68,paper_mean,lgbm,96,10,0.3,0.4,0.010416666666666666
68,paper_mean,lgbm_no_fail,96,10,0.3,0.4,0.010416666666666666
68,paper_mean,ens_mean,96,10,0.3,0.5,0.010416666666666666
68,paper_mean,ridge,96,10,0.5,0.5,0.041666666666666664
68,paper_mean,lgbm_process,96,10,0.4,0.5,0.052083333333333336
68,paper_mean,ridge_process,96,10,0.3,0.5,0.13541666666666666
68,paper_mean,ens_bonus,96,10,0.4,0.5,0.020833333333333332
68,paper_mean,knn,96,10,0.2,0.3,0.09375
68,paper_mean,random,96,10,0.1,0.2,0.6354166666666666
68,unseen_only,lgbm,51,5,0.4,0.6,0.0196078431372549
68,unseen_only,lgbm_no_fail,51,5,0.4,0.6,0.0196078431372549
68,unseen_only,ens_mean,51,5,0.4,0.6,0.0196078431372549
68,unseen_only,ridge,51,5,0.6,0.6,0.0784313725490196
68,unseen_only,lgbm_process,51,5,0.4,0.6,0.058823529411764705
68,unseen_only,ridge_process,51,5,0.2,0.4,0.19607843137254902
68,unseen_only,ens_bonus,51,5,0.4,0.6,0.0196078431372549
68,unseen_only,knn,51,5,0.2,0.6,0.13725490196078433
68,unseen_only,random,51,5,0.2,0.2,0.6078431372549019
69,main,lgbm,97,10,0.1,0.4,0.041237113402061855
69,main,lgbm_no_fail,97,10,0.3,0.4,0.020618556701030927
69,main,ens_mean,97,10,0.1,0.4,0.030927835051546393
69,main,ridge,97,10,0.3,0.5,0.061855670103092786
69,main,lgbm_process,97,10,0.3,0.5,0.061855670103092786
69,main,ridge_process,97,10,0.3,0.5,0.13402061855670103
69,main,ens_bonus,97,10,0.3,0.4,0.05154639175257732
69,main,knn,97,10,0.3,0.3,0.10309278350515463
69,main,random,97,10,0.1,0.2,0.9484536082474226
69,paper_mean,lgbm,97,10,0.2,0.5,0.041237113402061855
69,paper_mean,lgbm_no_fail,97,10,0.3,0.4,0.020618556701030927
69,paper_mean,ens_mean,97,10,0.2,0.5,0.030927835051546393
69,paper_mean,ridge,97,10,0.4,0.6,0.061855670103092786
69,paper_mean,lgbm_process,97,10,0.3,0.5,0.061855670103092786
69,paper_mean,ridge_process,97,10,0.3,0.5,0.13402061855670103
69,paper_mean,ens_bonus,97,10,0.3,0.5,0.05154639175257732
69,paper_mean,knn,97,10,0.3,0.3,0.10309278350515463
69,paper_mean,random,97,10,0.1,0.2,0.9484536082474226
69,unseen_only,lgbm,53,5,0.2,0.4,0.05660377358490566
69,unseen_only,lgbm_no_fail,53,5,0.4,0.6,0.018867924528301886
69,unseen_only,ens_mean,53,5,0.2,0.6,0.05660377358490566
69,unseen_only,ridge,53,5,0.4,0.6,0.07547169811320754
69,unseen_only,lgbm_process,53,5,0.2,0.6,0.05660377358490566
69,unseen_only,ridge_process,53,5,0.0,0.6,0.16981132075471697
69,unseen_only,ens_bonus,53,5,0.2,0.6,0.05660377358490566
69,unseen_only,knn,53,5,0.2,0.4,0.1320754716981132
69,unseen_only,random,53,5,0.0,0.2,0.9622641509433962
70,main,lgbm,98,10,0.2,0.4,0.05102040816326531
70,main,lgbm_no_fail,98,10,0.2,0.4,0.061224489795918366
70,main,ens_mean,98,10,0.2,0.3,0.07142857142857142
70,main,ridge,98,10,0.4,0.6,0.01020408163265306
70,main,lgbm_process,98,10,0.3,0.5,0.07142857142857142
70,main,ridge_process,98,10,0.5,0.6,0.14285714285714285
70,main,ens_bonus,98,10,0.2,0.5,0.07142857142857142
70,main,knn,98,10,0.4,0.4,0.02040816326530612
70,main,random,98,10,0.0,0.1,0.5612244897959183
70,paper_mean,lgbm,98,10,0.3,0.4,0.05102040816326531
70,paper_mean,lgbm_no_fail,98,10,0.2,0.4,0.061224489795918366
70,paper_mean,ens_mean,98,10,0.3,0.5,0.07142857142857142
70,paper_mean,ridge,98,10,0.4,0.6,0.01020408163265306
70,paper_mean,lgbm_process,98,10,0.3,0.6,0.07142857142857142
70,paper_mean,ridge_process,98,10,0.5,0.7,0.14285714285714285
70,paper_mean,ens_bonus,98,10,0.3,0.6,0.07142857142857142
70,paper_mean,knn,98,10,0.4,0.4,0.02040816326530612
70,paper_mean,random,98,10,0.0,0.1,0.5612244897959183
70,unseen_only,lgbm,53,5,0.2,0.2,0.05660377358490566
70,unseen_only,lgbm_no_fail,53,5,0.4,0.6,0.07547169811320754
70,unseen_only,ens_mean,53,5,0.2,0.4,0.09433962264150944
70,unseen_only,ridge,53,5,0.6,0.8,0.018867924528301886
70,unseen_only,lgbm_process,53,5,0.2,0.6,0.09433962264150944
70,unseen_only,ridge_process,53,5,0.4,0.8,0.20754716981132076
70,unseen_only,ens_bonus,53,5,0.2,0.4,0.09433962264150944
70,unseen_only,knn,53,5,0.4,0.6,0.03773584905660377
70,unseen_only,random,53,5,0.0,0.0,0.4716981132075472
71,main,lgbm,98,10,0.3,0.4,0.2755102040816326
71,main,lgbm_no_fail,98,10,0.3,0.6,0.11224489795918367
71,main,ens_mean,98,10,0.3,0.6,0.30612244897959184
71,main,ridge,98,10,0.5,0.6,0.030612244897959183
71,main,lgbm_process,98,10,0.4,0.5,0.10204081632653061
71,main,ridge_process,98,10,0.3,0.5,0.02040816326530612
71,main,ens_bonus,98,10,0.1,0.6,0.30612244897959184
71,main,knn,98,10,0.3,0.6,0.07142857142857142
71,main,random,98,10,0.1,0.2,0.3673469387755102
71,paper_mean,lgbm,98,10,0.3,0.4,0.2755102040816326
71,paper_mean,lgbm_no_fail,98,10,0.3,0.6,0.11224489795918367
71,paper_mean,ens_mean,98,10,0.3,0.6,0.30612244897959184
71,paper_mean,ridge,98,10,0.5,0.7,0.030612244897959183
71,paper_mean,lgbm_process,98,10,0.4,0.5,0.10204081632653061
71,paper_mean,ridge_process,98,10,0.4,0.6,0.02040816326530612
71,paper_mean,ens_bonus,98,10,0.1,0.6,0.30612244897959184
71,paper_mean,knn,98,10,0.3,0.6,0.07142857142857142
71,paper_mean,random,98,10,0.0,0.1,0.3673469387755102
71,unseen_only,lgbm,52,5,0.4,0.4,0.40384615384615385
71,unseen_only,lgbm_no_fail,52,5,0.4,0.6,0.15384615384615385
71,unseen_only,ens_mean,52,5,0.2,0.4,0.4423076923076923
71,unseen_only,ridge,52,5,0.6,1.0,0.057692307692307696
71,unseen_only,lgbm_process,52,5,0.2,0.8,0.15384615384615385
71,unseen_only,ridge_process,52,5,0.4,0.8,0.038461538461538464
71,unseen_only,ens_bonus,52,5,0.0,0.4,0.4423076923076923
71,unseen_only,knn,52,5,0.4,0.6,0.11538461538461539
71,unseen_only,random,52,5,0.0,0.0,0.3269230769230769
72,main,lgbm,97,10,0.3,0.4,0.31958762886597936
72,main,lgbm_no_fail,97,10,0.3,0.4,0.29896907216494845
72,main,ens_mean,97,10,0.2,0.4,0.3711340206185567
72,main,ridge,97,10,0.3,0.5,0.17525773195876287
72,main,lgbm_process,97,10,0.4,0.6,0.21649484536082475
72,main,ridge_process,97,10,0.4,0.6,0.18556701030927836
72,main,ens_bonus,97,10,0.3,0.5,0.4639175257731959
72,main,knn,97,10,0.5,0.6,0.15463917525773196
72,main,random,97,10,0.1,0.3,0.17525773195876287
72,paper_mean,lgbm,97,10,0.3,0.5,0.31958762886597936
72,paper_mean,lgbm_no_fail,97,10,0.3,0.4,0.29896907216494845
72,paper_mean,ens_mean,97,10,0.2,0.5,0.3711340206185567
72,paper_mean,ridge,97,10,0.4,0.5,0.17525773195876287
72,paper_mean,lgbm_process,97,10,0.4,0.6,0.21649484536082475
72,paper_mean,ridge_process,97,10,0.4,0.7,0.18556701030927836
72,paper_mean,ens_bonus,97,10,0.3,0.6,0.4639175257731959
72,paper_mean,knn,97,10,0.4,0.5,0.15463917525773196
72,paper_mean,random,97,10,0.1,0.4,0.17525773195876287
72,unseen_only,lgbm,52,5,0.0,0.2,0.1346153846153846
72,unseen_only,lgbm_no_fail,52,5,0.2,0.2,0.057692307692307696
72,unseen_only,ens_mean,52,5,0.0,0.2,0.19230769230769232
72,unseen_only,ridge,52,5,0.4,0.4,0.09615384615384616
72,unseen_only,lgbm_process,52,5,0.0,0.4,0.1346153846153846
72,unseen_only,ridge_process,52,5,0.2,0.2,0.21153846153846154
72,unseen_only,ens_bonus,52,5,0.0,0.0,0.2692307692307692
72,unseen_only,knn,52,5,0.4,0.4,0.038461538461538464
72,unseen_only,random,52,5,0.0,0.2,0.7307692307692307
73,main,lgbm,100,10,0.3,0.6,0.12
73,main,lgbm_no_fail,100,10,0.5,0.6,0.1
73,main,ens_mean,100,10,0.3,0.6,0.14
73,main,ridge,100,10,0.6,0.7,0.02
73,main,lgbm_process,100,10,0.3,0.6,0.11
73,main,ridge_process,100,10,0.4,0.6,0.18
73,main,ens_bonus,100,10,0.3,0.6,0.09
73,main,knn,100,10,0.3,0.4,0.02
73,main,random,100,10,0.0,0.1,0.86
73,paper_mean,lgbm,100,10,0.3,0.5,0.12
73,paper_mean,lgbm_no_fail,100,10,0.4,0.5,0.1
73,paper_mean,ens_mean,100,10,0.3,0.6,0.14
73,paper_mean,ridge,100,10,0.6,0.8,0.02
73,paper_mean,lgbm_process,100,10,0.4,0.6,0.11
73,paper_mean,ridge_process,100,10,0.6,0.8,0.18
73,paper_mean,ens_bonus,100,10,0.4,0.6,0.09
73,paper_mean,knn,100,10,0.4,0.5,0.02
73,paper_mean,random,100,10,0.0,0.1,0.86
73,unseen_only,lgbm,54,5,0.2,0.4,0.14814814814814814
73,unseen_only,lgbm_no_fail,54,5,0.2,0.6,0.1111111111111111
73,unseen_only,ens_mean,54,5,0.0,0.4,0.18518518518518517
73,unseen_only,ridge,54,5,0.6,1.0,0.037037037037037035
73,unseen_only,lgbm_process,54,5,0.2,0.6,0.14814814814814814
73,unseen_only,ridge_process,54,5,0.4,0.6,0.25925925925925924
73,unseen_only,ens_bonus,54,5,0.0,0.4,0.1111111111111111
73,unseen_only,knn,54,5,0.4,0.6,0.037037037037037035
73,unseen_only,random,54,5,0.0,0.0,0.8888888888888888
74,main,lgbm,94,9,0.2222222222222222,0.5555555555555556,0.4148936170212766
74,main,lgbm_no_fail,94,9,0.3333333333333333,0.4444444444444444,0.3617021276595745
74,main,ens_mean,94,9,0.2222222222222222,0.5555555555555556,0.23404255319148937
74,main,ridge,94,9,0.2222222222222222,0.3333333333333333,0.02127659574468085
74,main,lgbm_process,94,9,0.4444444444444444,0.5555555555555556,0.40425531914893614
74,main,ridge_process,94,9,0.3333333333333333,0.4444444444444444,0.06382978723404255
74,main,ens_bonus,94,9,0.3333333333333333,0.6666666666666666,0.20212765957446807
74,main,knn,94,9,0.2222222222222222,0.4444444444444444,0.7446808510638298
74,main,random,94,9,0.2222222222222222,0.2222222222222222,0.7021276595744681
74,paper_mean,lgbm,94,9,0.1111111111111111,0.3333333333333333,0.4148936170212766
74,paper_mean,lgbm_no_fail,94,9,0.2222222222222222,0.2222222222222222,0.3617021276595745
74,paper_mean,ens_mean,94,9,0.1111111111111111,0.4444444444444444,0.23404255319148937
74,paper_mean,ridge,94,9,0.2222222222222222,0.3333333333333333,0.02127659574468085
74,paper_mean,lgbm_process,94,9,0.3333333333333333,0.4444444444444444,0.40425531914893614
74,paper_mean,ridge_process,94,9,0.2222222222222222,0.4444444444444444,0.06382978723404255
74,paper_mean,ens_bonus,94,9,0.3333333333333333,0.5555555555555556,0.20212765957446807
74,paper_mean,knn,94,9,0.2222222222222222,0.4444444444444444,0.7446808510638298
74,paper_mean,random,94,9,0.1111111111111111,0.2222222222222222,0.7021276595744681
74,unseen_only,lgbm,50,5,0.2,0.2,0.5
74,unseen_only,lgbm_no_fail,50,5,0.2,0.2,0.46
74,unseen_only,ens_mean,50,5,0.2,0.2,0.34
74,unseen_only,ridge,50,5,0.2,0.4,0.04
74,unseen_only,lgbm_process,50,5,0.0,0.2,0.52
74,unseen_only,ridge_process,50,5,0.2,0.2,0.08
74,unseen_only,ens_bonus,50,5,0.2,0.2,0.34
74,unseen_only,knn,50,5,0.2,0.2,0.72
74,unseen_only,random,50,5,0.2,0.2,0.7
75,main,lgbm,94,9,0.3333333333333333,0.5555555555555556,0.031914893617021274
75,main,lgbm_no_fail,94,9,0.3333333333333333,0.5555555555555556,0.0425531914893617
75,main,ens_mean,94,9,0.2222222222222222,0.4444444444444444,0.031914893617021274
75,main,ridge,94,9,0.6666666666666666,0.6666666666666666,0.0851063829787234
75,main,lgbm_process,94,9,0.2222222222222222,0.6666666666666666,0.06382978723404255
75,main,ridge_process,94,9,0.3333333333333333,0.6666666666666666,0.1702127659574468
75,main,ens_bonus,94,9,0.1111111111111111,0.5555555555555556,0.0425531914893617
75,main,knn,94,9,0.3333333333333333,0.5555555555555556,0.13829787234042554
75,main,random,94,9,0.0,0.0,0.32978723404255317
75,paper_mean,lgbm,94,9,0.2222222222222222,0.3333333333333333,0.031914893617021274
75,paper_mean,lgbm_no_fail,94,9,0.2222222222222222,0.4444444444444444,0.0425531914893617
75,paper_mean,ens_mean,94,9,0.2222222222222222,0.3333333333333333,0.031914893617021274
75,paper_mean,ridge,94,9,0.5555555555555556,0.6666666666666666,0.0851063829787234
75,paper_mean,lgbm_process,94,9,0.2222222222222222,0.4444444444444444,0.06382978723404255
75,paper_mean,ridge_process,94,9,0.3333333333333333,0.7777777777777778,0.1702127659574468
75,paper_mean,ens_bonus,94,9,0.1111111111111111,0.3333333333333333,0.0425531914893617
75,paper_mean,knn,94,9,0.2222222222222222,0.5555555555555556,0.13829787234042554
75,paper_mean,random,94,9,0.0,0.0,0.32978723404255317
75,unseen_only,lgbm,49,5,0.4,0.6,0.04081632653061224
75,unseen_only,lgbm_no_fail,49,5,0.4,0.8,0.04081632653061224
75,unseen_only,ens_mean,49,5,0.4,0.6,0.04081632653061224
75,unseen_only,ridge,49,5,0.6,1.0,0.14285714285714285
75,unseen_only,lgbm_process,49,5,0.4,0.6,0.08163265306122448
75,unseen_only,ridge_process,49,5,0.4,0.6,0.2653061224489796
75,unseen_only,ens_bonus,49,5,0.2,0.6,0.061224489795918366
75,unseen_only,knn,49,5,0.2,0.4,0.22448979591836735
75,unseen_only,random,49,5,0.0,0.0,0.2857142857142857
76,main,lgbm,99,10,0.4,0.5,0.010101010101010102
76,main,lgbm_no_fail,99,10,0.4,0.5,0.010101010101010102
76,main,ens_mean,99,10,0.3,0.4,0.010101010101010102
76,main,ridge,99,10,0.4,0.7,0.06060606060606061
76,main,lgbm_process,99,10,0.4,0.6,0.050505050505050504
76,main,ridge_process,99,10,0.3,0.7,0.15151515151515152
76,main,ens_bonus,99,10,0.3,0.5,0.010101010101010102
76,main,knn,99,10,0.4,0.6,0.10101010101010101
76,main,random,99,10,0.1,0.1,0.494949494949495
76,paper_mean,lgbm,99,10,0.4,0.5,0.010101010101010102
76,paper_mean,lgbm_no_fail,99,10,0.4,0.5,0.010101010101010102
76,paper_mean,ens_mean,99,10,0.3,0.4,0.010101010101010102
76,paper_mean,ridge,99,10,0.4,0.7,0.06060606060606061
76,paper_mean,lgbm_process,99,10,0.4,0.6,0.050505050505050504
76,paper_mean,ridge_process,99,10,0.3,0.7,0.15151515151515152
76,paper_mean,ens_bonus,99,10,0.3,0.5,0.010101010101010102
76,paper_mean,knn,99,10,0.4,0.6,0.10101010101010101
76,paper_mean,random,99,10,0.1,0.1,0.494949494949495
76,unseen_only,lgbm,55,6,0.5,0.6666666666666666,0.01818181818181818
76,unseen_only,lgbm_no_fail,55,6,0.5,0.6666666666666666,0.01818181818181818
76,unseen_only,ens_mean,55,6,0.3333333333333333,0.6666666666666666,0.01818181818181818
76,unseen_only,ridge,55,6,0.6666666666666666,0.8333333333333334,0.10909090909090909
76,unseen_only,lgbm_process,55,6,0.5,0.8333333333333334,0.05454545454545454
76,unseen_only,ridge_process,55,6,0.3333333333333333,0.5,0.21818181818181817
76,unseen_only,ens_bonus,55,6,0.16666666666666666,0.6666666666666666,0.01818181818181818
76,unseen_only,knn,55,6,0.5,0.8333333333333334,0.14545454545454545
76,unseen_only,random,55,6,0.16666666666666666,0.16666666666666666,0.4727272727272727
77,main,lgbm,98,10,0.3,0.5,0.11224489795918367
77,main,lgbm_no_fail,98,10,0.3,0.5,0.08163265306122448
77,main,ens_mean,98,10,0.2,0.6,0.11224489795918367
77,main,ridge,98,10,0.6,0.6,0.02040816326530612
77,main,lgbm_process,98,10,0.3,0.5,0.09183673469387756
77,main,ridge_process,98,10,0.3,0.5,0.16326530612244897
77,main,ens_bonus,98,10,0.3,0.5,0.07142857142857142
77,main,knn,98,10,0.3,0.5,0.02040816326530612
77,main,random,98,10,0.1,0.2,0.3469387755102041
77,paper_mean,lgbm,98,10,0.3,0.5,0.11224489795918367
77,paper_mean,lgbm_no_fail,98,10,0.3,0.5,0.08163265306122448
77,paper_mean,ens_mean,98,10,0.2,0.5,0.11224489795918367
77,paper_mean,ridge,98,10,0.6,0.7,0.02040816326530612
77,paper_mean,lgbm_process,98,10,0.3,0.5,0.09183673469387756
77,paper_mean,ridge_process,98,10,0.4,0.6,0.16326530612244897
77,paper_mean,ens_bonus,98,10,0.3,0.5,0.07142857142857142
77,paper_mean,knn,98,10,0.3,0.4,0.02040816326530612
77,paper_mean,random,98,10,0.1,0.2,0.3469387755102041
77,unseen_only,lgbm,51,5,0.2,0.6,0.11764705882352941
77,unseen_only,lgbm_no_fail,51,5,0.4,0.8,0.058823529411764705
77,unseen_only,ens_mean,51,5,0.2,0.6,0.11764705882352941
77,unseen_only,ridge,51,5,0.8,0.8,0.0392156862745098
77,unseen_only,lgbm_process,51,5,0.2,0.8,0.11764705882352941
77,unseen_only,ridge_process,51,5,0.6,0.6,0.23529411764705882
77,unseen_only,ens_bonus,51,5,0.4,0.6,0.0784313725490196
77,unseen_only,knn,51,5,0.6,0.8,0.0392156862745098
77,unseen_only,random,51,5,0.2,0.2,0.3333333333333333
78,main,lgbm,98,10,0.2,0.4,0.3163265306122449
78,main,lgbm_no_fail,98,10,0.2,0.4,0.2857142857142857
78,main,ens_mean,98,10,0.1,0.4,0.35714285714285715
78,main,ridge,98,10,0.5,0.6,0.16326530612244897
78,main,lgbm_process,98,10,0.2,0.5,0.20408163265306123
78,main,ridge_process,98,10,0.2,0.5,0.16326530612244897
78,main,ens_bonus,98,10,0.2,0.4,0.45918367346938777
78,main,knn,98,10,0.3,0.4,0.16326530612244897
78,main,random,98,10,0.3,0.3,0.8775510204081632
78,paper_mean,lgbm,98,10,0.2,0.5,0.3163265306122449
78,paper_mean,lgbm_no_fail,98,10,0.2,0.5,0.2857142857142857
78,paper_mean,ens_mean,98,10,0.2,0.5,0.35714285714285715
78,paper_mean,ridge,98,10,0.4,0.6,0.16326530612244897
78,paper_mean,lgbm_process,98,10,0.3,0.6,0.20408163265306123
78,paper_mean,ridge_process,98,10,0.4,0.6,0.16326530612244897
78,paper_mean,ens_bonus,98,10,0.3,0.5,0.45918367346938777
78,paper_mean,knn,98,10,0.4,0.5,0.16326530612244897
78,paper_mean,random,98,10,0.3,0.3,0.8775510204081632
78,unseen_only,lgbm,57,6,0.0,0.3333333333333333,0.14035087719298245
78,unseen_only,lgbm_no_fail,57,6,0.3333333333333333,0.5,0.10526315789473684
78,unseen_only,ens_mean,57,6,0.16666666666666666,0.3333333333333333,0.17543859649122806
78,unseen_only,ridge,57,6,0.5,0.6666666666666666,0.017543859649122806
78,unseen_only,lgbm_process,57,6,0.0,0.6666666666666666,0.12280701754385964
78,unseen_only,ridge_process,57,6,0.3333333333333333,0.3333333333333333,0.21052631578947367
78,unseen_only,ens_bonus,57,6,0.16666666666666666,0.3333333333333333,0.14035087719298245
78,unseen_only,knn,57,6,0.3333333333333333,0.5,0.03508771929824561
78,unseen_only,random,57,6,0.3333333333333333,0.5,0.03508771929824561
79,main,lgbm,100,10,0.4,0.6,0.01
79,main,lgbm_no_fail,100,10,0.4,0.5,0.03
79,main,ens_mean,100,10,0.5,0.6,0.03
79,main,ridge,100,10,0.4,0.5,0.04
79,main,lgbm_process,100,10,0.5,0.7,0.03
79,main,ridge_process,100,10,0.2,0.4,0.11
79,main,ens_bonus,100,10,0.5,0.6,0.03
79,main,knn,100,10,0.4,0.5,0.08
79,main,random,100,10,0.1,0.2,0.8
79,paper_mean,lgbm,100,10,0.3,0.5,0.01
79,paper_mean,lgbm_no_fail,100,10,0.3,0.4,0.03
79,paper_mean,ens_mean,100,10,0.4,0.5,0.03
79,paper_mean,ridge,100,10,0.3,0.5,0.04
79,paper_mean,lgbm_process,100,10,0.4,0.6,0.03
79,paper_mean,ridge_process,100,10,0.1,0.4,0.11
79,paper_mean,ens_bonus,100,10,0.4,0.5,0.03
79,paper_mean,knn,100,10,0.3,0.4,0.08
79,paper_mean,random,100,10,0.1,0.2,0.8
79,unseen_only,lgbm,53,5,0.4,0.8,0.018867924528301886
79,unseen_only,lgbm_no_fail,53,5,0.4,0.8,0.03773584905660377
79,unseen_only,ens_mean,53,5,0.4,0.8,0.03773584905660377
79,unseen_only,ridge,53,5,0.4,0.4,0.07547169811320754
79,unseen_only,lgbm_process,53,5,0.6,1.0,0.018867924528301886
79,unseen_only,ridge_process,53,5,0.2,0.6,0.1509433962264151
79,unseen_only,ens_bonus,53,5,0.6,0.8,0.03773584905660377
79,unseen_only,knn,53,5,0.4,0.6,0.11320754716981132
79,unseen_only,random,53,5,0.2,0.2,0.7735849056603774
80,main,lgbm,98,10,0.3,0.4,0.10204081632653061
80,main,lgbm_no_fail,98,10,0.2,0.4,0.08163265306122448
80,main,ens_mean,98,10,0.1,0.4,0.12244897959183673
80,main,ridge,98,10,0.6,0.7,0.02040816326530612
80,main,lgbm_process,98,10,0.2,0.4,0.09183673469387756
80,main,ridge_process,98,10,0.3,0.6,0.16326530612244897
80,main,ens_bonus,98,10,0.1,0.4,0.11224489795918367
80,main,knn,98,10,0.3,0.5,0.02040816326530612
80,main,random,98,10,0.0,0.1,0.6938775510204082
80,paper_mean,lgbm,98,10,0.2,0.3,0.10204081632653061
80,paper_mean,lgbm_no_fail,98,10,0.2,0.4,0.08163265306122448
80,paper_mean,ens_mean,98,10,0.1,0.3,0.12244897959183673
80,paper_mean,ridge,98,10,0.5,0.7,0.02040816326530612
80,paper_mean,lgbm_process,98,10,0.2,0.4,0.09183673469387756
80,paper_mean,ridge_process,98,10,0.4,0.7,0.16326530612244897
80,paper_mean,ens_bonus,98,10,0.1,0.3,0.11224489795918367
80,paper_mean,knn,98,10,0.3,0.5,0.02040816326530612
80,paper_mean,random,98,10,0.0,0.1,0.6938775510204082
80,unseen_only,lgbm,52,5,0.2,0.4,0.15384615384615385
80,unseen_only,lgbm_no_fail,52,5,0.2,0.6,0.11538461538461539
80,unseen_only,ens_mean,52,5,0.0,0.4,0.17307692307692307
80,unseen_only,ridge,52,5,0.6,0.8,0.038461538461538464
80,unseen_only,lgbm_process,52,5,0.2,0.6,0.1346153846153846
80,unseen_only,ridge_process,52,5,0.4,0.6,0.25
80,unseen_only,ens_bonus,52,5,0.0,0.4,0.17307692307692307
80,unseen_only,knn,52,5,0.4,0.4,0.038461538461538464
80,unseen_only,random,52,5,0.0,0.0,0.7692307692307693
81,main,lgbm,94,9,0.3333333333333333,0.3333333333333333,0.24468085106382978
81,main,lgbm_no_fail,94,9,0.3333333333333333,0.4444444444444444,0.1276595744680851
81,main,ens_mean,94,9,0.3333333333333333,0.4444444444444444,0.30851063829787234
81,main,ridge,94,9,0.2222222222222222,0.3333333333333333,0.02127659574468085
81,main,lgbm_process,94,9,0.2222222222222222,0.5555555555555556,0.11702127659574468
81,main,ridge_process,94,9,0.2222222222222222,0.3333333333333333,0.010638297872340425
81,main,ens_bonus,94,9,0.3333333333333333,0.4444444444444444,0.2978723404255319
81,main,knn,94,9,0.3333333333333333,0.3333333333333333,0.06382978723404255
81,main,random,94,9,0.2222222222222222,0.3333333333333333,0.43617021276595747
81,paper_mean,lgbm,94,9,0.1111111111111111,0.2222222222222222,0.24468085106382978
81,paper_mean,lgbm_no_fail,94,9,0.1111111111111111,0.3333333333333333,0.1276595744680851
81,paper_mean,ens_mean,94,9,0.2222222222222222,0.3333333333333333,0.30851063829787234
81,paper_mean,ridge,94,9,0.2222222222222222,0.4444444444444444,0.02127659574468085
81,paper_mean,lgbm_process,94,9,0.2222222222222222,0.5555555555555556,0.11702127659574468
81,paper_mean,ridge_process,94,9,0.3333333333333333,0.4444444444444444,0.010638297872340425
81,paper_mean,ens_bonus,94,9,0.2222222222222222,0.4444444444444444,0.2978723404255319
81,paper_mean,knn,94,9,0.3333333333333333,0.3333333333333333,0.06382978723404255
81,paper_mean,random,94,9,0.1111111111111111,0.2222222222222222,0.43617021276595747
81,unseen_only,lgbm,50,5,0.2,0.2,0.36
81,unseen_only,lgbm_no_fail,50,5,0.2,0.4,0.16
81,unseen_only,ens_mean,50,5,0.2,0.2,0.42
81,unseen_only,ridge,50,5,0.2,0.4,0.04
81,unseen_only,lgbm_process,50,5,0.2,0.4,0.16
81,unseen_only,ridge_process,50,5,0.2,0.4,0.02
81,unseen_only,ens_bonus,50,5,0.2,0.2,0.42
81,unseen_only,knn,50,5,0.4,0.4,0.1
81,unseen_only,random,50,5,0.2,0.2,0.36
82,main,lgbm,101,10,0.3,0.5,0.019801980198019802
82,main,lgbm_no_fail,101,10,0.3,0.4,0.019801980198019802
82,main,ens_mean,101,10,0.1,0.5,0.0297029702970297
82,main,ridge,101,10,0.5,0.7,0.0594059405940594
82,main,lgbm_process,101,10,0.4,0.5,0.0594059405940594
82,main,ridge_process,101,10,0.4,0.7,0.15841584158415842
82,main,ens_bonus,101,10,0.2,0.5,0.04950495049504951
82,main,knn,101,10,0.2,0.4,0.10891089108910891
82,main,random,101,10,0.2,0.2,0.9504950495049505
82,paper_mean,lgbm,101,10,0.3,0.5,0.019801980198019802
82,paper_mean,lgbm_no_fail,101,10,0.3,0.4,0.019801980198019802
82,paper_mean,ens_mean,101,10,0.1,0.5,0.0297029702970297
82,paper_mean,ridge,101,10,0.5,0.7,0.0594059405940594
82,paper_mean,lgbm_process,101,10,0.4,0.5,0.0594059405940594
82,paper_mean,ridge_process,101,10,0.4,0.7,0.15841584158415842
82,paper_mean,ens_bonus,101,10,0.2,0.5,0.04950495049504951
82,paper_mean,knn,101,10,0.2,0.4,0.10891089108910891
82,paper_mean,random,101,10,0.2,0.2,0.9504950495049505
82,unseen_only,lgbm,58,6,0.3333333333333333,0.5,0.034482758620689655
82,unseen_only,lgbm_no_fail,58,6,0.16666666666666666,0.5,0.034482758620689655
82,unseen_only,ens_mean,58,6,0.16666666666666666,0.5,0.05172413793103448
82,unseen_only,ridge,58,6,0.6666666666666666,0.8333333333333334,0.10344827586206896
82,unseen_only,lgbm_process,58,6,0.3333333333333333,0.5,0.06896551724137931
82,unseen_only,ridge_process,58,6,0.16666666666666666,0.5,0.22413793103448276
82,unseen_only,ens_bonus,58,6,0.16666666666666666,0.5,0.06896551724137931
82,unseen_only,knn,58,6,0.16666666666666666,0.5,0.15517241379310345
82,unseen_only,random,58,6,0.3333333333333333,0.3333333333333333,0.9137931034482759
83,main,lgbm,102,10,0.2,0.3,0.0196078431372549
83,main,lgbm_no_fail,102,10,0.2,0.3,0.0196078431372549
83,main,ens_mean,102,10,0.2,0.4,0.0196078431372549
83,main,ridge,102,10,0.4,0.4,0.0392156862745098
83,main,lgbm_process,102,10,0.2,0.4,0.049019607843137254
83,main,ridge_process,102,10,0.1,0.3,0.12745098039215685
83,main,ens_bonus,102,10,0.1,0.5,0.0392156862745098
83,main,knn,102,10,0.1,0.2,0.10784313725490197
83,main,random,102,10,0.0,0.2,0.7843137254901961
83,paper_mean,lgbm,102,10,0.3,0.4,0.0196078431372549
83,paper_mean,lgbm_no_fail,102,10,0.3,0.4,0.0196078431372549
83,paper_mean,ens_mean,102,10,0.3,0.5,0.0196078431372549
83,paper_mean,ridge,102,10,0.5,0.6,0.0392156862745098
83,paper_mean,lgbm_process,102,10,0.3,0.5,0.049019607843137254
83,paper_mean,ridge_process,102,10,0.3,0.5,0.12745098039215685
83,paper_mean,ens_bonus,102,10,0.2,0.6,0.0392156862745098
83,paper_mean,knn,102,10,0.2,0.3,0.10784313725490197
83,paper_mean,random,102,10,0.0,0.1,0.7843137254901961
83,unseen_only,lgbm,57,6,0.3333333333333333,0.5,0.03508771929824561
83,unseen_only,lgbm_no_fail,57,6,0.3333333333333333,0.5,0.03508771929824561
83,unseen_only,ens_mean,57,6,0.16666666666666666,0.5,0.03508771929824561
83,unseen_only,ridge,57,6,0.5,0.6666666666666666,0.07017543859649122
83,unseen_only,lgbm_process,57,6,0.16666666666666666,0.5,0.05263157894736842
83,unseen_only,ridge_process,57,6,0.16666666666666666,0.5,0.17543859649122806
83,unseen_only,ens_bonus,57,6,0.16666666666666666,0.3333333333333333,0.05263157894736842
83,unseen_only,knn,57,6,0.16666666666666666,0.3333333333333333,0.15789473684210525
83,unseen_only,random,57,6,0.16666666666666666,0.16666666666666666,0.7894736842105263
84,main,lgbm,92,9,0.2222222222222222,0.4444444444444444,0.08695652173913043
84,main,lgbm_no_fail,92,9,0.2222222222222222,0.5555555555555556,0.08695652173913043
84,main,ens_mean,92,9,0.2222222222222222,0.4444444444444444,0.08695652173913043
84,main,ridge,92,9,0.4444444444444444,0.4444444444444444,0.010869565217391304
84,main,lgbm_process,92,9,0.2222222222222222,0.4444444444444444,0.08695652173913043
84,main,ridge_process,92,9,0.2222222222222222,0.4444444444444444,0.15217391304347827
84,main,ens_bonus,92,9,0.2222222222222222,0.3333333333333333,0.07608695652173914
84,main,knn,92,9,0.3333333333333333,0.3333333333333333,0.021739130434782608
84,main,random,92,9,0.2222222222222222,0.5555555555555556,0.391304347826087
84,paper_mean,lgbm,92,9,0.3333333333333333,0.5555555555555556,0.08695652173913043
84,paper_mean,lgbm_no_fail,92,9,0.3333333333333333,0.6666666666666666,0.08695652173913043
84,paper_mean,ens_mean,92,9,0.4444444444444444,0.5555555555555556,0.08695652173913043
84,paper_mean,ridge,92,9,0.5555555555555556,0.6666666666666666,0.010869565217391304
84,paper_mean,lgbm_process,92,9,0.4444444444444444,0.6666666666666666,0.08695652173913043
84,paper_mean,ridge_process,92,9,0.4444444444444444,0.6666666666666666,0.15217391304347827
84,paper_mean,ens_bonus,92,9,0.4444444444444444,0.5555555555555556,0.07608695652173914
84,paper_mean,knn,92,9,0.5555555555555556,0.5555555555555556,0.021739130434782608
84,paper_mean,random,92,9,0.1111111111111111,0.3333333333333333,0.391304347826087
84,unseen_only,lgbm,45,4,0.0,0.5,0.13333333333333333
84,unseen_only,lgbm_no_fail,45,4,0.0,0.5,0.13333333333333333
84,unseen_only,ens_mean,45,4,0.0,0.25,0.13333333333333333
84,unseen_only,ridge,45,4,0.5,0.75,0.022222222222222223
84,unseen_only,lgbm_process,45,4,0.0,0.5,0.13333333333333333
84,unseen_only,ridge_process,45,4,0.25,0.5,0.24444444444444444
84,unseen_only,ens_bonus,45,4,0.0,0.25,0.1111111111111111
84,unseen_only,knn,45,4,0.5,0.75,0.044444444444444446
84,unseen_only,random,45,4,0.0,0.25,0.4222222222222222
85,main,lgbm,103,10,0.1,0.4,0.18446601941747573
85,main,lgbm_no_fail,103,10,0.2,0.4,0.14563106796116504
85,main,ens_mean,103,10,0.2,0.4,0.18446601941747573
85,main,ridge,103,10,0.4,0.5,0.019417475728155338
85,main,lgbm_process,103,10,0.2,0.6,0.10679611650485436
85,main,ridge_process,103,10,0.4,0.5,0.1553398058252427
85,main,ens_bonus,103,10,0.2,0.4,0.14563106796116504
85,main,knn,103,10,0.4,0.5,0.009708737864077669
85,main,random,103,10,0.1,0.3,0.4563106796116505
85,paper_mean,lgbm,103,10,0.1,0.4,0.18446601941747573
85,paper_mean,lgbm_no_fail,103,10,0.2,0.4,0.14563106796116504
85,paper_mean,ens_mean,103,10,0.2,0.4,0.18446601941747573
85,paper_mean,ridge,103,10,0.4,0.6,0.019417475728155338
85,paper_mean,lgbm_process,103,10,0.2,0.6,0.10679611650485436
85,paper_mean,ridge_process,103,10,0.5,0.6,0.1553398058252427
85,paper_mean,ens_bonus,103,10,0.2,0.4,0.14563106796116504
85,paper_mean,knn,103,10,0.4,0.5,0.009708737864077669
85,paper_mean,random,103,10,0.0,0.2,0.4563106796116505
85,unseen_only,lgbm,58,6,0.16666666666666666,0.3333333333333333,0.2413793103448276
85,unseen_only,lgbm_no_fail,58,6,0.3333333333333333,0.6666666666666666,0.1724137931034483
85,unseen_only,ens_mean,58,6,0.16666666666666666,0.3333333333333333,0.25862068965517243
85,unseen_only,ridge,58,6,0.6666666666666666,0.6666666666666666,0.034482758620689655
85,unseen_only,lgbm_process,58,6,0.3333333333333333,0.6666666666666666,0.13793103448275862
85,unseen_only,ridge_process,58,6,0.5,0.6666666666666666,0.20689655172413793
85,unseen_only,ens_bonus,58,6,0.16666666666666666,0.5,0.20689655172413793
85,unseen_only,knn,58,6,0.5,0.6666666666666666,0.017241379310344827
85,unseen_only,random,58,6,0.16666666666666666,0.3333333333333333,0.4482758620689655
86,main,lgbm,99,10,0.2,0.2,0.050505050505050504
86,main,lgbm_no_fail,99,10,0.2,0.4,0.06060606060606061
86,main,ens_mean,99,10,0.2,0.3,0.0707070707070707
86,main,ridge,99,10,0.3,0.3,0.04040404040404041
86,main,lgbm_process,99,10,0.2,0.4,0.09090909090909091
86,main,ridge_process,99,10,0.1,0.3,0.1414141414141414
86,main,ens_bonus,99,10,0.1,0.4,0.1111111111111111
86,main,knn,99,10,0.2,0.2,0.010101010101010102
86,main,random,99,10,0.0,0.1,0.8484848484848485
86,paper_mean,lgbm,99,10,0.2,0.2,0.050505050505050504
86,paper_mean,lgbm_no_fail,99,10,0.2,0.4,0.06060606060606061
86,paper_mean,ens_mean,99,10,0.2,0.4,0.0707070707070707
86,paper_mean,ridge,99,10,0.3,0.4,0.04040404040404041
86,paper_mean,lgbm_process,99,10,0.2,0.4,0.09090909090909091
86,paper_mean,ridge_process,99,10,0.2,0.4,0.1414141414141414
86,paper_mean,ens_bonus,99,10,0.1,0.5,0.1111111111111111
86,paper_mean,knn,99,10,0.2,0.2,0.010101010101010102
86,paper_mean,random,99,10,0.0,0.1,0.8484848484848485
86,unseen_only,lgbm,58,6,0.16666666666666666,0.16666666666666666,0.05172413793103448
86,unseen_only,lgbm_no_fail,58,6,0.16666666666666666,0.3333333333333333,0.06896551724137931
86,unseen_only,ens_mean,58,6,0.16666666666666666,0.16666666666666666,0.08620689655172414
86,unseen_only,ridge,58,6,0.3333333333333333,0.5,0.06896551724137931
86,unseen_only,lgbm_process,58,6,0.16666666666666666,0.3333333333333333,0.10344827586206896
86,unseen_only,ridge_process,58,6,0.16666666666666666,0.5,0.1724137931034483
86,unseen_only,ens_bonus,58,6,0.0,0.16666666666666666,0.13793103448275862
86,unseen_only,knn,58,6,0.3333333333333333,0.3333333333333333,0.017241379310344827
86,unseen_only,random,58,6,0.0,0.16666666666666666,0.896551724137931
87,main,lgbm,101,10,0.3,0.6,0.039603960396039604
87,main,lgbm_no_fail,101,10,0.4,0.5,0.0594059405940594
87,main,ens_mean,101,10,0.4,0.6,0.0594059405940594
87,main,ridge,101,10,0.2,0.5,0.04950495049504951
87,main,lgbm_process,101,10,0.4,0.5,0.0594059405940594
87,main,ridge_process,101,10,0.0,0.5,0.16831683168316833
87,main,ens_bonus,101,10,0.3,0.5,0.06930693069306931
87,main,knn,101,10,0.3,0.5,0.12871287128712872
87,main,random,101,10,0.1,0.1,0.2871287128712871
87,paper_mean,lgbm,101,10,0.4,0.6,0.039603960396039604
87,paper_mean,lgbm_no_fail,101,10,0.5,0.5,0.0594059405940594
87,paper_mean,ens_mean,101,10,0.5,0.7,0.0594059405940594
87,paper_mean,ridge,101,10,0.3,0.6,0.04950495049504951
87,paper_mean,lgbm_process,101,10,0.5,0.6,0.0594059405940594
87,paper_mean,ridge_process,101,10,0.2,0.5,0.16831683168316833
87,paper_mean,ens_bonus,101,10,0.5,0.6,0.06930693069306931
87,paper_mean,knn,101,10,0.4,0.5,0.12871287128712872
87,paper_mean,random,101,10,0.0,0.0,0.2871287128712871
87,unseen_only,lgbm,60,6,0.3333333333333333,0.6666666666666666,0.05
87,unseen_only,lgbm_no_fail,60,6,0.5,0.5,0.06666666666666667
87,unseen_only,ens_mean,60,6,0.3333333333333333,0.5,0.08333333333333333
87,unseen_only,ridge,60,6,0.3333333333333333,0.5,0.06666666666666667
87,unseen_only,lgbm_process,60,6,0.16666666666666666,0.5,0.05
87,unseen_only,ridge_process,60,6,0.0,0.0,0.21666666666666667
87,unseen_only,ens_bonus,60,6,0.3333333333333333,0.5,0.08333333333333333
87,unseen_only,knn,60,6,0.16666666666666666,0.3333333333333333,0.16666666666666666
87,unseen_only,random,60,6,0.16666666666666666,0.16666666666666666,0.2833333333333333
88,main,lgbm,79,8,0.0,0.5,0.12658227848101267
88,main,lgbm_no_fail,79,8,0.25,0.375,0.08860759493670886
88,main,ens_mean,79,8,0.0,0.375,0.1518987341772152
88,main,ridge,79,8,0.125,0.25,0.012658227848101266
88,main,lgbm_process,79,8,0.25,0.625,0.10126582278481013
88,main,ridge_process,79,8,0.125,0.25,0.1518987341772152
88,main,ens_bonus,79,8,0.25,0.375,0.12658227848101267
88,main,knn,79,8,0.25,0.375,0.012658227848101266
88,main,random,79,8,0.0,0.125,0.20253164556962025
88,paper_mean,lgbm,79,8,0.0,0.375,0.12658227848101267
88,paper_mean,lgbm_no_fail,79,8,0.25,0.375,0.08860759493670886
88,paper_mean,ens_mean,79,8,0.0,0.375,0.1518987341772152
88,paper_mean,ridge,79,8,0.125,0.375,0.012658227848101266
88,paper_mean,lgbm_process,79,8,0.25,0.5,0.10126582278481013
88,paper_mean,ridge_process,79,8,0.125,0.375,0.1518987341772152
88,paper_mean,ens_bonus,79,8,0.25,0.375,0.12658227848101267
88,paper_mean,knn,79,8,0.25,0.375,0.012658227848101266
88,paper_mean,random,79,8,0.0,0.25,0.20253164556962025
88,unseen_only,lgbm,41,4,0.0,0.25,0.17073170731707318
88,unseen_only,lgbm_no_fail,41,4,0.5,0.5,0.0975609756097561
88,unseen_only,ens_mean,41,4,0.0,0.5,0.24390243902439024
88,unseen_only,ridge,41,4,0.25,0.25,0.024390243902439025
88,unseen_only,lgbm_process,41,4,0.25,0.75,0.12195121951219512
88,unseen_only,ridge_process,41,4,0.25,0.5,0.1951219512195122
88,unseen_only,ens_bonus,41,4,0.25,0.75,0.1951219512195122
88,unseen_only,knn,41,4,0.5,0.5,0.024390243902439025
88,unseen_only,random,41,4,0.0,0.0,0.24390243902439024
89,main,lgbm,83,8,0.25,0.5,0.10843373493975904
89,main,lgbm_no_fail,83,8,0.25,0.5,0.10843373493975904
89,main,ens_mean,83,8,0.25,0.625,0.12048192771084337
89,main,ridge,83,8,0.25,0.625,0.012048192771084338
89,main,lgbm_process,83,8,0.375,0.625,0.08433734939759036
89,main,ridge_process,83,8,0.375,0.625,0.1566265060240964
89,main,ens_bonus,83,8,0.375,0.625,0.12048192771084337
89,main,knn,83,8,0.5,0.5,0.024096385542168676
89,main,random,83,8,0.125,0.25,0.9156626506024096
89,paper_mean,lgbm,83,8,0.25,0.5,0.10843373493975904
89,paper_mean,lgbm_no_fail,83,8,0.25,0.5,0.10843373493975904
89,paper_mean,ens_mean,83,8,0.25,0.625,0.12048192771084337
89,paper_mean,ridge,83,8,0.25,0.625,0.012048192771084338
89,paper_mean,lgbm_process,83,8,0.375,0.625,0.08433734939759036
89,paper_mean,ridge_process,83,8,0.375,0.625,0.1566265060240964
89,paper_mean,ens_bonus,83,8,0.375,0.625,0.12048192771084337
89,paper_mean,knn,83,8,0.5,0.5,0.024096385542168676
89,paper_mean,random,83,8,0.125,0.25,0.9156626506024096
89,unseen_only,lgbm,43,4,0.25,0.5,0.13953488372093023
89,unseen_only,lgbm_no_fail,43,4,0.25,0.75,0.11627906976744186
89,unseen_only,ens_mean,43,4,0.25,0.5,0.16279069767441862
89,unseen_only,ridge,43,4,0.5,0.5,0.023255813953488372
89,unseen_only,lgbm_process,43,4,0.25,1.0,0.11627906976744186
89,unseen_only,ridge_process,43,4,0.5,0.5,0.23255813953488372
89,unseen_only,ens_bonus,43,4,0.5,0.75,0.18604651162790697
89,unseen_only,knn,43,4,0.75,0.75,0.046511627906976744
89,unseen_only,random,43,4,0.0,0.0,0.9069767441860465
90,main,lgbm,94,9,0.2222222222222222,0.3333333333333333,0.09574468085106383
90,main,lgbm_no_fail,94,9,0.3333333333333333,0.4444444444444444,0.07446808510638298
90,main,ens_mean,94,9,0.3333333333333333,0.4444444444444444,0.09574468085106383
90,main,ridge,94,9,0.1111111111111111,0.2222222222222222,0.010638297872340425
90,main,lgbm_process,94,9,0.3333333333333333,0.5555555555555556,0.09574468085106383
90,main,ridge_process,94,9,0.1111111111111111,0.2222222222222222,0.11702127659574468
90,main,ens_bonus,94,9,0.3333333333333333,0.4444444444444444,0.07446808510638298
90,main,knn,94,9,0.2222222222222222,0.4444444444444444,0.010638297872340425
90,main,random,94,9,0.0,0.0,0.5531914893617021
90,paper_mean,lgbm,94,9,0.3333333333333333,0.4444444444444444,0.09574468085106383
90,paper_mean,lgbm_no_fail,94,9,0.4444444444444444,0.6666666666666666,0.07446808510638298
90,paper_mean,ens_mean,94,9,0.3333333333333333,0.5555555555555556,0.09574468085106383
90,paper_mean,ridge,94,9,0.2222222222222222,0.3333333333333333,0.010638297872340425
90,paper_mean,lgbm_process,94,9,0.5555555555555556,0.7777777777777778,0.09574468085106383
90,paper_mean,ridge_process,94,9,0.3333333333333333,0.4444444444444444,0.11702127659574468
90,paper_mean,ens_bonus,94,9,0.4444444444444444,0.6666666666666666,0.07446808510638298
90,paper_mean,knn,94,9,0.3333333333333333,0.5555555555555556,0.010638297872340425
90,paper_mean,random,94,9,0.0,0.1111111111111111,0.5531914893617021
90,unseen_only,lgbm,50,5,0.2,0.6,0.12
90,unseen_only,lgbm_no_fail,50,5,0.4,0.4,0.1
90,unseen_only,ens_mean,50,5,0.2,0.4,0.14
90,unseen_only,ridge,50,5,0.2,0.4,0.02
90,unseen_only,lgbm_process,50,5,0.2,0.6,0.14
90,unseen_only,ridge_process,50,5,0.2,0.4,0.16
90,unseen_only,ens_bonus,50,5,0.0,0.4,0.12
90,unseen_only,knn,50,5,0.4,0.4,0.02
90,unseen_only,random,50,5,0.0,0.0,0.62
91,main,lgbm,94,9,0.3333333333333333,0.5555555555555556,0.031914893617021274
91,main,lgbm_no_fail,94,9,0.3333333333333333,0.6666666666666666,0.031914893617021274
91,main,ens_mean,94,9,0.2222222222222222,0.8888888888888888,0.010638297872340425
91,main,ridge,94,9,0.4444444444444444,0.6666666666666666,0.05319148936170213
91,main,lgbm_process,94,9,0.4444444444444444,0.5555555555555556,0.0425531914893617
91,main,ridge_process,94,9,0.2222222222222222,0.5555555555555556,0.14893617021276595
91,main,ens_bonus,94,9,0.2222222222222222,0.7777777777777778,0.031914893617021274
91,main,knn,94,9,0.3333333333333333,0.4444444444444444,0.10638297872340426
91,main,random,94,9,0.0,0.1111111111111111,0.5957446808510638
91,paper_mean,lgbm,94,9,0.4444444444444444,0.6666666666666666,0.031914893617021274
91,paper_mean,lgbm_no_fail,94,9,0.4444444444444444,0.6666666666666666,0.031914893617021274
91,paper_mean,ens_mean,94,9,0.3333333333333333,0.8888888888888888,0.010638297872340425
91,paper_mean,ridge,94,9,0.4444444444444444,0.6666666666666666,0.05319148936170213
91,paper_mean,lgbm_process,94,9,0.5555555555555556,0.6666666666666666,0.0425531914893617
91,paper_mean,ridge_process,94,9,0.3333333333333333,0.6666666666666666,0.14893617021276595
91,paper_mean,ens_bonus,94,9,0.3333333333333333,0.8888888888888888,0.031914893617021274
91,paper_mean,knn,94,9,0.4444444444444444,0.5555555555555556,0.10638297872340426
91,paper_mean,random,94,9,0.1111111111111111,0.2222222222222222,0.5957446808510638
91,unseen_only,lgbm,51,5,0.2,0.6,0.0196078431372549
91,unseen_only,lgbm_no_fail,51,5,0.2,0.6,0.0196078431372549
91,unseen_only,ens_mean,51,5,0.2,0.6,0.0196078431372549
91,unseen_only,ridge,51,5,0.6,0.8,0.0784313725490196
91,unseen_only,lgbm_process,51,5,0.2,0.6,0.0196078431372549
91,unseen_only,ridge_process,51,5,0.2,0.4,0.19607843137254902
91,unseen_only,ens_bonus,51,5,0.2,0.4,0.0196078431372549
91,unseen_only,knn,51,5,0.2,0.4,0.13725490196078433
91,unseen_only,random,51,5,0.0,0.2,0.5098039215686274
92,main,lgbm,99,10,0.2,0.4,0.23232323232323232
92,main,lgbm_no_fail,99,10,0.2,0.3,0.23232323232323232
92,main,ens_mean,99,10,0.1,0.4,0.29292929292929293
92,main,ridge,99,10,0.5,0.6,0.1717171717171717
92,main,lgbm_process,99,10,0.1,0.5,0.20202020202020202
92,main,ridge_process,99,10,0.3,0.5,0.1717171717171717
92,main,ens_bonus,99,10,0.1,0.4,0.3838383838383838
92,main,knn,99,10,0.2,0.4,0.1414141414141414
92,main,random,99,10,0.1,0.3,0.21212121212121213
92,paper_mean,lgbm,99,10,0.2,0.4,0.23232323232323232
92,paper_mean,lgbm_no_fail,99,10,0.2,0.3,0.23232323232323232
92,paper_mean,ens_mean,99,10,0.1,0.4,0.29292929292929293
92,paper_mean,ridge,99,10,0.5,0.7,0.1717171717171717
92,paper_mean,lgbm_process,99,10,0.1,0.4,0.20202020202020202
92,paper_mean,ridge_process,99,10,0.4,0.6,0.1717171717171717
92,paper_mean,ens_bonus,99,10,0.1,0.4,0.3838383838383838
92,paper_mean,knn,99,10,0.2,0.4,0.1414141414141414
92,paper_mean,random,99,10,0.1,0.3,0.21212121212121213
92,unseen_only,lgbm,52,5,0.2,0.4,0.28846153846153844
92,unseen_only,lgbm_no_fail,52,5,0.4,0.6,0.19230769230769232
92,unseen_only,ens_mean,52,5,0.2,0.4,0.3076923076923077
92,unseen_only,ridge,52,5,0.6,0.8,0.038461538461538464
92,unseen_only,lgbm_process,52,5,0.2,0.6,0.19230769230769232
92,unseen_only,ridge_process,52,5,0.4,0.6,0.038461538461538464
92,unseen_only,ens_bonus,52,5,0.2,0.4,0.3076923076923077
92,unseen_only,knn,52,5,0.4,0.6,0.07692307692307693
92,unseen_only,random,52,5,0.2,0.4,0.36538461538461536
93,main,lgbm,98,10,0.2,0.6,0.08163265306122448
93,main,lgbm_no_fail,98,10,0.3,0.5,0.07142857142857142
93,main,ens_mean,98,10,0.1,0.7,0.11224489795918367
93,main,ridge,98,10,0.2,0.5,0.01020408163265306
93,main,lgbm_process,98,10,0.3,0.5,0.07142857142857142
93,main,ridge_process,98,10,0.4,0.5,0.01020408163265306
93,main,ens_bonus,98,10,0.2,0.5,0.12244897959183673
93,main,knn,98,10,0.3,0.4,0.14285714285714285
93,main,random,98,10,0.1,0.3,0.8367346938775511
93,paper_mean,lgbm,98,10,0.3,0.6,0.08163265306122448
93,paper_mean,lgbm_no_fail,98,10,0.3,0.5,0.07142857142857142
93,paper_mean,ens_mean,98,10,0.2,0.7,0.11224489795918367
93,paper_mean,ridge,98,10,0.3,0.6,0.01020408163265306
93,paper_mean,lgbm_process,98,10,0.4,0.5,0.07142857142857142
93,paper_mean,ridge_process,98,10,0.5,0.6,0.01020408163265306
93,paper_mean,ens_bonus,98,10,0.3,0.6,0.12244897959183673
93,paper_mean,knn,98,10,0.4,0.5,0.14285714285714285
93,paper_mean,random,98,10,0.1,0.2,0.8367346938775511
93,unseen_only,lgbm,56,6,0.3333333333333333,0.3333333333333333,0.08928571428571429
93,unseen_only,lgbm_no_fail,56,6,0.3333333333333333,0.3333333333333333,0.07142857142857142
93,unseen_only,ens_mean,56,6,0.16666666666666666,0.3333333333333333,0.14285714285714285
93,unseen_only,ridge,56,6,0.3333333333333333,0.6666666666666666,0.017857142857142856
93,unseen_only,lgbm_process,56,6,0.16666666666666666,0.5,0.07142857142857142
93,unseen_only,ridge_process,56,6,0.3333333333333333,0.5,0.017857142857142856
93,unseen_only,ens_bonus,56,6,0.16666666666666666,0.3333333333333333,0.14285714285714285
93,unseen_only,knn,56,6,0.3333333333333333,0.5,0.17857142857142858
93,unseen_only,random,56,6,0.16666666666666666,0.3333333333333333,0.7857142857142857
94,main,lgbm,95,10,0.3,0.4,0.031578947368421054
94,main,lgbm_no_fail,95,10,0.5,0.5,0.031578947368421054
94,main,ens_mean,95,10,0.3,0.5,0.021052631578947368
94,main,ridge,95,10,0.5,0.5,0.042105263157894736
94,main,lgbm_process,95,10,0.6,0.6,0.031578947368421054
94,main,ridge_process,95,10,0.4,0.6,0.14736842105263157
94,main,ens_bonus,95,10,0.5,0.5,0.031578947368421054
94,main,knn,95,10,0.5,0.6,0.09473684210526316
94,main,random,95,10,0.2,0.3,0.07368421052631578
94,paper_mean,lgbm,95,10,0.3,0.4,0.031578947368421054
94,paper_mean,lgbm_no_fail,95,10,0.5,0.5,0.031578947368421054
94,paper_mean,ens_mean,95,10,0.3,0.5,0.021052631578947368
94,paper_mean,ridge,95,10,0.5,0.5,0.042105263157894736
94,paper_mean,lgbm_process,95,10,0.6,0.6,0.031578947368421054
94,paper_mean,ridge_process,95,10,0.4,0.6,0.14736842105263157
94,paper_mean,ens_bonus,95,10,0.5,0.5,0.031578947368421054
94,paper_mean,knn,95,10,0.5,0.6,0.09473684210526316
94,paper_mean,random,95,10,0.2,0.3,0.07368421052631578
94,unseen_only,lgbm,52,5,0.4,0.6,0.019230769230769232
94,unseen_only,lgbm_no_fail,52,5,0.4,0.8,0.038461538461538464
94,unseen_only,ens_mean,52,5,0.4,0.6,0.019230769230769232
94,unseen_only,ridge,52,5,0.8,0.8,0.07692307692307693
94,unseen_only,lgbm_process,52,5,0.4,0.8,0.019230769230769232
94,unseen_only,ridge_process,52,5,0.4,0.4,0.21153846153846154
94,unseen_only,ens_bonus,52,5,0.4,0.6,0.038461538461538464
94,unseen_only,knn,52,5,0.4,0.6,0.1346153846153846
94,unseen_only,random,52,5,0.4,0.6,0.057692307692307696
95,main,lgbm,96,10,0.2,0.4,0.3229166666666667
95,main,lgbm_no_fail,96,10,0.3,0.4,0.2708333333333333
95,main,ens_mean,96,10,0.2,0.5,0.3333333333333333
95,main,ridge,96,10,0.4,0.5,0.16666666666666666
95,main,lgbm_process,96,10,0.4,0.6,0.21875
95,main,ridge_process,96,10,0.2,0.4,0.16666666666666666
95,main,ens_bonus,96,10,0.1,0.5,0.4895833333333333
95,main,knn,96,10,0.2,0.5,0.13541666666666666
95,main,random,96,10,0.1,0.1,0.625
95,paper_mean,lgbm,96,10,0.3,0.5,0.3229166666666667
95,paper_mean,lgbm_no_fail,96,10,0.4,0.5,0.2708333333333333
95,paper_mean,ens_mean,96,10,0.3,0.6,0.3333333333333333
95,paper_mean,ridge,96,10,0.4,0.6,0.16666666666666666
95,paper_mean,lgbm_process,96,10,0.5,0.6,0.21875
95,paper_mean,ridge_process,96,10,0.4,0.6,0.16666666666666666
95,paper_mean,ens_bonus,96,10,0.2,0.6,0.4895833333333333
95,paper_mean,knn,96,10,0.3,0.6,0.13541666666666666
95,paper_mean,random,96,10,0.2,0.2,0.625
95,unseen_only,lgbm,51,5,0.4,0.4,0.09803921568627451
95,unseen_only,lgbm_no_fail,51,5,0.4,0.6,0.11764705882352941
95,unseen_only,ens_mean,51,5,0.2,0.6,0.13725490196078433
95,unseen_only,ridge,51,5,0.6,0.6,0.0196078431372549
95,unseen_only,lgbm_process,51,5,0.2,1.0,0.058823529411764705
95,unseen_only,ridge_process,51,5,0.4,0.4,0.0196078431372549
95,unseen_only,ens_bonus,51,5,0.0,0.6,0.11764705882352941
95,unseen_only,knn,51,5,0.4,0.6,0.17647058823529413
95,unseen_only,random,51,5,0.0,0.0,0.3137254901960784
96,main,lgbm,91,9,0.2222222222222222,0.2222222222222222,0.02197802197802198
96,main,lgbm_no_fail,91,9,0.3333333333333333,0.3333333333333333,0.01098901098901099
96,main,ens_mean,91,9,0.2222222222222222,0.3333333333333333,0.01098901098901099
96,main,ridge,91,9,0.3333333333333333,0.4444444444444444,0.03296703296703297
96,main,lgbm_process,91,9,0.3333333333333333,0.4444444444444444,0.054945054945054944
96,main,ridge_process,91,9,0.2222222222222222,0.4444444444444444,0.15384615384615385
96,main,ens_bonus,91,9,0.2222222222222222,0.3333333333333333,0.03296703296703297
96,main,knn,91,9,0.1111111111111111,0.4444444444444444,0.07692307692307693
96,main,random,91,9,0.4444444444444444,0.5555555555555556,0.15384615384615385
96,paper_mean,lgbm,91,9,0.3333333333333333,0.3333333333333333,0.02197802197802198
96,paper_mean,lgbm_no_fail,91,9,0.2222222222222222,0.2222222222222222,0.01098901098901099
96,paper_mean,ens_mean,91,9,0.3333333333333333,0.3333333333333333,0.01098901098901099
96,paper_mean,ridge,91,9,0.4444444444444444,0.6666666666666666,0.03296703296703297
96,paper_mean,lgbm_process,91,9,0.2222222222222222,0.3333333333333333,0.054945054945054944
96,paper_mean,ridge_process,91,9,0.3333333333333333,0.5555555555555556,0.15384615384615385
96,paper_mean,ens_bonus,91,9,0.2222222222222222,0.4444444444444444,0.03296703296703297
96,paper_mean,knn,91,9,0.1111111111111111,0.3333333333333333,0.07692307692307693
96,paper_mean,random,91,9,0.3333333333333333,0.4444444444444444,0.15384615384615385
96,unseen_only,lgbm,50,5,0.4,0.4,0.04
96,unseen_only,lgbm_no_fail,50,5,0.4,0.4,0.02
96,unseen_only,ens_mean,50,5,0.4,0.4,0.02
96,unseen_only,ridge,50,5,0.4,0.6,0.06
96,unseen_only,lgbm_process,50,5,0.4,0.4,0.06
96,unseen_only,ridge_process,50,5,0.2,0.4,0.22
96,unseen_only,ens_bonus,50,5,0.4,0.4,0.04
96,unseen_only,knn,50,5,0.2,0.4,0.1
96,unseen_only,random,50,5,0.6,0.6,0.1
97,main,lgbm,89,9,0.3333333333333333,0.4444444444444444,0.02247191011235955
97,main,lgbm_no_fail,89,9,0.4444444444444444,0.5555555555555556,0.0449438202247191
97,main,ens_mean,89,9,0.2222222222222222,0.4444444444444444,0.033707865168539325
97,main,ridge,89,9,0.5555555555555556,0.5555555555555556,0.06741573033707865
97,main,lgbm_process,89,9,0.3333333333333333,0.5555555555555556,0.06741573033707865
97,main,ridge_process,89,9,0.3333333333333333,0.5555555555555556,0.1797752808988764
97,main,ens_bonus,89,9,0.3333333333333333,0.5555555555555556,0.06741573033707865
97,main,knn,89,9,0.2222222222222222,0.4444444444444444,0.11235955056179775
97,main,random,89,9,0.1111111111111111,0.1111111111111111,0.5168539325842697
97,paper_mean,lgbm,89,9,0.4444444444444444,0.5555555555555556,0.02247191011235955
97,paper_mean,lgbm_no_fail,89,9,0.5555555555555556,0.6666666666666666,0.0449438202247191
97,paper_mean,ens_mean,89,9,0.3333333333333333,0.5555555555555556,0.033707865168539325
97,paper_mean,ridge,89,9,0.6666666666666666,0.6666666666666666,0.06741573033707865
97,paper_mean,lgbm_process,89,9,0.4444444444444444,0.6666666666666666,0.06741573033707865
97,paper_mean,ridge_process,89,9,0.4444444444444444,0.6666666666666666,0.1797752808988764
97,paper_mean,ens_bonus,89,9,0.4444444444444444,0.6666666666666666,0.06741573033707865
97,paper_mean,knn,89,9,0.3333333333333333,0.5555555555555556,0.11235955056179775
97,paper_mean,random,89,9,0.1111111111111111,0.1111111111111111,0.5168539325842697
97,unseen_only,lgbm,50,5,0.2,0.6,0.04
97,unseen_only,lgbm_no_fail,50,5,0.4,0.8,0.06
97,unseen_only,ens_mean,50,5,0.2,0.4,0.04
97,unseen_only,ridge,50,5,0.6,1.0,0.12
97,unseen_only,lgbm_process,50,5,0.4,0.8,0.08
97,unseen_only,ridge_process,50,5,0.4,0.6,0.26
97,unseen_only,ens_bonus,50,5,0.2,0.6,0.1
97,unseen_only,knn,50,5,0.4,0.8,0.16
97,unseen_only,random,50,5,0.2,0.2,0.46
98,main,lgbm,100,10,0.2,0.4,0.15
98,main,lgbm_no_fail,100,10,0.2,0.3,0.1
98,main,ens_mean,100,10,0.1,0.5,0.12
98,main,ridge,100,10,0.2,0.3,0.01
98,main,lgbm_process,100,10,0.3,0.4,0.1
98,main,ridge_process,100,10,0.1,0.2,0.16
98,main,ens_bonus,100,10,0.2,0.4,0.1
98,main,knn,100,10,0.2,0.2,0.01
98,main,random,100,10,0.0,0.0,1.0
98,paper_mean,lgbm,100,10,0.2,0.4,0.15
98,paper_mean,lgbm_no_fail,100,10,0.2,0.3,0.1
98,paper_mean,ens_mean,100,10,0.1,0.5,0.12
98,paper_mean,ridge,100,10,0.2,0.3,0.01
98,paper_mean,lgbm_process,100,10,0.3,0.4,0.1
98,paper_mean,ridge_process,100,10,0.1,0.2,0.16
98,paper_mean,ens_bonus,100,10,0.2,0.4,0.1
98,paper_mean,knn,100,10,0.2,0.2,0.01
98,paper_mean,random,100,10,0.0,0.1,1.0
98,unseen_only,lgbm,58,6,0.0,0.3333333333333333,0.20689655172413793
98,unseen_only,lgbm_no_fail,58,6,0.16666666666666666,0.3333333333333333,0.1206896551724138
98,unseen_only,ens_mean,58,6,0.0,0.16666666666666666,0.1724137931034483
98,unseen_only,ridge,58,6,0.16666666666666666,0.16666666666666666,0.017241379310344827
98,unseen_only,lgbm_process,58,6,0.16666666666666666,0.3333333333333333,0.1206896551724138
98,unseen_only,ridge_process,58,6,0.0,0.16666666666666666,0.20689655172413793
98,unseen_only,ens_bonus,58,6,0.0,0.16666666666666666,0.13793103448275862
98,unseen_only,knn,58,6,0.16666666666666666,0.16666666666666666,0.017241379310344827
98,unseen_only,random,58,6,0.0,0.16666666666666666,1.0
99,main,lgbm,98,10,0.2,0.4,0.12244897959183673
99,main,lgbm_no_fail,98,10,0.4,0.5,0.10204081632653061
99,main,ens_mean,98,10,0.3,0.4,0.11224489795918367
99,main,ridge,98,10,0.5,0.6,0.02040816326530612
99,main,lgbm_process,98,10,0.4,0.6,0.09183673469387756
99,main,ridge_process,98,10,0.4,0.6,0.16326530612244897
99,main,ens_bonus,98,10,0.1,0.5,0.12244897959183673
99,main,knn,98,10,0.2,0.3,0.02040816326530612
99,main,random,98,10,0.1,0.3,0.5
99,paper_mean,lgbm,98,10,0.3,0.5,0.12244897959183673
99,paper_mean,lgbm_no_fail,98,10,0.4,0.6,0.10204081632653061
99,paper_mean,ens_mean,98,10,0.3,0.5,0.11224489795918367
99,paper_mean,ridge,98,10,0.6,0.7,0.02040816326530612
99,paper_mean,lgbm_process,98,10,0.4,0.6,0.09183673469387756
99,paper_mean,ridge_process,98,10,0.5,0.7,0.16326530612244897
99,paper_mean,ens_bonus,98,10,0.2,0.6,0.12244897959183673
99,paper_mean,knn,98,10,0.3,0.4,0.02040816326530612
99,paper_mean,random,98,10,0.1,0.2,0.5
99,unseen_only,lgbm,56,6,0.16666666666666666,0.3333333333333333,0.14285714285714285
99,unseen_only,lgbm_no_fail,56,6,0.3333333333333333,0.5,0.10714285714285714
99,unseen_only,ens_mean,56,6,0.16666666666666666,0.3333333333333333,0.125
99,unseen_only,ridge,56,6,0.6666666666666666,0.8333333333333334,0.03571428571428571
99,unseen_only,lgbm_process,56,6,0.16666666666666666,0.5,0.125
99,unseen_only,ridge_process,56,6,0.3333333333333333,0.6666666666666666,0.23214285714285715
99,unseen_only,ens_bonus,56,6,0.0,0.3333333333333333,0.14285714285714285
99,unseen_only,knn,56,6,0.3333333333333333,0.5,0.03571428571428571
99,unseen_only,random,56,6,0.16666666666666666,0.16666666666666666,0.4642857142857143
