rep,seed,n_candidates,n_answers,setting,method,top10_share,top20_recall,best_rank_pct,train_rows
-1,0,198,20,-,random (1 permutation),0.15,0.3,0.9949494949494949,
-1,0,198,20,as designed,v2,0.4,0.65,0.12121212121212122,7857.0
-1,0,198,20,as designed,B drop PCE<5,0.4,0.7,0.15151515151515152,7857.0
-1,0,198,20,as designed,A2 within-paper ranker,0.35,0.65,0.015151515151515152,7857.0
-1,0,198,20,as designed,ensemble k=0,0.5,0.75,0.0707070707070707,7857.0
-1,0,198,20,as designed,ensemble k=1,0.5,0.75,0.09090909090909091,7857.0
-1,0,198,20,D1: hide answer papers,v2,0.4,0.6,0.045454545454545456,7774.0
-1,0,198,20,D1: hide answer papers,B drop PCE<5,0.45,0.65,0.15656565656565657,7774.0
-1,0,198,20,D1: hide answer papers,A2 within-paper ranker,0.45,0.6,0.020202020202020204,7774.0
-1,0,198,20,D1: hide answer papers,ensemble k=0,0.4,0.65,0.12121212121212122,7774.0
-1,0,198,20,D1: hide answer papers,ensemble k=1,0.4,0.65,0.12626262626262627,7774.0
0,0,141,14,-,random (1 permutation),0.14285714285714285,0.21428571428571427,0.8723404255319149,
0,0,141,14,as designed,v2,0.42857142857142855,0.5,0.014184397163120567,7780.0
0,0,141,14,as designed,B drop PCE<5,0.35714285714285715,0.5714285714285714,0.0425531914893617,7780.0
0,0,141,14,as designed,A2 within-paper ranker,0.21428571428571427,0.42857142857142855,0.0425531914893617,7780.0
0,0,141,14,as designed,ensemble k=0,0.35714285714285715,0.5,0.028368794326241134,7780.0
0,0,141,14,as designed,ensemble k=1,0.35714285714285715,0.42857142857142855,0.02127659574468085,7780.0
0,0,141,14,D1: hide answer papers,v2,0.2857142857142857,0.42857142857142855,0.0070921985815602835,7620.0
0,0,141,14,D1: hide answer papers,B drop PCE<5,0.2857142857142857,0.5,0.02127659574468085,7620.0
0,0,141,14,D1: hide answer papers,A2 within-paper ranker,0.14285714285714285,0.5,0.09929078014184398,7620.0
0,0,141,14,D1: hide answer papers,ensemble k=0,0.2857142857142857,0.42857142857142855,0.0070921985815602835,7620.0
0,0,141,14,D1: hide answer papers,ensemble k=1,0.35714285714285715,0.5,0.0070921985815602835,7620.0
1,1,124,12,-,random (1 permutation),0.08333333333333333,0.16666666666666666,0.8790322580645161,
1,1,124,12,as designed,v2,0.25,0.6666666666666666,0.04032258064516129,7889.0
1,1,124,12,as designed,B drop PCE<5,0.4166666666666667,0.6666666666666666,0.03225806451612903,7889.0
1,1,124,12,as designed,A2 within-paper ranker,0.4166666666666667,0.5,0.07258064516129033,7889.0
1,1,124,12,as designed,ensemble k=0,0.25,0.75,0.07258064516129033,7889.0
1,1,124,12,as designed,ensemble k=1,0.5,0.75,0.03225806451612903,7889.0
1,1,124,12,D1: hide answer papers,v2,0.16666666666666666,0.6666666666666666,0.1693548387096774,7758.0
1,1,124,12,D1: hide answer papers,B drop PCE<5,0.3333333333333333,0.6666666666666666,0.12096774193548387,7758.0
1,1,124,12,D1: hide answer papers,A2 within-paper ranker,0.4166666666666667,0.6666666666666666,0.1532258064516129,7758.0
1,1,124,12,D1: hide answer papers,ensemble k=0,0.3333333333333333,0.75,0.14516129032258066,7758.0
1,1,124,12,D1: hide answer papers,ensemble k=1,0.4166666666666667,0.6666666666666666,0.18548387096774194,7758.0
2,2,139,14,-,random (1 permutation),0.14285714285714285,0.21428571428571427,0.460431654676259,
2,2,139,14,as designed,v2,0.35714285714285715,0.5714285714285714,0.03597122302158273,7841.0
2,2,139,14,as designed,B drop PCE<5,0.5,0.7857142857142857,0.03597122302158273,7841.0
2,2,139,14,as designed,A2 within-paper ranker,0.21428571428571427,0.5,0.007194244604316547,7841.0
2,2,139,14,as designed,ensemble k=0,0.35714285714285715,0.6428571428571429,0.05755395683453238,7841.0
2,2,139,14,as designed,ensemble k=1,0.35714285714285715,0.6428571428571429,0.06474820143884892,7841.0
2,2,139,14,D1: hide answer papers,v2,0.2857142857142857,0.35714285714285715,0.04316546762589928,7572.0
2,2,139,14,D1: hide answer papers,B drop PCE<5,0.35714285714285715,0.7142857142857143,0.19424460431654678,7572.0
2,2,139,14,D1: hide answer papers,A2 within-paper ranker,0.2857142857142857,0.35714285714285715,0.007194244604316547,7572.0
2,2,139,14,D1: hide answer papers,ensemble k=0,0.2857142857142857,0.42857142857142855,0.05755395683453238,7572.0
2,2,139,14,D1: hide answer papers,ensemble k=1,0.2857142857142857,0.5,0.02877697841726619,7572.0
3,3,135,14,-,random (1 permutation),0.07142857142857142,0.07142857142857142,0.8888888888888888,
3,3,135,14,as designed,v2,0.2857142857142857,0.5,0.014814814814814815,7581.0
3,3,135,14,as designed,B drop PCE<5,0.35714285714285715,0.6428571428571429,0.044444444444444446,7581.0
3,3,135,14,as designed,A2 within-paper ranker,0.2857142857142857,0.42857142857142855,0.007407407407407408,7581.0
3,3,135,14,as designed,ensemble k=0,0.42857142857142855,0.42857142857142855,0.014814814814814815,7581.0
3,3,135,14,as designed,ensemble k=1,0.35714285714285715,0.42857142857142855,0.022222222222222223,7581.0
3,3,135,14,D1: hide answer papers,v2,0.2857142857142857,0.42857142857142855,0.007407407407407408,7470.0
3,3,135,14,D1: hide answer papers,B drop PCE<5,0.35714285714285715,0.5714285714285714,0.007407407407407408,7470.0
3,3,135,14,D1: hide answer papers,A2 within-paper ranker,0.2857142857142857,0.5,0.007407407407407408,7470.0
3,3,135,14,D1: hide answer papers,ensemble k=0,0.35714285714285715,0.42857142857142855,0.007407407407407408,7470.0
3,3,135,14,D1: hide answer papers,ensemble k=1,0.35714285714285715,0.42857142857142855,0.014814814814814815,7470.0
4,4,128,13,-,random (1 permutation),0.07692307692307693,0.15384615384615385,0.5390625,
4,4,128,13,as designed,v2,0.3076923076923077,0.46153846153846156,0.046875,7576.0
4,4,128,13,as designed,B drop PCE<5,0.23076923076923078,0.46153846153846156,0.0078125,7576.0
4,4,128,13,as designed,A2 within-paper ranker,0.3076923076923077,0.38461538461538464,0.0078125,7576.0
4,4,128,13,as designed,ensemble k=0,0.3076923076923077,0.38461538461538464,0.0625,7576.0
4,4,128,13,as designed,ensemble k=1,0.3076923076923077,0.38461538461538464,0.0234375,7576.0
4,4,128,13,D1: hide answer papers,v2,0.38461538461538464,0.46153846153846156,0.2421875,7470.0
4,4,128,13,D1: hide answer papers,B drop PCE<5,0.3076923076923077,0.5384615384615384,0.0078125,7470.0
4,4,128,13,D1: hide answer papers,A2 within-paper ranker,0.23076923076923078,0.38461538461538464,0.015625,7470.0
4,4,128,13,D1: hide answer papers,ensemble k=0,0.3076923076923077,0.38461538461538464,0.421875,7470.0
4,4,128,13,D1: hide answer papers,ensemble k=1,0.3076923076923077,0.5384615384615384,0.328125,7470.0
5,5,144,14,-,random (1 permutation),0.21428571428571427,0.21428571428571427,0.2361111111111111,
5,5,144,14,as designed,v2,0.14285714285714285,0.2857142857142857,0.25,8046.0
5,5,144,14,as designed,B drop PCE<5,0.2857142857142857,0.35714285714285715,0.4930555555555556,8046.0
5,5,144,14,as designed,A2 within-paper ranker,0.14285714285714285,0.21428571428571427,0.027777777777777776,8046.0
5,5,144,14,as designed,ensemble k=0,0.14285714285714285,0.35714285714285715,0.2222222222222222,8046.0
5,5,144,14,as designed,ensemble k=1,0.21428571428571427,0.5,0.1875,8046.0
5,5,144,14,D1: hide answer papers,v2,0.07142857142857142,0.21428571428571427,0.4027777777777778,7906.0
5,5,144,14,D1: hide answer papers,B drop PCE<5,0.14285714285714285,0.2857142857142857,0.5486111111111112,7906.0
5,5,144,14,D1: hide answer papers,A2 within-paper ranker,0.07142857142857142,0.21428571428571427,0.027777777777777776,7906.0
5,5,144,14,D1: hide answer papers,ensemble k=0,0.07142857142857142,0.14285714285714285,0.3472222222222222,7906.0
5,5,144,14,D1: hide answer papers,ensemble k=1,0.14285714285714285,0.21428571428571427,0.2777777777777778,7906.0
6,6,133,13,-,random (1 permutation),0.07692307692307693,0.23076923076923078,0.706766917293233,
6,6,133,13,as designed,v2,0.5384615384615384,0.6153846153846154,0.03759398496240601,7530.0
6,6,133,13,as designed,B drop PCE<5,0.46153846153846156,0.6153846153846154,0.015037593984962405,7530.0
6,6,133,13,as designed,A2 within-paper ranker,0.3076923076923077,0.5384615384615384,0.007518796992481203,7530.0
6,6,133,13,as designed,ensemble k=0,0.38461538461538464,0.6153846153846154,0.07518796992481203,7530.0
6,6,133,13,as designed,ensemble k=1,0.46153846153846156,0.6153846153846154,0.03007518796992481,7530.0
6,6,133,13,D1: hide answer papers,v2,0.38461538461538464,0.5384615384615384,0.40601503759398494,7465.0
6,6,133,13,D1: hide answer papers,B drop PCE<5,0.3076923076923077,0.6923076923076923,0.11278195488721804,7465.0
6,6,133,13,D1: hide answer papers,A2 within-paper ranker,0.38461538461538464,0.46153846153846156,0.007518796992481203,7465.0
6,6,133,13,D1: hide answer papers,ensemble k=0,0.3076923076923077,0.5384615384615384,0.3609022556390977,7465.0
6,6,133,13,D1: hide answer papers,ensemble k=1,0.38461538461538464,0.5384615384615384,0.22556390977443608,7465.0
7,7,136,14,-,random (1 permutation),0.14285714285714285,0.21428571428571427,0.6029411764705882,
7,7,136,14,as designed,v2,0.42857142857142855,0.6428571428571429,0.007352941176470588,7651.0
7,7,136,14,as designed,B drop PCE<5,0.5714285714285714,0.7857142857142857,0.007352941176470588,7651.0
7,7,136,14,as designed,A2 within-paper ranker,0.2857142857142857,0.6428571428571429,0.014705882352941176,7651.0
7,7,136,14,as designed,ensemble k=0,0.42857142857142855,0.5,0.051470588235294115,7651.0
7,7,136,14,as designed,ensemble k=1,0.42857142857142855,0.6428571428571429,0.007352941176470588,7651.0
7,7,136,14,D1: hide answer papers,v2,0.5,0.6428571428571429,0.03676470588235294,7547.0
7,7,136,14,D1: hide answer papers,B drop PCE<5,0.5,0.6428571428571429,0.014705882352941176,7547.0
7,7,136,14,D1: hide answer papers,A2 within-paper ranker,0.42857142857142855,0.6428571428571429,0.022058823529411766,7547.0
7,7,136,14,D1: hide answer papers,ensemble k=0,0.42857142857142855,0.5714285714285714,0.25,7547.0
7,7,136,14,D1: hide answer papers,ensemble k=1,0.5,0.6428571428571429,0.08823529411764706,7547.0
8,8,133,13,-,random (1 permutation),0.07692307692307693,0.23076923076923078,0.7368421052631579,
8,8,133,13,as designed,v2,0.38461538461538464,0.6923076923076923,0.2706766917293233,7995.0
8,8,133,13,as designed,B drop PCE<5,0.46153846153846156,0.7692307692307693,0.14285714285714285,7995.0
8,8,133,13,as designed,A2 within-paper ranker,0.15384615384615385,0.38461538461538464,0.24060150375939848,7995.0
8,8,133,13,as designed,ensemble k=0,0.46153846153846156,0.6153846153846154,0.2706766917293233,7995.0
8,8,133,13,as designed,ensemble k=1,0.5384615384615384,0.6923076923076923,0.2631578947368421,7995.0
8,8,133,13,D1: hide answer papers,v2,0.23076923076923078,0.6153846153846154,0.14285714285714285,7878.0
8,8,133,13,D1: hide answer papers,B drop PCE<5,0.46153846153846156,0.7692307692307693,0.11278195488721804,7878.0
8,8,133,13,D1: hide answer papers,A2 within-paper ranker,0.07692307692307693,0.23076923076923078,0.20300751879699247,7878.0
8,8,133,13,D1: hide answer papers,ensemble k=0,0.46153846153846156,0.7692307692307693,0.15789473684210525,7878.0
8,8,133,13,D1: hide answer papers,ensemble k=1,0.5384615384615384,0.7692307692307693,0.17293233082706766,7878.0
9,9,138,14,-,random (1 permutation),0.07142857142857142,0.14285714285714285,0.2318840579710145,
9,9,138,14,as designed,v2,0.2857142857142857,0.5,0.036231884057971016,7733.0
9,9,138,14,as designed,B drop PCE<5,0.42857142857142855,0.5,0.043478260869565216,7733.0
9,9,138,14,as designed,A2 within-paper ranker,0.2857142857142857,0.42857142857142855,0.014492753623188406,7733.0
9,9,138,14,as designed,ensemble k=0,0.35714285714285715,0.5,0.028985507246376812,7733.0
9,9,138,14,as designed,ensemble k=1,0.42857142857142855,0.5714285714285714,0.028985507246376812,7733.0
9,9,138,14,D1: hide answer papers,v2,0.35714285714285715,0.6428571428571429,0.057971014492753624,7616.0
9,9,138,14,D1: hide answer papers,B drop PCE<5,0.2857142857142857,0.42857142857142855,0.06521739130434782,7616.0
9,9,138,14,D1: hide answer papers,A2 within-paper ranker,0.21428571428571427,0.42857142857142855,0.15942028985507245,7616.0
9,9,138,14,D1: hide answer papers,ensemble k=0,0.35714285714285715,0.5,0.050724637681159424,7616.0
9,9,138,14,D1: hide answer papers,ensemble k=1,0.35714285714285715,0.5,0.07246376811594203,7616.0
10,10,146,15,-,random (1 permutation),0.2,0.3333333333333333,0.3424657534246575,
10,10,146,15,as designed,v2,0.5333333333333333,0.7333333333333333,0.02054794520547945,7629.0
10,10,146,15,as designed,B drop PCE<5,0.4666666666666667,0.6,0.03424657534246575,7629.0
10,10,146,15,as designed,A2 within-paper ranker,0.26666666666666666,0.3333333333333333,0.03424657534246575,7629.0
10,10,146,15,as designed,ensemble k=0,0.4,0.6666666666666666,0.02054794520547945,7629.0
10,10,146,15,as designed,ensemble k=1,0.4666666666666667,0.6666666666666666,0.00684931506849315,7629.0
10,10,146,15,D1: hide answer papers,v2,0.3333333333333333,0.5333333333333333,0.06164383561643835,7542.0
10,10,146,15,D1: hide answer papers,B drop PCE<5,0.3333333333333333,0.6,0.08904109589041095,7542.0
10,10,146,15,D1: hide answer papers,A2 within-paper ranker,0.26666666666666666,0.5333333333333333,0.0136986301369863,7542.0
10,10,146,15,D1: hide answer papers,ensemble k=0,0.4,0.6666666666666666,0.0273972602739726,7542.0
10,10,146,15,D1: hide answer papers,ensemble k=1,0.4,0.5333333333333333,0.02054794520547945,7542.0
11,11,128,13,-,random (1 permutation),0.0,0.07692307692307693,0.515625,
11,11,128,13,as designed,v2,0.3076923076923077,0.6153846153846154,0.0078125,7825.0
11,11,128,13,as designed,B drop PCE<5,0.46153846153846156,0.6923076923076923,0.0234375,7825.0
11,11,128,13,as designed,A2 within-paper ranker,0.3076923076923077,0.5384615384615384,0.015625,7825.0
11,11,128,13,as designed,ensemble k=0,0.3076923076923077,0.46153846153846156,0.0078125,7825.0
11,11,128,13,as designed,ensemble k=1,0.3076923076923077,0.5384615384615384,0.015625,7825.0
11,11,128,13,D1: hide answer papers,v2,0.23076923076923078,0.46153846153846156,0.078125,7720.0
11,11,128,13,D1: hide answer papers,B drop PCE<5,0.3076923076923077,0.5384615384615384,0.015625,7720.0
11,11,128,13,D1: hide answer papers,A2 within-paper ranker,0.46153846153846156,0.6153846153846154,0.0390625,7720.0
11,11,128,13,D1: hide answer papers,ensemble k=0,0.23076923076923078,0.6153846153846154,0.015625,7720.0
11,11,128,13,D1: hide answer papers,ensemble k=1,0.38461538461538464,0.5384615384615384,0.0234375,7720.0
12,12,132,13,-,random (1 permutation),0.07692307692307693,0.23076923076923078,0.5378787878787878,
12,12,132,13,as designed,v2,0.46153846153846156,0.7692307692307693,0.12121212121212122,7827.0
12,12,132,13,as designed,B drop PCE<5,0.6153846153846154,0.7692307692307693,0.09848484848484848,7827.0
12,12,132,13,as designed,A2 within-paper ranker,0.38461538461538464,0.46153846153846156,0.007575757575757576,7827.0
12,12,132,13,as designed,ensemble k=0,0.38461538461538464,0.8461538461538461,0.12121212121212122,7827.0
12,12,132,13,as designed,ensemble k=1,0.38461538461538464,0.6923076923076923,0.10606060606060606,7827.0
12,12,132,13,D1: hide answer papers,v2,0.23076923076923078,0.6153846153846154,0.22727272727272727,7738.0
12,12,132,13,D1: hide answer papers,B drop PCE<5,0.46153846153846156,0.5384615384615384,0.3787878787878788,7738.0
12,12,132,13,D1: hide answer papers,A2 within-paper ranker,0.3076923076923077,0.46153846153846156,0.030303030303030304,7738.0
12,12,132,13,D1: hide answer papers,ensemble k=0,0.3076923076923077,0.6153846153846154,0.25,7738.0
12,12,132,13,D1: hide answer papers,ensemble k=1,0.38461538461538464,0.6153846153846154,0.24242424242424243,7738.0
13,13,141,14,-,random (1 permutation),0.07142857142857142,0.21428571428571427,0.04964539007092199,
13,13,141,14,as designed,v2,0.5,0.6428571428571429,0.09929078014184398,7615.0
13,13,141,14,as designed,B drop PCE<5,0.35714285714285715,0.7142857142857143,0.1347517730496454,7615.0
13,13,141,14,as designed,A2 within-paper ranker,0.42857142857142855,0.5,0.014184397163120567,7615.0
13,13,141,14,as designed,ensemble k=0,0.5,0.6428571428571429,0.07092198581560284,7615.0
13,13,141,14,as designed,ensemble k=1,0.42857142857142855,0.7142857142857143,0.10638297872340426,7615.0
13,13,141,14,D1: hide answer papers,v2,0.2857142857142857,0.5714285714285714,0.1702127659574468,7519.0
13,13,141,14,D1: hide answer papers,B drop PCE<5,0.35714285714285715,0.7142857142857143,0.12056737588652482,7519.0
13,13,141,14,D1: hide answer papers,A2 within-paper ranker,0.42857142857142855,0.5714285714285714,0.11347517730496454,7519.0
13,13,141,14,D1: hide answer papers,ensemble k=0,0.2857142857142857,0.5714285714285714,0.14893617021276595,7519.0
13,13,141,14,D1: hide answer papers,ensemble k=1,0.35714285714285715,0.7142857142857143,0.11347517730496454,7519.0
14,14,138,14,-,random (1 permutation),0.07142857142857142,0.07142857142857142,0.021739130434782608,
14,14,138,14,as designed,v2,0.5714285714285714,0.7142857142857143,0.050724637681159424,7638.0
14,14,138,14,as designed,B drop PCE<5,0.5714285714285714,0.7142857142857143,0.06521739130434782,7638.0
14,14,138,14,as designed,A2 within-paper ranker,0.21428571428571427,0.42857142857142855,0.036231884057971016,7638.0
14,14,138,14,as designed,ensemble k=0,0.5714285714285714,0.7142857142857143,0.043478260869565216,7638.0
14,14,138,14,as designed,ensemble k=1,0.5,0.6428571428571429,0.06521739130434782,7638.0
14,14,138,14,D1: hide answer papers,v2,0.5,0.6428571428571429,0.028985507246376812,7537.0
14,14,138,14,D1: hide answer papers,B drop PCE<5,0.35714285714285715,0.5714285714285714,0.057971014492753624,7537.0
14,14,138,14,D1: hide answer papers,A2 within-paper ranker,0.35714285714285715,0.5,0.08695652173913043,7537.0
14,14,138,14,D1: hide answer papers,ensemble k=0,0.35714285714285715,0.6428571428571429,0.12318840579710146,7537.0
14,14,138,14,D1: hide answer papers,ensemble k=1,0.35714285714285715,0.6428571428571429,0.07971014492753623,7537.0
15,15,135,14,-,random (1 permutation),0.21428571428571427,0.35714285714285715,0.762962962962963,
15,15,135,14,as designed,v2,0.35714285714285715,0.5714285714285714,0.044444444444444446,7576.0
15,15,135,14,as designed,B drop PCE<5,0.35714285714285715,0.5714285714285714,0.014814814814814815,7576.0
15,15,135,14,as designed,A2 within-paper ranker,0.21428571428571427,0.42857142857142855,0.007407407407407408,7576.0
15,15,135,14,as designed,ensemble k=0,0.35714285714285715,0.5714285714285714,0.05925925925925926,7576.0
15,15,135,14,as designed,ensemble k=1,0.35714285714285715,0.35714285714285715,0.014814814814814815,7576.0
15,15,135,14,D1: hide answer papers,v2,0.35714285714285715,0.42857142857142855,0.0962962962962963,7420.0
15,15,135,14,D1: hide answer papers,B drop PCE<5,0.42857142857142855,0.5,0.0962962962962963,7420.0
15,15,135,14,D1: hide answer papers,A2 within-paper ranker,0.2857142857142857,0.5,0.037037037037037035,7420.0
15,15,135,14,D1: hide answer papers,ensemble k=0,0.2857142857142857,0.5,0.14074074074074075,7420.0
15,15,135,14,D1: hide answer papers,ensemble k=1,0.2857142857142857,0.5,0.13333333333333333,7420.0
16,16,134,13,-,random (1 permutation),0.15384615384615385,0.15384615384615385,0.8656716417910447,
16,16,134,13,as designed,v2,0.46153846153846156,0.6923076923076923,0.12686567164179105,8179.0
16,16,134,13,as designed,B drop PCE<5,0.38461538461538464,0.38461538461538464,0.2835820895522388,8179.0
16,16,134,13,as designed,A2 within-paper ranker,0.38461538461538464,0.5384615384615384,0.022388059701492536,8179.0
16,16,134,13,as designed,ensemble k=0,0.5384615384615384,0.6153846153846154,0.05970149253731343,8179.0
16,16,134,13,as designed,ensemble k=1,0.46153846153846156,0.6153846153846154,0.1044776119402985,8179.0
16,16,134,13,D1: hide answer papers,v2,0.3076923076923077,0.6153846153846154,0.16417910447761194,8036.0
16,16,134,13,D1: hide answer papers,B drop PCE<5,0.3076923076923077,0.38461538461538464,0.373134328358209,8036.0
16,16,134,13,D1: hide answer papers,A2 within-paper ranker,0.38461538461538464,0.46153846153846156,0.05223880597014925,8036.0
16,16,134,13,D1: hide answer papers,ensemble k=0,0.3076923076923077,0.6153846153846154,0.16417910447761194,8036.0
16,16,134,13,D1: hide answer papers,ensemble k=1,0.46153846153846156,0.8461538461538461,0.05970149253731343,8036.0
17,17,141,14,-,random (1 permutation),0.0,0.14285714285714285,0.5390070921985816,
17,17,141,14,as designed,v2,0.5,0.7142857142857143,0.0425531914893617,7774.0
17,17,141,14,as designed,B drop PCE<5,0.5,0.6428571428571429,0.07801418439716312,7774.0
17,17,141,14,as designed,A2 within-paper ranker,0.2857142857142857,0.42857142857142855,0.014184397163120567,7774.0
17,17,141,14,as designed,ensemble k=0,0.5,0.6428571428571429,0.05673758865248227,7774.0
17,17,141,14,as designed,ensemble k=1,0.5,0.7142857142857143,0.04964539007092199,7774.0
17,17,141,14,D1: hide answer papers,v2,0.35714285714285715,0.5,0.16312056737588654,7632.0
17,17,141,14,D1: hide answer papers,B drop PCE<5,0.2857142857142857,0.5,0.2198581560283688,7632.0
17,17,141,14,D1: hide answer papers,A2 within-paper ranker,0.21428571428571427,0.5714285714285714,0.02127659574468085,7632.0
17,17,141,14,D1: hide answer papers,ensemble k=0,0.2857142857142857,0.5714285714285714,0.11347517730496454,7632.0
17,17,141,14,D1: hide answer papers,ensemble k=1,0.35714285714285715,0.5714285714285714,0.09929078014184398,7632.0
18,18,137,14,-,random (1 permutation),0.0,0.07142857142857142,0.5401459854014599,
18,18,137,14,as designed,v2,0.35714285714285715,0.5,0.0072992700729927005,7792.0
18,18,137,14,as designed,B drop PCE<5,0.35714285714285715,0.5714285714285714,0.014598540145985401,7792.0
18,18,137,14,as designed,A2 within-paper ranker,0.2857142857142857,0.5714285714285714,0.014598540145985401,7792.0
18,18,137,14,as designed,ensemble k=0,0.35714285714285715,0.5714285714285714,0.021897810218978103,7792.0
18,18,137,14,as designed,ensemble k=1,0.35714285714285715,0.5714285714285714,0.014598540145985401,7792.0
18,18,137,14,D1: hide answer papers,v2,0.2857142857142857,0.42857142857142855,0.36496350364963503,7696.0
18,18,137,14,D1: hide answer papers,B drop PCE<5,0.35714285714285715,0.6428571428571429,0.16058394160583941,7696.0
18,18,137,14,D1: hide answer papers,A2 within-paper ranker,0.2857142857142857,0.42857142857142855,0.23357664233576642,7696.0
18,18,137,14,D1: hide answer papers,ensemble k=0,0.2857142857142857,0.5,0.23357664233576642,7696.0
18,18,137,14,D1: hide answer papers,ensemble k=1,0.35714285714285715,0.5,0.16058394160583941,7696.0
19,19,132,13,-,random (1 permutation),0.0,0.0,0.8484848484848485,
19,19,132,13,as designed,v2,0.46153846153846156,0.6923076923076923,0.36363636363636365,7805.0
19,19,132,13,as designed,B drop PCE<5,0.46153846153846156,0.6153846153846154,0.5303030303030303,7805.0
19,19,132,13,as designed,A2 within-paper ranker,0.3076923076923077,0.6153846153846154,0.20454545454545456,7805.0
19,19,132,13,as designed,ensemble k=0,0.38461538461538464,0.6153846153846154,0.42424242424242425,7805.0
19,19,132,13,as designed,ensemble k=1,0.46153846153846156,0.6153846153846154,0.48484848484848486,7805.0
19,19,132,13,D1: hide answer papers,v2,0.3076923076923077,0.5384615384615384,0.44696969696969696,7714.0
19,19,132,13,D1: hide answer papers,B drop PCE<5,0.3076923076923077,0.46153846153846156,0.6363636363636364,7714.0
19,19,132,13,D1: hide answer papers,A2 within-paper ranker,0.38461538461538464,0.6153846153846154,0.1590909090909091,7714.0
19,19,132,13,D1: hide answer papers,ensemble k=0,0.46153846153846156,0.6923076923076923,0.3939393939393939,7714.0
19,19,132,13,D1: hide answer papers,ensemble k=1,0.46153846153846156,0.6923076923076923,0.4393939393939394,7714.0
20,20,131,13,-,random (1 permutation),0.0,0.07692307692307693,0.6946564885496184,
20,20,131,13,as designed,v2,0.38461538461538464,0.46153846153846156,0.061068702290076333,7603.0
20,20,131,13,as designed,B drop PCE<5,0.3076923076923077,0.7692307692307693,0.19083969465648856,7603.0
20,20,131,13,as designed,A2 within-paper ranker,0.3076923076923077,0.46153846153846156,0.022900763358778626,7603.0
20,20,131,13,as designed,ensemble k=0,0.3076923076923077,0.46153846153846156,0.07633587786259542,7603.0
20,20,131,13,as designed,ensemble k=1,0.46153846153846156,0.6153846153846154,0.09923664122137404,7603.0
20,20,131,13,D1: hide answer papers,v2,0.23076923076923078,0.46153846153846156,0.10687022900763359,7445.0
20,20,131,13,D1: hide answer papers,B drop PCE<5,0.3076923076923077,0.6923076923076923,0.46564885496183206,7445.0
20,20,131,13,D1: hide answer papers,A2 within-paper ranker,0.23076923076923078,0.38461538461538464,0.030534351145038167,7445.0
20,20,131,13,D1: hide answer papers,ensemble k=0,0.23076923076923078,0.38461538461538464,0.13740458015267176,7445.0
20,20,131,13,D1: hide answer papers,ensemble k=1,0.23076923076923078,0.5384615384615384,0.16793893129770993,7445.0
21,21,125,12,-,random (1 permutation),0.16666666666666666,0.3333333333333333,0.024,
21,21,125,12,as designed,v2,0.4166666666666667,0.75,0.072,7788.0
21,21,125,12,as designed,B drop PCE<5,0.4166666666666667,0.6666666666666666,0.072,7788.0
21,21,125,12,as designed,A2 within-paper ranker,0.3333333333333333,0.5833333333333334,0.008,7788.0
21,21,125,12,as designed,ensemble k=0,0.3333333333333333,0.6666666666666666,0.064,7788.0
21,21,125,12,as designed,ensemble k=1,0.3333333333333333,0.6666666666666666,0.032,7788.0
21,21,125,12,D1: hide answer papers,v2,0.25,0.5833333333333334,0.16,7656.0
21,21,125,12,D1: hide answer papers,B drop PCE<5,0.25,0.5833333333333334,0.112,7656.0
21,21,125,12,D1: hide answer papers,A2 within-paper ranker,0.25,0.4166666666666667,0.008,7656.0
21,21,125,12,D1: hide answer papers,ensemble k=0,0.3333333333333333,0.6666666666666666,0.08,7656.0
21,21,125,12,D1: hide answer papers,ensemble k=1,0.3333333333333333,0.6666666666666666,0.064,7656.0
22,22,129,13,-,random (1 permutation),0.23076923076923078,0.23076923076923078,0.7286821705426356,
22,22,129,13,as designed,v2,0.3076923076923077,0.6153846153846154,0.11627906976744186,7850.0
22,22,129,13,as designed,B drop PCE<5,0.3076923076923077,0.5384615384615384,0.1937984496124031,7850.0
22,22,129,13,as designed,A2 within-paper ranker,0.3076923076923077,0.6153846153846154,0.046511627906976744,7850.0
22,22,129,13,as designed,ensemble k=0,0.3076923076923077,0.46153846153846156,0.32558139534883723,7850.0
22,22,129,13,as designed,ensemble k=1,0.3076923076923077,0.46153846153846156,0.27906976744186046,7850.0
22,22,129,13,D1: hide answer papers,v2,0.38461538461538464,0.38461538461538464,0.32558139534883723,7807.0
22,22,129,13,D1: hide answer papers,B drop PCE<5,0.23076923076923078,0.5384615384615384,0.10852713178294573,7807.0
22,22,129,13,D1: hide answer papers,A2 within-paper ranker,0.23076923076923078,0.5384615384615384,0.023255813953488372,7807.0
22,22,129,13,D1: hide answer papers,ensemble k=0,0.3076923076923077,0.5384615384615384,0.3875968992248062,7807.0
22,22,129,13,D1: hide answer papers,ensemble k=1,0.3076923076923077,0.46153846153846156,0.27906976744186046,7807.0
23,23,131,13,-,random (1 permutation),0.07692307692307693,0.23076923076923078,0.9923664122137404,
23,23,131,13,as designed,v2,0.38461538461538464,0.46153846153846156,0.25190839694656486,7756.0
23,23,131,13,as designed,B drop PCE<5,0.3076923076923077,0.46153846153846156,0.1984732824427481,7756.0
23,23,131,13,as designed,A2 within-paper ranker,0.15384615384615385,0.46153846153846156,0.13740458015267176,7756.0
23,23,131,13,as designed,ensemble k=0,0.3076923076923077,0.5384615384615384,0.1297709923664122,7756.0
23,23,131,13,as designed,ensemble k=1,0.3076923076923077,0.5384615384615384,0.13740458015267176,7756.0
23,23,131,13,D1: hide answer papers,v2,0.38461538461538464,0.6153846153846154,0.1450381679389313,7614.0
23,23,131,13,D1: hide answer papers,B drop PCE<5,0.23076923076923078,0.5384615384615384,0.32061068702290074,7614.0
23,23,131,13,D1: hide answer papers,A2 within-paper ranker,0.15384615384615385,0.46153846153846156,0.2366412213740458,7614.0
23,23,131,13,D1: hide answer papers,ensemble k=0,0.3076923076923077,0.6153846153846154,0.13740458015267176,7614.0
23,23,131,13,D1: hide answer papers,ensemble k=1,0.3076923076923077,0.5384615384615384,0.13740458015267176,7614.0
24,24,133,13,-,random (1 permutation),0.0,0.15384615384615385,0.6015037593984962,
24,24,133,13,as designed,v2,0.23076923076923078,0.46153846153846156,0.08270676691729323,7904.0
24,24,133,13,as designed,B drop PCE<5,0.23076923076923078,0.46153846153846156,0.007518796992481203,7904.0
24,24,133,13,as designed,A2 within-paper ranker,0.23076923076923078,0.38461538461538464,0.03759398496240601,7904.0
24,24,133,13,as designed,ensemble k=0,0.23076923076923078,0.46153846153846156,0.19548872180451127,7904.0
24,24,133,13,as designed,ensemble k=1,0.23076923076923078,0.38461538461538464,0.11278195488721804,7904.0
24,24,133,13,D1: hide answer papers,v2,0.23076923076923078,0.3076923076923077,0.3308270676691729,7831.0
24,24,133,13,D1: hide answer papers,B drop PCE<5,0.23076923076923078,0.3076923076923077,0.045112781954887216,7831.0
24,24,133,13,D1: hide answer papers,A2 within-paper ranker,0.23076923076923078,0.38461538461538464,0.09022556390977443,7831.0
24,24,133,13,D1: hide answer papers,ensemble k=0,0.15384615384615385,0.3076923076923077,0.6390977443609023,7831.0
24,24,133,13,D1: hide answer papers,ensemble k=1,0.23076923076923078,0.3076923076923077,0.6165413533834586,7831.0
25,25,130,13,-,random (1 permutation),0.15384615384615385,0.3076923076923077,0.007692307692307693,
25,25,130,13,as designed,v2,0.46153846153846156,0.6153846153846154,0.07692307692307693,8155.0
25,25,130,13,as designed,B drop PCE<5,0.46153846153846156,0.6923076923076923,0.13846153846153847,8155.0
25,25,130,13,as designed,A2 within-paper ranker,0.23076923076923078,0.5384615384615384,0.023076923076923078,8155.0
25,25,130,13,as designed,ensemble k=0,0.46153846153846156,0.6153846153846154,0.046153846153846156,8155.0
25,25,130,13,as designed,ensemble k=1,0.38461538461538464,0.6923076923076923,0.03076923076923077,8155.0
25,25,130,13,D1: hide answer papers,v2,0.23076923076923078,0.5384615384615384,0.023076923076923078,8092.0
25,25,130,13,D1: hide answer papers,B drop PCE<5,0.38461538461538464,0.5384615384615384,0.06923076923076923,8092.0
25,25,130,13,D1: hide answer papers,A2 within-paper ranker,0.23076923076923078,0.46153846153846156,0.03076923076923077,8092.0
25,25,130,13,D1: hide answer papers,ensemble k=0,0.38461538461538464,0.5384615384615384,0.023076923076923078,8092.0
25,25,130,13,D1: hide answer papers,ensemble k=1,0.3076923076923077,0.6153846153846154,0.023076923076923078,8092.0
26,26,133,13,-,random (1 permutation),0.15384615384615385,0.23076923076923078,0.022556390977443608,
26,26,133,13,as designed,v2,0.5384615384615384,0.6153846153846154,0.03759398496240601,8084.0
26,26,133,13,as designed,B drop PCE<5,0.46153846153846156,0.5384615384615384,0.022556390977443608,8084.0
26,26,133,13,as designed,A2 within-paper ranker,0.3076923076923077,0.46153846153846156,0.022556390977443608,8084.0
26,26,133,13,as designed,ensemble k=0,0.46153846153846156,0.6153846153846154,0.03007518796992481,8084.0
26,26,133,13,as designed,ensemble k=1,0.46153846153846156,0.6153846153846154,0.03007518796992481,8084.0
26,26,133,13,D1: hide answer papers,v2,0.46153846153846156,0.6153846153846154,0.06766917293233082,8051.0
26,26,133,13,D1: hide answer papers,B drop PCE<5,0.38461538461538464,0.46153846153846156,0.015037593984962405,8051.0
26,26,133,13,D1: hide answer papers,A2 within-paper ranker,0.3076923076923077,0.3076923076923077,0.09774436090225563,8051.0
26,26,133,13,D1: hide answer papers,ensemble k=0,0.46153846153846156,0.6923076923076923,0.022556390977443608,8051.0
26,26,133,13,D1: hide answer papers,ensemble k=1,0.46153846153846156,0.5384615384615384,0.022556390977443608,8051.0
27,27,131,13,-,random (1 permutation),0.0,0.0,0.25190839694656486,
27,27,131,13,as designed,v2,0.23076923076923078,0.38461538461538464,0.007633587786259542,7962.0
27,27,131,13,as designed,B drop PCE<5,0.3076923076923077,0.6153846153846154,0.007633587786259542,7962.0
27,27,131,13,as designed,A2 within-paper ranker,0.23076923076923078,0.46153846153846156,0.07633587786259542,7962.0
27,27,131,13,as designed,ensemble k=0,0.3076923076923077,0.5384615384615384,0.007633587786259542,7962.0
27,27,131,13,as designed,ensemble k=1,0.3076923076923077,0.5384615384615384,0.007633587786259542,7962.0
27,27,131,13,D1: hide answer papers,v2,0.3076923076923077,0.46153846153846156,0.04580152671755725,7801.0
27,27,131,13,D1: hide answer papers,B drop PCE<5,0.46153846153846156,0.6153846153846154,0.007633587786259542,7801.0
27,27,131,13,D1: hide answer papers,A2 within-paper ranker,0.23076923076923078,0.38461538461538464,0.1450381679389313,7801.0
27,27,131,13,D1: hide answer papers,ensemble k=0,0.3076923076923077,0.5384615384615384,0.10687022900763359,7801.0
27,27,131,13,D1: hide answer papers,ensemble k=1,0.38461538461538464,0.5384615384615384,0.04580152671755725,7801.0
28,28,136,14,-,random (1 permutation),0.14285714285714285,0.35714285714285715,0.5735294117647058,
28,28,136,14,as designed,v2,0.42857142857142855,0.6428571428571429,0.014705882352941176,8159.0
28,28,136,14,as designed,B drop PCE<5,0.5,0.5714285714285714,0.007352941176470588,8159.0
28,28,136,14,as designed,A2 within-paper ranker,0.21428571428571427,0.42857142857142855,0.014705882352941176,8159.0
28,28,136,14,as designed,ensemble k=0,0.35714285714285715,0.5714285714285714,0.08823529411764706,8159.0
28,28,136,14,as designed,ensemble k=1,0.42857142857142855,0.6428571428571429,0.014705882352941176,8159.0
28,28,136,14,D1: hide answer papers,v2,0.35714285714285715,0.6428571428571429,0.16911764705882354,8040.0
28,28,136,14,D1: hide answer papers,B drop PCE<5,0.42857142857142855,0.5714285714285714,0.022058823529411766,8040.0
28,28,136,14,D1: hide answer papers,A2 within-paper ranker,0.2857142857142857,0.42857142857142855,0.014705882352941176,8040.0
28,28,136,14,D1: hide answer papers,ensemble k=0,0.21428571428571427,0.5714285714285714,0.3602941176470588,8040.0
28,28,136,14,D1: hide answer papers,ensemble k=1,0.35714285714285715,0.5714285714285714,0.22058823529411764,8040.0
29,29,140,14,-,random (1 permutation),0.07142857142857142,0.21428571428571427,0.18571428571428572,
29,29,140,14,as designed,v2,0.35714285714285715,0.6428571428571429,0.15,7811.0
29,29,140,14,as designed,B drop PCE<5,0.2857142857142857,0.42857142857142855,0.21428571428571427,7811.0
29,29,140,14,as designed,A2 within-paper ranker,0.2857142857142857,0.5714285714285714,0.14285714285714285,7811.0
29,29,140,14,as designed,ensemble k=0,0.42857142857142855,0.6428571428571429,0.11428571428571428,7811.0
29,29,140,14,as designed,ensemble k=1,0.42857142857142855,0.6428571428571429,0.10714285714285714,7811.0
29,29,140,14,D1: hide answer papers,v2,0.2857142857142857,0.5,0.20714285714285716,7737.0
29,29,140,14,D1: hide answer papers,B drop PCE<5,0.2857142857142857,0.42857142857142855,0.24285714285714285,7737.0
29,29,140,14,D1: hide answer papers,A2 within-paper ranker,0.21428571428571427,0.42857142857142855,0.16428571428571428,7737.0
29,29,140,14,D1: hide answer papers,ensemble k=0,0.35714285714285715,0.7142857142857143,0.15714285714285714,7737.0
29,29,140,14,D1: hide answer papers,ensemble k=1,0.42857142857142855,0.7142857142857143,0.15714285714285714,7737.0
30,30,140,14,-,random (1 permutation),0.14285714285714285,0.2857142857142857,0.40714285714285714,
30,30,140,14,as designed,v2,0.2857142857142857,0.5,0.02142857142857143,7928.0
30,30,140,14,as designed,B drop PCE<5,0.35714285714285715,0.42857142857142855,0.014285714285714285,7928.0
30,30,140,14,as designed,A2 within-paper ranker,0.42857142857142855,0.5,0.007142857142857143,7928.0
30,30,140,14,as designed,ensemble k=0,0.42857142857142855,0.42857142857142855,0.08571428571428572,7928.0
30,30,140,14,as designed,ensemble k=1,0.42857142857142855,0.5,0.09285714285714286,7928.0
30,30,140,14,D1: hide answer papers,v2,0.35714285714285715,0.42857142857142855,0.007142857142857143,7867.0
30,30,140,14,D1: hide answer papers,B drop PCE<5,0.35714285714285715,0.42857142857142855,0.007142857142857143,7867.0
30,30,140,14,D1: hide answer papers,A2 within-paper ranker,0.5714285714285714,0.6428571428571429,0.02142857142857143,7867.0
30,30,140,14,D1: hide answer papers,ensemble k=0,0.2857142857142857,0.35714285714285715,0.014285714285714285,7867.0
30,30,140,14,D1: hide answer papers,ensemble k=1,0.2857142857142857,0.42857142857142855,0.02857142857142857,7867.0
31,31,136,14,-,random (1 permutation),0.0,0.07142857142857142,0.4264705882352941,
31,31,136,14,as designed,v2,0.42857142857142855,0.6428571428571429,0.04411764705882353,8004.0
31,31,136,14,as designed,B drop PCE<5,0.42857142857142855,0.6428571428571429,0.022058823529411766,8004.0
31,31,136,14,as designed,A2 within-paper ranker,0.14285714285714285,0.5714285714285714,0.022058823529411766,8004.0
31,31,136,14,as designed,ensemble k=0,0.35714285714285715,0.5714285714285714,0.04411764705882353,8004.0
31,31,136,14,as designed,ensemble k=1,0.35714285714285715,0.5714285714285714,0.058823529411764705,8004.0
31,31,136,14,D1: hide answer papers,v2,0.35714285714285715,0.5,0.09558823529411764,7860.0
31,31,136,14,D1: hide answer papers,B drop PCE<5,0.42857142857142855,0.5714285714285714,0.27941176470588236,7860.0
31,31,136,14,D1: hide answer papers,A2 within-paper ranker,0.21428571428571427,0.42857142857142855,0.022058823529411766,7860.0
31,31,136,14,D1: hide answer papers,ensemble k=0,0.2857142857142857,0.35714285714285715,0.11029411764705882,7860.0
31,31,136,14,D1: hide answer papers,ensemble k=1,0.2857142857142857,0.35714285714285715,0.08823529411764706,7860.0
32,32,131,13,-,random (1 permutation),0.15384615384615385,0.23076923076923078,0.9770992366412213,
32,32,131,13,as designed,v2,0.5384615384615384,0.6153846153846154,0.04580152671755725,8205.0
32,32,131,13,as designed,B drop PCE<5,0.6153846153846154,0.7692307692307693,0.10687022900763359,8205.0
32,32,131,13,as designed,A2 within-paper ranker,0.46153846153846156,0.6923076923076923,0.015267175572519083,8205.0
32,32,131,13,as designed,ensemble k=0,0.5384615384615384,0.7692307692307693,0.04580152671755725,8205.0
32,32,131,13,as designed,ensemble k=1,0.6153846153846154,0.6923076923076923,0.04580152671755725,8205.0
32,32,131,13,D1: hide answer papers,v2,0.38461538461538464,0.6923076923076923,0.183206106870229,8162.0
32,32,131,13,D1: hide answer papers,B drop PCE<5,0.46153846153846156,0.6923076923076923,0.1984732824427481,8162.0
32,32,131,13,D1: hide answer papers,A2 within-paper ranker,0.5384615384615384,0.7692307692307693,0.05343511450381679,8162.0
32,32,131,13,D1: hide answer papers,ensemble k=0,0.46153846153846156,0.46153846153846156,0.22900763358778625,8162.0
32,32,131,13,D1: hide answer papers,ensemble k=1,0.46153846153846156,0.6153846153846154,0.26717557251908397,8162.0
33,33,136,14,-,random (1 permutation),0.0,0.14285714285714285,0.7720588235294118,
33,33,136,14,as designed,v2,0.21428571428571427,0.6428571428571429,0.007352941176470588,7818.0
33,33,136,14,as designed,B drop PCE<5,0.2857142857142857,0.5714285714285714,0.007352941176470588,7818.0
33,33,136,14,as designed,A2 within-paper ranker,0.35714285714285715,0.42857142857142855,0.1323529411764706,7818.0
33,33,136,14,as designed,ensemble k=0,0.35714285714285715,0.5714285714285714,0.014705882352941176,7818.0
33,33,136,14,as designed,ensemble k=1,0.2857142857142857,0.6428571428571429,0.007352941176470588,7818.0
33,33,136,14,D1: hide answer papers,v2,0.35714285714285715,0.5,0.03676470588235294,7723.0
33,33,136,14,D1: hide answer papers,B drop PCE<5,0.2857142857142857,0.5714285714285714,0.007352941176470588,7723.0
33,33,136,14,D1: hide answer papers,A2 within-paper ranker,0.2857142857142857,0.5,0.11764705882352941,7723.0
33,33,136,14,D1: hide answer papers,ensemble k=0,0.21428571428571427,0.6428571428571429,0.022058823529411766,7723.0
33,33,136,14,D1: hide answer papers,ensemble k=1,0.21428571428571427,0.5714285714285714,0.03676470588235294,7723.0
34,34,134,13,-,random (1 permutation),0.07692307692307693,0.07692307692307693,0.7835820895522388,
34,34,134,13,as designed,v2,0.38461538461538464,0.6153846153846154,0.1044776119402985,7582.0
34,34,134,13,as designed,B drop PCE<5,0.46153846153846156,0.46153846153846156,0.007462686567164179,7582.0
34,34,134,13,as designed,A2 within-paper ranker,0.3076923076923077,0.5384615384615384,0.022388059701492536,7582.0
34,34,134,13,as designed,ensemble k=0,0.46153846153846156,0.5384615384615384,0.014925373134328358,7582.0
34,34,134,13,as designed,ensemble k=1,0.5384615384615384,0.5384615384615384,0.014925373134328358,7582.0
34,34,134,13,D1: hide answer papers,v2,0.38461538461538464,0.46153846153846156,0.44776119402985076,7490.0
34,34,134,13,D1: hide answer papers,B drop PCE<5,0.46153846153846156,0.5384615384615384,0.007462686567164179,7490.0
34,34,134,13,D1: hide answer papers,A2 within-paper ranker,0.3076923076923077,0.46153846153846156,0.05223880597014925,7490.0
34,34,134,13,D1: hide answer papers,ensemble k=0,0.23076923076923078,0.5384615384615384,0.22388059701492538,7490.0
34,34,134,13,D1: hide answer papers,ensemble k=1,0.38461538461538464,0.5384615384615384,0.17164179104477612,7490.0
35,35,133,13,-,random (1 permutation),0.15384615384615385,0.23076923076923078,0.007518796992481203,
35,35,133,13,as designed,v2,0.46153846153846156,0.6923076923076923,0.03007518796992481,8006.0
35,35,133,13,as designed,B drop PCE<5,0.3076923076923077,0.6153846153846154,0.007518796992481203,8006.0
35,35,133,13,as designed,A2 within-paper ranker,0.3076923076923077,0.46153846153846156,0.007518796992481203,8006.0
35,35,133,13,as designed,ensemble k=0,0.46153846153846156,0.6923076923076923,0.007518796992481203,8006.0
35,35,133,13,as designed,ensemble k=1,0.5384615384615384,0.6923076923076923,0.007518796992481203,8006.0
35,35,133,13,D1: hide answer papers,v2,0.38461538461538464,0.6153846153846154,0.13533834586466165,7878.0
35,35,133,13,D1: hide answer papers,B drop PCE<5,0.3076923076923077,0.6153846153846154,0.03007518796992481,7878.0
35,35,133,13,D1: hide answer papers,A2 within-paper ranker,0.15384615384615385,0.38461538461538464,0.3082706766917293,7878.0
35,35,133,13,D1: hide answer papers,ensemble k=0,0.38461538461538464,0.6923076923076923,0.10526315789473684,7878.0
35,35,133,13,D1: hide answer papers,ensemble k=1,0.38461538461538464,0.6153846153846154,0.03759398496240601,7878.0
36,36,139,14,-,random (1 permutation),0.07142857142857142,0.07142857142857142,0.7553956834532374,
36,36,139,14,as designed,v2,0.42857142857142855,0.7142857142857143,0.05755395683453238,7696.0
36,36,139,14,as designed,B drop PCE<5,0.2857142857142857,0.7142857142857143,0.1223021582733813,7696.0
36,36,139,14,as designed,A2 within-paper ranker,0.2857142857142857,0.5714285714285714,0.014388489208633094,7696.0
36,36,139,14,as designed,ensemble k=0,0.5,0.7857142857142857,0.08633093525179857,7696.0
36,36,139,14,as designed,ensemble k=1,0.5,0.7857142857142857,0.05755395683453238,7696.0
36,36,139,14,D1: hide answer papers,v2,0.2857142857142857,0.6428571428571429,0.1223021582733813,7604.0
36,36,139,14,D1: hide answer papers,B drop PCE<5,0.2857142857142857,0.6428571428571429,0.30935251798561153,7604.0
36,36,139,14,D1: hide answer papers,A2 within-paper ranker,0.21428571428571427,0.42857142857142855,0.014388489208633094,7604.0
36,36,139,14,D1: hide answer papers,ensemble k=0,0.35714285714285715,0.7857142857142857,0.16546762589928057,7604.0
36,36,139,14,D1: hide answer papers,ensemble k=1,0.35714285714285715,0.6428571428571429,0.18705035971223022,7604.0
37,37,126,13,-,random (1 permutation),0.07692307692307693,0.15384615384615385,0.9285714285714286,
37,37,126,13,as designed,v2,0.38461538461538464,0.6153846153846154,0.20634920634920634,7870.0
37,37,126,13,as designed,B drop PCE<5,0.38461538461538464,0.46153846153846156,0.2222222222222222,7870.0
37,37,126,13,as designed,A2 within-paper ranker,0.46153846153846156,0.6153846153846154,0.031746031746031744,7870.0
37,37,126,13,as designed,ensemble k=0,0.46153846153846156,0.6923076923076923,0.0873015873015873,7870.0
37,37,126,13,as designed,ensemble k=1,0.46153846153846156,0.6923076923076923,0.0873015873015873,7870.0
37,37,126,13,D1: hide answer papers,v2,0.38461538461538464,0.5384615384615384,0.35714285714285715,7811.0
37,37,126,13,D1: hide answer papers,B drop PCE<5,0.38461538461538464,0.46153846153846156,0.4126984126984127,7811.0
37,37,126,13,D1: hide answer papers,A2 within-paper ranker,0.38461538461538464,0.46153846153846156,0.03968253968253968,7811.0
37,37,126,13,D1: hide answer papers,ensemble k=0,0.3076923076923077,0.6153846153846154,0.3492063492063492,7811.0
37,37,126,13,D1: hide answer papers,ensemble k=1,0.23076923076923078,0.6153846153846154,0.24603174603174602,7811.0
38,38,139,14,-,random (1 permutation),0.0,0.14285714285714285,0.1510791366906475,
38,38,139,14,as designed,v2,0.42857142857142855,0.7857142857142857,0.2014388489208633,7697.0
38,38,139,14,as designed,B drop PCE<5,0.5,0.7142857142857143,0.007194244604316547,7697.0
38,38,139,14,as designed,A2 within-paper ranker,0.35714285714285715,0.5,0.2014388489208633,7697.0
38,38,139,14,as designed,ensemble k=0,0.5714285714285714,0.7857142857142857,0.04316546762589928,7697.0
38,38,139,14,as designed,ensemble k=1,0.5714285714285714,0.8571428571428571,0.03597122302158273,7697.0
38,38,139,14,D1: hide answer papers,v2,0.5714285714285714,0.7142857142857143,0.38848920863309355,7592.0
38,38,139,14,D1: hide answer papers,B drop PCE<5,0.42857142857142855,0.6428571428571429,0.26618705035971224,7592.0
38,38,139,14,D1: hide answer papers,A2 within-paper ranker,0.2857142857142857,0.42857142857142855,0.6834532374100719,7592.0
38,38,139,14,D1: hide answer papers,ensemble k=0,0.42857142857142855,0.6428571428571429,0.5611510791366906,7592.0
38,38,139,14,D1: hide answer papers,ensemble k=1,0.5,0.7142857142857143,0.3669064748201439,7592.0
39,39,140,14,-,random (1 permutation),0.14285714285714285,0.21428571428571427,0.8,
39,39,140,14,as designed,v2,0.2857142857142857,0.5,0.10714285714285714,7814.0
39,39,140,14,as designed,B drop PCE<5,0.42857142857142855,0.5,0.014285714285714285,7814.0
39,39,140,14,as designed,A2 within-paper ranker,0.42857142857142855,0.42857142857142855,0.02857142857142857,7814.0
39,39,140,14,as designed,ensemble k=0,0.35714285714285715,0.5714285714285714,0.08571428571428572,7814.0
39,39,140,14,as designed,ensemble k=1,0.35714285714285715,0.5714285714285714,0.05,7814.0
39,39,140,14,D1: hide answer papers,v2,0.21428571428571427,0.42857142857142855,0.16428571428571428,7666.0
39,39,140,14,D1: hide answer papers,B drop PCE<5,0.21428571428571427,0.5,0.1,7666.0
39,39,140,14,D1: hide answer papers,A2 within-paper ranker,0.42857142857142855,0.42857142857142855,0.02857142857142857,7666.0
39,39,140,14,D1: hide answer papers,ensemble k=0,0.2857142857142857,0.5,0.10714285714285714,7666.0
39,39,140,14,D1: hide answer papers,ensemble k=1,0.35714285714285715,0.42857142857142855,0.09285714285714286,7666.0
40,40,137,14,-,random (1 permutation),0.21428571428571427,0.2857142857142857,0.5109489051094891,
40,40,137,14,as designed,v2,0.42857142857142855,0.7142857142857143,0.1386861313868613,7972.0
40,40,137,14,as designed,B drop PCE<5,0.5714285714285714,0.7142857142857143,0.145985401459854,7972.0
40,40,137,14,as designed,A2 within-paper ranker,0.21428571428571427,0.35714285714285715,0.0072992700729927005,7972.0
40,40,137,14,as designed,ensemble k=0,0.5,0.7142857142857143,0.1678832116788321,7972.0
40,40,137,14,as designed,ensemble k=1,0.5,0.7857142857142857,0.13138686131386862,7972.0
40,40,137,14,D1: hide answer papers,v2,0.5,0.5714285714285714,0.45985401459854014,7805.0
40,40,137,14,D1: hide answer papers,B drop PCE<5,0.5,0.6428571428571429,0.36496350364963503,7805.0
40,40,137,14,D1: hide answer papers,A2 within-paper ranker,0.2857142857142857,0.2857142857142857,0.021897810218978103,7805.0
40,40,137,14,D1: hide answer papers,ensemble k=0,0.35714285714285715,0.7142857142857143,0.18248175182481752,7805.0
40,40,137,14,D1: hide answer papers,ensemble k=1,0.35714285714285715,0.7857142857142857,0.17518248175182483,7805.0
41,41,133,13,-,random (1 permutation),0.0,0.0,0.24060150375939848,
41,41,133,13,as designed,v2,0.38461538461538464,0.5384615384615384,0.007518796992481203,7543.0
41,41,133,13,as designed,B drop PCE<5,0.38461538461538464,0.6153846153846154,0.007518796992481203,7543.0
41,41,133,13,as designed,A2 within-paper ranker,0.38461538461538464,0.5384615384615384,0.022556390977443608,7543.0
41,41,133,13,as designed,ensemble k=0,0.3076923076923077,0.6153846153846154,0.015037593984962405,7543.0
41,41,133,13,as designed,ensemble k=1,0.38461538461538464,0.6153846153846154,0.007518796992481203,7543.0
41,41,133,13,D1: hide answer papers,v2,0.23076923076923078,0.46153846153846156,0.46616541353383456,7407.0
41,41,133,13,D1: hide answer papers,B drop PCE<5,0.38461538461538464,0.6153846153846154,0.15037593984962405,7407.0
41,41,133,13,D1: hide answer papers,A2 within-paper ranker,0.3076923076923077,0.46153846153846156,0.631578947368421,7407.0
41,41,133,13,D1: hide answer papers,ensemble k=0,0.23076923076923078,0.6153846153846154,0.12781954887218044,7407.0
41,41,133,13,D1: hide answer papers,ensemble k=1,0.23076923076923078,0.6153846153846154,0.12030075187969924,7407.0
42,42,138,14,-,random (1 permutation),0.14285714285714285,0.2857142857142857,0.2608695652173913,
42,42,138,14,as designed,v2,0.2857142857142857,0.5714285714285714,0.036231884057971016,7916.0
42,42,138,14,as designed,B drop PCE<5,0.5,0.7142857142857143,0.007246376811594203,7916.0
42,42,138,14,as designed,A2 within-paper ranker,0.14285714285714285,0.2857142857142857,0.5942028985507246,7916.0
42,42,138,14,as designed,ensemble k=0,0.35714285714285715,0.5,0.036231884057971016,7916.0
42,42,138,14,as designed,ensemble k=1,0.35714285714285715,0.5,0.036231884057971016,7916.0
42,42,138,14,D1: hide answer papers,v2,0.21428571428571427,0.5,0.14492753623188406,7798.0
42,42,138,14,D1: hide answer papers,B drop PCE<5,0.42857142857142855,0.7142857142857143,0.06521739130434782,7798.0
42,42,138,14,D1: hide answer papers,A2 within-paper ranker,0.14285714285714285,0.35714285714285715,0.7028985507246377,7798.0
42,42,138,14,D1: hide answer papers,ensemble k=0,0.2857142857142857,0.5714285714285714,0.050724637681159424,7798.0
42,42,138,14,D1: hide answer papers,ensemble k=1,0.42857142857142855,0.5714285714285714,0.050724637681159424,7798.0
43,43,134,13,-,random (1 permutation),0.23076923076923078,0.46153846153846156,0.07462686567164178,
43,43,134,13,as designed,v2,0.46153846153846156,0.6153846153846154,0.26119402985074625,7736.0
43,43,134,13,as designed,B drop PCE<5,0.46153846153846156,0.6153846153846154,0.23880597014925373,7736.0
43,43,134,13,as designed,A2 within-paper ranker,0.3076923076923077,0.6153846153846154,0.13432835820895522,7736.0
43,43,134,13,as designed,ensemble k=0,0.46153846153846156,0.5384615384615384,0.2462686567164179,7736.0
43,43,134,13,as designed,ensemble k=1,0.46153846153846156,0.6153846153846154,0.1791044776119403,7736.0
43,43,134,13,D1: hide answer papers,v2,0.38461538461538464,0.6153846153846154,0.2537313432835821,7629.0
43,43,134,13,D1: hide answer papers,B drop PCE<5,0.5384615384615384,0.6153846153846154,0.26865671641791045,7629.0
43,43,134,13,D1: hide answer papers,A2 within-paper ranker,0.38461538461538464,0.46153846153846156,0.3358208955223881,7629.0
43,43,134,13,D1: hide answer papers,ensemble k=0,0.38461538461538464,0.5384615384615384,0.27611940298507465,7629.0
43,43,134,13,D1: hide answer papers,ensemble k=1,0.38461538461538464,0.5384615384615384,0.291044776119403,7629.0
44,44,140,14,-,random (1 permutation),0.14285714285714285,0.21428571428571427,0.06428571428571428,
44,44,140,14,as designed,v2,0.2857142857142857,0.5714285714285714,0.007142857142857143,7608.0
44,44,140,14,as designed,B drop PCE<5,0.42857142857142855,0.5,0.007142857142857143,7608.0
44,44,140,14,as designed,A2 within-paper ranker,0.21428571428571427,0.5,0.014285714285714285,7608.0
44,44,140,14,as designed,ensemble k=0,0.5,0.5714285714285714,0.03571428571428571,7608.0
44,44,140,14,as designed,ensemble k=1,0.42857142857142855,0.6428571428571429,0.02857142857142857,7608.0
44,44,140,14,D1: hide answer papers,v2,0.35714285714285715,0.6428571428571429,0.08571428571428572,7502.0
44,44,140,14,D1: hide answer papers,B drop PCE<5,0.35714285714285715,0.5714285714285714,0.007142857142857143,7502.0
44,44,140,14,D1: hide answer papers,A2 within-paper ranker,0.21428571428571427,0.35714285714285715,0.5857142857142857,7502.0
44,44,140,14,D1: hide answer papers,ensemble k=0,0.2857142857142857,0.6428571428571429,0.09285714285714286,7502.0
44,44,140,14,D1: hide answer papers,ensemble k=1,0.35714285714285715,0.6428571428571429,0.08571428571428572,7502.0
45,45,133,13,-,random (1 permutation),0.07692307692307693,0.23076923076923078,0.7969924812030075,
45,45,133,13,as designed,v2,0.46153846153846156,0.7692307692307693,0.09022556390977443,7908.0
45,45,133,13,as designed,B drop PCE<5,0.38461538461538464,0.6923076923076923,0.10526315789473684,7908.0
45,45,133,13,as designed,A2 within-paper ranker,0.3076923076923077,0.6923076923076923,0.015037593984962405,7908.0
45,45,133,13,as designed,ensemble k=0,0.46153846153846156,0.7692307692307693,0.045112781954887216,7908.0
45,45,133,13,as designed,ensemble k=1,0.5384615384615384,0.7692307692307693,0.045112781954887216,7908.0
45,45,133,13,D1: hide answer papers,v2,0.38461538461538464,0.6923076923076923,0.09022556390977443,7817.0
45,45,133,13,D1: hide answer papers,B drop PCE<5,0.3076923076923077,0.7692307692307693,0.11278195488721804,7817.0
45,45,133,13,D1: hide answer papers,A2 within-paper ranker,0.38461538461538464,0.6923076923076923,0.015037593984962405,7817.0
45,45,133,13,D1: hide answer papers,ensemble k=0,0.46153846153846156,0.7692307692307693,0.045112781954887216,7817.0
45,45,133,13,D1: hide answer papers,ensemble k=1,0.46153846153846156,0.7692307692307693,0.06015037593984962,7817.0
46,46,134,13,-,random (1 permutation),0.15384615384615385,0.3076923076923077,0.5671641791044776,
46,46,134,13,as designed,v2,0.38461538461538464,0.6923076923076923,0.07462686567164178,8086.0
46,46,134,13,as designed,B drop PCE<5,0.3076923076923077,0.6923076923076923,0.007462686567164179,8086.0
46,46,134,13,as designed,A2 within-paper ranker,0.3076923076923077,0.5384615384615384,0.291044776119403,8086.0
46,46,134,13,as designed,ensemble k=0,0.46153846153846156,0.8461538461538461,0.07462686567164178,8086.0
46,46,134,13,as designed,ensemble k=1,0.5384615384615384,0.8461538461538461,0.014925373134328358,8086.0
46,46,134,13,D1: hide answer papers,v2,0.3076923076923077,0.6923076923076923,0.3582089552238806,7985.0
46,46,134,13,D1: hide answer papers,B drop PCE<5,0.38461538461538464,0.6153846153846154,0.03731343283582089,7985.0
46,46,134,13,D1: hide answer papers,A2 within-paper ranker,0.38461538461538464,0.5384615384615384,0.6119402985074627,7985.0
46,46,134,13,D1: hide answer papers,ensemble k=0,0.38461538461538464,0.7692307692307693,0.2835820895522388,7985.0
46,46,134,13,D1: hide answer papers,ensemble k=1,0.46153846153846156,0.6923076923076923,0.1791044776119403,7985.0
47,47,144,14,-,random (1 permutation),0.0,0.0,0.9236111111111112,
47,47,144,14,as designed,v2,0.14285714285714285,0.42857142857142855,0.10416666666666667,7736.0
47,47,144,14,as designed,B drop PCE<5,0.2857142857142857,0.5,0.20833333333333334,7736.0
47,47,144,14,as designed,A2 within-paper ranker,0.42857142857142855,0.5,0.05555555555555555,7736.0
47,47,144,14,as designed,ensemble k=0,0.2857142857142857,0.5,0.0763888888888889,7736.0
47,47,144,14,as designed,ensemble k=1,0.42857142857142855,0.5,0.09722222222222222,7736.0
47,47,144,14,D1: hide answer papers,v2,0.07142857142857142,0.2857142857142857,0.125,7634.0
47,47,144,14,D1: hide answer papers,B drop PCE<5,0.2857142857142857,0.5,0.1527777777777778,7634.0
47,47,144,14,D1: hide answer papers,A2 within-paper ranker,0.2857142857142857,0.42857142857142855,0.04861111111111111,7634.0
47,47,144,14,D1: hide answer papers,ensemble k=0,0.21428571428571427,0.2857142857142857,0.1111111111111111,7634.0
47,47,144,14,D1: hide answer papers,ensemble k=1,0.21428571428571427,0.42857142857142855,0.1111111111111111,7634.0
48,48,145,14,-,random (1 permutation),0.14285714285714285,0.21428571428571427,0.18620689655172415,
48,48,145,14,as designed,v2,0.42857142857142855,0.7857142857142857,0.034482758620689655,7953.0
48,48,145,14,as designed,B drop PCE<5,0.35714285714285715,0.7142857142857143,0.12413793103448276,7953.0
48,48,145,14,as designed,A2 within-paper ranker,0.35714285714285715,0.5,0.027586206896551724,7953.0
48,48,145,14,as designed,ensemble k=0,0.35714285714285715,0.8571428571428571,0.08275862068965517,7953.0
48,48,145,14,as designed,ensemble k=1,0.42857142857142855,0.7857142857142857,0.08275862068965517,7953.0
48,48,145,14,D1: hide answer papers,v2,0.21428571428571427,0.6428571428571429,0.1724137931034483,7852.0
48,48,145,14,D1: hide answer papers,B drop PCE<5,0.21428571428571427,0.42857142857142855,0.3448275862068966,7852.0
48,48,145,14,D1: hide answer papers,A2 within-paper ranker,0.35714285714285715,0.5714285714285714,0.006896551724137931,7852.0
48,48,145,14,D1: hide answer papers,ensemble k=0,0.21428571428571427,0.42857142857142855,0.22758620689655173,7852.0
48,48,145,14,D1: hide answer papers,ensemble k=1,0.2857142857142857,0.5714285714285714,0.20689655172413793,7852.0
49,49,134,13,-,random (1 permutation),0.07692307692307693,0.23076923076923078,0.3805970149253731,
49,49,134,13,as designed,v2,0.38461538461538464,0.6153846153846154,0.022388059701492536,7980.0
49,49,134,13,as designed,B drop PCE<5,0.46153846153846156,0.6923076923076923,0.007462686567164179,7980.0
49,49,134,13,as designed,A2 within-paper ranker,0.15384615384615385,0.46153846153846156,0.014925373134328358,7980.0
49,49,134,13,as designed,ensemble k=0,0.38461538461538464,0.6923076923076923,0.09701492537313433,7980.0
49,49,134,13,as designed,ensemble k=1,0.3076923076923077,0.6153846153846154,0.05970149253731343,7980.0
49,49,134,13,D1: hide answer papers,v2,0.38461538461538464,0.6153846153846154,0.3582089552238806,7799.0
49,49,134,13,D1: hide answer papers,B drop PCE<5,0.3076923076923077,0.6923076923076923,0.1417910447761194,7799.0
49,49,134,13,D1: hide answer papers,A2 within-paper ranker,0.15384615384615385,0.3076923076923077,0.43283582089552236,7799.0
49,49,134,13,D1: hide answer papers,ensemble k=0,0.23076923076923078,0.5384615384615384,0.26865671641791045,7799.0
49,49,134,13,D1: hide answer papers,ensemble k=1,0.23076923076923078,0.6153846153846154,0.208955223880597,7799.0
50,50,134,13,-,random (1 permutation),0.07692307692307693,0.23076923076923078,0.08955223880597014,
50,50,134,13,as designed,v2,0.15384615384615385,0.5384615384615384,0.06716417910447761,7815.0
50,50,134,13,as designed,B drop PCE<5,0.15384615384615385,0.46153846153846156,0.19402985074626866,7815.0
50,50,134,13,as designed,A2 within-paper ranker,0.46153846153846156,0.6923076923076923,0.029850746268656716,7815.0
50,50,134,13,as designed,ensemble k=0,0.15384615384615385,0.5384615384615384,0.05223880597014925,7815.0
50,50,134,13,as designed,ensemble k=1,0.3076923076923077,0.5384615384615384,0.05223880597014925,7815.0
50,50,134,13,D1: hide answer papers,v2,0.23076923076923078,0.38461538461538464,0.1865671641791045,7751.0
50,50,134,13,D1: hide answer papers,B drop PCE<5,0.07692307692307693,0.3076923076923077,0.3358208955223881,7751.0
50,50,134,13,D1: hide answer papers,A2 within-paper ranker,0.3076923076923077,0.6153846153846154,0.06716417910447761,7751.0
50,50,134,13,D1: hide answer papers,ensemble k=0,0.15384615384615385,0.38461538461538464,0.15671641791044777,7751.0
50,50,134,13,D1: hide answer papers,ensemble k=1,0.23076923076923078,0.38461538461538464,0.12686567164179105,7751.0
51,51,132,13,-,random (1 permutation),0.3076923076923077,0.3076923076923077,0.48484848484848486,
51,51,132,13,as designed,v2,0.5384615384615384,0.6153846153846154,0.007575757575757576,8089.0
51,51,132,13,as designed,B drop PCE<5,0.5384615384615384,0.6923076923076923,0.015151515151515152,8089.0
51,51,132,13,as designed,A2 within-paper ranker,0.38461538461538464,0.5384615384615384,0.015151515151515152,8089.0
51,51,132,13,as designed,ensemble k=0,0.46153846153846156,0.6923076923076923,0.030303030303030304,8089.0
51,51,132,13,as designed,ensemble k=1,0.46153846153846156,0.6923076923076923,0.03787878787878788,8089.0
51,51,132,13,D1: hide answer papers,v2,0.38461538461538464,0.6153846153846154,0.030303030303030304,8007.0
51,51,132,13,D1: hide answer papers,B drop PCE<5,0.46153846153846156,0.6153846153846154,0.05303030303030303,8007.0
51,51,132,13,D1: hide answer papers,A2 within-paper ranker,0.3076923076923077,0.6153846153846154,0.022727272727272728,8007.0
51,51,132,13,D1: hide answer papers,ensemble k=0,0.38461538461538464,0.6153846153846154,0.022727272727272728,8007.0
51,51,132,13,D1: hide answer papers,ensemble k=1,0.38461538461538464,0.6153846153846154,0.022727272727272728,8007.0
52,52,133,13,-,random (1 permutation),0.15384615384615385,0.3076923076923077,0.15037593984962405,
52,52,133,13,as designed,v2,0.23076923076923078,0.46153846153846156,0.007518796992481203,7373.0
52,52,133,13,as designed,B drop PCE<5,0.23076923076923078,0.46153846153846156,0.007518796992481203,7373.0
52,52,133,13,as designed,A2 within-paper ranker,0.15384615384615385,0.38461538461538464,0.015037593984962405,7373.0
52,52,133,13,as designed,ensemble k=0,0.23076923076923078,0.38461538461538464,0.007518796992481203,7373.0
52,52,133,13,as designed,ensemble k=1,0.23076923076923078,0.38461538461538464,0.007518796992481203,7373.0
52,52,133,13,D1: hide answer papers,v2,0.15384615384615385,0.23076923076923078,0.007518796992481203,7266.0
52,52,133,13,D1: hide answer papers,B drop PCE<5,0.3076923076923077,0.46153846153846156,0.007518796992481203,7266.0
52,52,133,13,D1: hide answer papers,A2 within-paper ranker,0.07692307692307693,0.38461538461538464,0.015037593984962405,7266.0
52,52,133,13,D1: hide answer papers,ensemble k=0,0.07692307692307693,0.38461538461538464,0.11278195488721804,7266.0
52,52,133,13,D1: hide answer papers,ensemble k=1,0.23076923076923078,0.38461538461538464,0.09022556390977443,7266.0
53,53,132,13,-,random (1 permutation),0.15384615384615385,0.5384615384615384,0.25,
53,53,132,13,as designed,v2,0.23076923076923078,0.5384615384615384,0.007575757575757576,7631.0
53,53,132,13,as designed,B drop PCE<5,0.3076923076923077,0.46153846153846156,0.007575757575757576,7631.0
53,53,132,13,as designed,A2 within-paper ranker,0.3076923076923077,0.3076923076923077,0.030303030303030304,7631.0
53,53,132,13,as designed,ensemble k=0,0.38461538461538464,0.5384615384615384,0.007575757575757576,7631.0
53,53,132,13,as designed,ensemble k=1,0.46153846153846156,0.6153846153846154,0.007575757575757576,7631.0
53,53,132,13,D1: hide answer papers,v2,0.38461538461538464,0.5384615384615384,0.030303030303030304,7570.0
53,53,132,13,D1: hide answer papers,B drop PCE<5,0.3076923076923077,0.5384615384615384,0.030303030303030304,7570.0
53,53,132,13,D1: hide answer papers,A2 within-paper ranker,0.23076923076923078,0.23076923076923078,0.045454545454545456,7570.0
53,53,132,13,D1: hide answer papers,ensemble k=0,0.38461538461538464,0.46153846153846156,0.11363636363636363,7570.0
53,53,132,13,D1: hide answer papers,ensemble k=1,0.38461538461538464,0.5384615384615384,0.08333333333333333,7570.0
54,54,139,14,-,random (1 permutation),0.07142857142857142,0.2857142857142857,0.302158273381295,
54,54,139,14,as designed,v2,0.35714285714285715,0.5714285714285714,0.05755395683453238,7940.0
54,54,139,14,as designed,B drop PCE<5,0.42857142857142855,0.7857142857142857,0.09352517985611511,7940.0
54,54,139,14,as designed,A2 within-paper ranker,0.14285714285714285,0.2857142857142857,0.302158273381295,7940.0
54,54,139,14,as designed,ensemble k=0,0.42857142857142855,0.7142857142857143,0.05755395683453238,7940.0
54,54,139,14,as designed,ensemble k=1,0.5,0.7142857142857143,0.08633093525179857,7940.0
54,54,139,14,D1: hide answer papers,v2,0.2857142857142857,0.5714285714285714,0.12949640287769784,7855.0
54,54,139,14,D1: hide answer papers,B drop PCE<5,0.35714285714285715,0.6428571428571429,0.2014388489208633,7855.0
54,54,139,14,D1: hide answer papers,A2 within-paper ranker,0.14285714285714285,0.2857142857142857,0.31654676258992803,7855.0
54,54,139,14,D1: hide answer papers,ensemble k=0,0.35714285714285715,0.6428571428571429,0.11510791366906475,7855.0
54,54,139,14,D1: hide answer papers,ensemble k=1,0.35714285714285715,0.6428571428571429,0.15827338129496402,7855.0
55,55,147,15,-,random (1 permutation),0.13333333333333333,0.13333333333333333,0.46258503401360546,
55,55,147,15,as designed,v2,0.4,0.4666666666666667,0.027210884353741496,8037.0
55,55,147,15,as designed,B drop PCE<5,0.26666666666666666,0.4666666666666667,0.02040816326530612,8037.0
55,55,147,15,as designed,A2 within-paper ranker,0.4,0.5333333333333333,0.05442176870748299,8037.0
55,55,147,15,as designed,ensemble k=0,0.3333333333333333,0.4,0.08843537414965986,8037.0
55,55,147,15,as designed,ensemble k=1,0.3333333333333333,0.4666666666666667,0.04081632653061224,8037.0
55,55,147,15,D1: hide answer papers,v2,0.3333333333333333,0.4666666666666667,0.02040816326530612,7997.0
55,55,147,15,D1: hide answer papers,B drop PCE<5,0.3333333333333333,0.5333333333333333,0.013605442176870748,7997.0
55,55,147,15,D1: hide answer papers,A2 within-paper ranker,0.4,0.4666666666666667,0.047619047619047616,7997.0
55,55,147,15,D1: hide answer papers,ensemble k=0,0.3333333333333333,0.4666666666666667,0.05442176870748299,7997.0
55,55,147,15,D1: hide answer papers,ensemble k=1,0.26666666666666666,0.4666666666666667,0.034013605442176874,7997.0
56,56,135,14,-,random (1 permutation),0.0,0.21428571428571427,0.25925925925925924,
56,56,135,14,as designed,v2,0.35714285714285715,0.6428571428571429,0.007407407407407408,8000.0
56,56,135,14,as designed,B drop PCE<5,0.2857142857142857,0.5,0.014814814814814815,8000.0
56,56,135,14,as designed,A2 within-paper ranker,0.5,0.7142857142857143,0.08888888888888889,8000.0
56,56,135,14,as designed,ensemble k=0,0.35714285714285715,0.5714285714285714,0.014814814814814815,8000.0
56,56,135,14,as designed,ensemble k=1,0.42857142857142855,0.5714285714285714,0.007407407407407408,8000.0
56,56,135,14,D1: hide answer papers,v2,0.35714285714285715,0.42857142857142855,0.1037037037037037,7894.0
56,56,135,14,D1: hide answer papers,B drop PCE<5,0.2857142857142857,0.42857142857142855,0.16296296296296298,7894.0
56,56,135,14,D1: hide answer papers,A2 within-paper ranker,0.21428571428571427,0.5714285714285714,0.6370370370370371,7894.0
56,56,135,14,D1: hide answer papers,ensemble k=0,0.2857142857142857,0.5,0.0962962962962963,7894.0
56,56,135,14,D1: hide answer papers,ensemble k=1,0.35714285714285715,0.5714285714285714,0.13333333333333333,7894.0
57,57,126,13,-,random (1 permutation),0.07692307692307693,0.23076923076923078,0.6825396825396826,
57,57,126,13,as designed,v2,0.38461538461538464,0.6923076923076923,0.19047619047619047,7672.0
57,57,126,13,as designed,B drop PCE<5,0.5384615384615384,0.6923076923076923,0.07142857142857142,7672.0
57,57,126,13,as designed,A2 within-paper ranker,0.15384615384615385,0.38461538461538464,0.18253968253968253,7672.0
57,57,126,13,as designed,ensemble k=0,0.38461538461538464,0.6923076923076923,0.1349206349206349,7672.0
57,57,126,13,as designed,ensemble k=1,0.38461538461538464,0.6923076923076923,0.023809523809523808,7672.0
57,57,126,13,D1: hide answer papers,v2,0.46153846153846156,0.6923076923076923,0.10317460317460317,7608.0
57,57,126,13,D1: hide answer papers,B drop PCE<5,0.38461538461538464,0.6923076923076923,0.1111111111111111,7608.0
57,57,126,13,D1: hide answer papers,A2 within-paper ranker,0.15384615384615385,0.23076923076923078,0.0873015873015873,7608.0
57,57,126,13,D1: hide answer papers,ensemble k=0,0.38461538461538464,0.6923076923076923,0.10317460317460317,7608.0
57,57,126,13,D1: hide answer papers,ensemble k=1,0.38461538461538464,0.5384615384615384,0.06349206349206349,7608.0
58,58,148,15,-,random (1 permutation),0.13333333333333333,0.13333333333333333,0.21621621621621623,
58,58,148,15,as designed,v2,0.4,0.5333333333333333,0.08108108108108109,8046.0
58,58,148,15,as designed,B drop PCE<5,0.3333333333333333,0.5333333333333333,0.18243243243243243,8046.0
58,58,148,15,as designed,A2 within-paper ranker,0.4,0.5333333333333333,0.07432432432432433,8046.0
58,58,148,15,as designed,ensemble k=0,0.3333333333333333,0.6,0.06756756756756757,8046.0
58,58,148,15,as designed,ensemble k=1,0.4,0.6666666666666666,0.06756756756756757,8046.0
58,58,148,15,D1: hide answer papers,v2,0.2,0.4666666666666667,0.1554054054054054,7940.0
58,58,148,15,D1: hide answer papers,B drop PCE<5,0.26666666666666666,0.4666666666666667,0.31756756756756754,7940.0
58,58,148,15,D1: hide answer papers,A2 within-paper ranker,0.4666666666666667,0.4666666666666667,0.07432432432432433,7940.0
58,58,148,15,D1: hide answer papers,ensemble k=0,0.26666666666666666,0.5333333333333333,0.10810810810810811,7940.0
58,58,148,15,D1: hide answer papers,ensemble k=1,0.26666666666666666,0.5333333333333333,0.10810810810810811,7940.0
59,59,141,14,-,random (1 permutation),0.2857142857142857,0.2857142857142857,0.06382978723404255,
59,59,141,14,as designed,v2,0.5,0.7142857142857143,0.028368794326241134,7900.0
59,59,141,14,as designed,B drop PCE<5,0.5,0.7142857142857143,0.11347517730496454,7900.0
59,59,141,14,as designed,A2 within-paper ranker,0.42857142857142855,0.5,0.028368794326241134,7900.0
59,59,141,14,as designed,ensemble k=0,0.5,0.7142857142857143,0.05673758865248227,7900.0
59,59,141,14,as designed,ensemble k=1,0.5,0.6428571428571429,0.07801418439716312,7900.0
59,59,141,14,D1: hide answer papers,v2,0.5,0.6428571428571429,0.06382978723404255,7835.0
59,59,141,14,D1: hide answer papers,B drop PCE<5,0.5714285714285714,0.6428571428571429,0.07801418439716312,7835.0
59,59,141,14,D1: hide answer papers,A2 within-paper ranker,0.35714285714285715,0.5714285714285714,0.02127659574468085,7835.0
59,59,141,14,D1: hide answer papers,ensemble k=0,0.5,0.5714285714285714,0.09219858156028368,7835.0
59,59,141,14,D1: hide answer papers,ensemble k=1,0.42857142857142855,0.7142857142857143,0.15602836879432624,7835.0
60,60,134,13,-,random (1 permutation),0.15384615384615385,0.23076923076923078,0.8208955223880597,
60,60,134,13,as designed,v2,0.3076923076923077,0.46153846153846156,0.14925373134328357,7582.0
60,60,134,13,as designed,B drop PCE<5,0.3076923076923077,0.5384615384615384,0.1417910447761194,7582.0
60,60,134,13,as designed,A2 within-paper ranker,0.46153846153846156,0.6923076923076923,0.014925373134328358,7582.0
60,60,134,13,as designed,ensemble k=0,0.3076923076923077,0.5384615384615384,0.03731343283582089,7582.0
60,60,134,13,as designed,ensemble k=1,0.38461538461538464,0.5384615384615384,0.04477611940298507,7582.0
60,60,134,13,D1: hide answer papers,v2,0.23076923076923078,0.46153846153846156,0.09701492537313433,7460.0
60,60,134,13,D1: hide answer papers,B drop PCE<5,0.23076923076923078,0.46153846153846156,0.1865671641791045,7460.0
60,60,134,13,D1: hide answer papers,A2 within-paper ranker,0.46153846153846156,0.6923076923076923,0.007462686567164179,7460.0
60,60,134,13,D1: hide answer papers,ensemble k=0,0.23076923076923078,0.38461538461538464,0.07462686567164178,7460.0
60,60,134,13,D1: hide answer papers,ensemble k=1,0.3076923076923077,0.6153846153846154,0.06716417910447761,7460.0
61,61,136,14,-,random (1 permutation),0.14285714285714285,0.2857142857142857,0.7720588235294118,
61,61,136,14,as designed,v2,0.14285714285714285,0.42857142857142855,0.15441176470588236,7831.0
61,61,136,14,as designed,B drop PCE<5,0.2857142857142857,0.5,0.10294117647058823,7831.0
61,61,136,14,as designed,A2 within-paper ranker,0.2857142857142857,0.42857142857142855,0.029411764705882353,7831.0
61,61,136,14,as designed,ensemble k=0,0.35714285714285715,0.5,0.08088235294117647,7831.0
61,61,136,14,as designed,ensemble k=1,0.2857142857142857,0.5,0.125,7831.0
61,61,136,14,D1: hide answer papers,v2,0.14285714285714285,0.2857142857142857,0.125,7690.0
61,61,136,14,D1: hide answer papers,B drop PCE<5,0.07142857142857142,0.5,0.125,7690.0
61,61,136,14,D1: hide answer papers,A2 within-paper ranker,0.14285714285714285,0.42857142857142855,0.051470588235294115,7690.0
61,61,136,14,D1: hide answer papers,ensemble k=0,0.21428571428571427,0.35714285714285715,0.11029411764705882,7690.0
61,61,136,14,D1: hide answer papers,ensemble k=1,0.2857142857142857,0.35714285714285715,0.09558823529411764,7690.0
62,62,135,14,-,random (1 permutation),0.0,0.0,0.4888888888888889,
62,62,135,14,as designed,v2,0.42857142857142855,0.7142857142857143,0.08888888888888889,7669.0
62,62,135,14,as designed,B drop PCE<5,0.5714285714285714,0.7142857142857143,0.02962962962962963,7669.0
62,62,135,14,as designed,A2 within-paper ranker,0.42857142857142855,0.5714285714285714,0.014814814814814815,7669.0
62,62,135,14,as designed,ensemble k=0,0.42857142857142855,0.6428571428571429,0.1259259259259259,7669.0
62,62,135,14,as designed,ensemble k=1,0.5,0.7142857142857143,0.05925925925925926,7669.0
62,62,135,14,D1: hide answer papers,v2,0.35714285714285715,0.5714285714285714,0.562962962962963,7508.0
62,62,135,14,D1: hide answer papers,B drop PCE<5,0.6428571428571429,0.7857142857142857,0.022222222222222223,7508.0
62,62,135,14,D1: hide answer papers,A2 within-paper ranker,0.5,0.6428571428571429,0.037037037037037035,7508.0
62,62,135,14,D1: hide answer papers,ensemble k=0,0.35714285714285715,0.5,0.35555555555555557,7508.0
62,62,135,14,D1: hide answer papers,ensemble k=1,0.35714285714285715,0.5,0.34074074074074073,7508.0
63,63,143,14,-,random (1 permutation),0.07142857142857142,0.2857142857142857,0.1888111888111888,
63,63,143,14,as designed,v2,0.35714285714285715,0.42857142857142855,0.32167832167832167,8254.0
63,63,143,14,as designed,B drop PCE<5,0.2857142857142857,0.5,0.32867132867132864,8254.0
63,63,143,14,as designed,A2 within-paper ranker,0.42857142857142855,0.5,0.013986013986013986,8254.0
63,63,143,14,as designed,ensemble k=0,0.2857142857142857,0.5714285714285714,0.15384615384615385,8254.0
63,63,143,14,as designed,ensemble k=1,0.21428571428571427,0.42857142857142855,0.13986013986013987,8254.0
63,63,143,14,D1: hide answer papers,v2,0.42857142857142855,0.5,0.34265734265734266,8146.0
63,63,143,14,D1: hide answer papers,B drop PCE<5,0.21428571428571427,0.5,0.46153846153846156,8146.0
63,63,143,14,D1: hide answer papers,A2 within-paper ranker,0.42857142857142855,0.42857142857142855,0.055944055944055944,8146.0
63,63,143,14,D1: hide answer papers,ensemble k=0,0.2857142857142857,0.5,0.26573426573426573,8146.0
63,63,143,14,D1: hide answer papers,ensemble k=1,0.35714285714285715,0.42857142857142855,0.3076923076923077,8146.0
64,64,125,12,-,random (1 permutation),0.16666666666666666,0.16666666666666666,0.216,
64,64,125,12,as designed,v2,0.5,0.6666666666666666,0.056,8260.0
64,64,125,12,as designed,B drop PCE<5,0.4166666666666667,0.6666666666666666,0.128,8260.0
64,64,125,12,as designed,A2 within-paper ranker,0.4166666666666667,0.5833333333333334,0.016,8260.0
64,64,125,12,as designed,ensemble k=0,0.5,0.5833333333333334,0.088,8260.0
64,64,125,12,as designed,ensemble k=1,0.5,0.5833333333333334,0.088,8260.0
64,64,125,12,D1: hide answer papers,v2,0.3333333333333333,0.5,0.04,8102.0
64,64,125,12,D1: hide answer papers,B drop PCE<5,0.4166666666666667,0.5833333333333334,0.12,8102.0
64,64,125,12,D1: hide answer papers,A2 within-paper ranker,0.4166666666666667,0.6666666666666666,0.016,8102.0
64,64,125,12,D1: hide answer papers,ensemble k=0,0.3333333333333333,0.5833333333333334,0.104,8102.0
64,64,125,12,D1: hide answer papers,ensemble k=1,0.3333333333333333,0.5833333333333334,0.088,8102.0
65,65,138,14,-,random (1 permutation),0.07142857142857142,0.14285714285714285,0.5144927536231884,
65,65,138,14,as designed,v2,0.5,0.6428571428571429,0.07971014492753623,7577.0
65,65,138,14,as designed,B drop PCE<5,0.5,0.7857142857142857,0.12318840579710146,7577.0
65,65,138,14,as designed,A2 within-paper ranker,0.35714285714285715,0.42857142857142855,0.043478260869565216,7577.0
65,65,138,14,as designed,ensemble k=0,0.42857142857142855,0.6428571428571429,0.12318840579710146,7577.0
65,65,138,14,as designed,ensemble k=1,0.2857142857142857,0.6428571428571429,0.17391304347826086,7577.0
65,65,138,14,D1: hide answer papers,v2,0.2857142857142857,0.5714285714285714,0.11594202898550725,7281.0
65,65,138,14,D1: hide answer papers,B drop PCE<5,0.5714285714285714,0.6428571428571429,0.09420289855072464,7281.0
65,65,138,14,D1: hide answer papers,A2 within-paper ranker,0.35714285714285715,0.42857142857142855,0.028985507246376812,7281.0
65,65,138,14,D1: hide answer papers,ensemble k=0,0.21428571428571427,0.5,0.13043478260869565,7281.0
65,65,138,14,D1: hide answer papers,ensemble k=1,0.21428571428571427,0.5714285714285714,0.15217391304347827,7281.0
66,66,132,13,-,random (1 permutation),0.0,0.0,0.2803030303030303,
66,66,132,13,as designed,v2,0.46153846153846156,0.6923076923076923,0.022727272727272728,7638.0
66,66,132,13,as designed,B drop PCE<5,0.38461538461538464,0.6153846153846154,0.030303030303030304,7638.0
66,66,132,13,as designed,A2 within-paper ranker,0.15384615384615385,0.23076923076923078,0.015151515151515152,7638.0
66,66,132,13,as designed,ensemble k=0,0.38461538461538464,0.5384615384615384,0.022727272727272728,7638.0
66,66,132,13,as designed,ensemble k=1,0.38461538461538464,0.6153846153846154,0.030303030303030304,7638.0
66,66,132,13,D1: hide answer papers,v2,0.38461538461538464,0.6153846153846154,0.06818181818181818,7576.0
66,66,132,13,D1: hide answer papers,B drop PCE<5,0.38461538461538464,0.5384615384615384,0.09090909090909091,7576.0
66,66,132,13,D1: hide answer papers,A2 within-paper ranker,0.15384615384615385,0.3076923076923077,0.03787878787878788,7576.0
66,66,132,13,D1: hide answer papers,ensemble k=0,0.3076923076923077,0.6153846153846154,0.10606060606060606,7576.0
66,66,132,13,D1: hide answer papers,ensemble k=1,0.46153846153846156,0.6923076923076923,0.11363636363636363,7576.0
67,67,128,13,-,random (1 permutation),0.15384615384615385,0.23076923076923078,0.2734375,
67,67,128,13,as designed,v2,0.46153846153846156,0.7692307692307693,0.0390625,7712.0
67,67,128,13,as designed,B drop PCE<5,0.38461538461538464,0.6153846153846154,0.109375,7712.0
67,67,128,13,as designed,A2 within-paper ranker,0.38461538461538464,0.46153846153846156,0.015625,7712.0
67,67,128,13,as designed,ensemble k=0,0.46153846153846156,0.7692307692307693,0.0234375,7712.0
67,67,128,13,as designed,ensemble k=1,0.38461538461538464,0.8461538461538461,0.0234375,7712.0
67,67,128,13,D1: hide answer papers,v2,0.46153846153846156,0.6153846153846154,0.046875,7653.0
67,67,128,13,D1: hide answer papers,B drop PCE<5,0.38461538461538464,0.6923076923076923,0.25,7653.0
67,67,128,13,D1: hide answer papers,A2 within-paper ranker,0.38461538461538464,0.5384615384615384,0.046875,7653.0
67,67,128,13,D1: hide answer papers,ensemble k=0,0.5384615384615384,0.7692307692307693,0.0859375,7653.0
67,67,128,13,D1: hide answer papers,ensemble k=1,0.46153846153846156,0.8461538461538461,0.09375,7653.0
68,68,131,13,-,random (1 permutation),0.0,0.3076923076923077,0.4961832061068702,
68,68,131,13,as designed,v2,0.46153846153846156,0.7692307692307693,0.007633587786259542,7935.0
68,68,131,13,as designed,B drop PCE<5,0.3076923076923077,0.6923076923076923,0.030534351145038167,7935.0
68,68,131,13,as designed,A2 within-paper ranker,0.15384615384615385,0.23076923076923078,0.13740458015267176,7935.0
68,68,131,13,as designed,ensemble k=0,0.38461538461538464,0.6153846153846154,0.015267175572519083,7935.0
68,68,131,13,as designed,ensemble k=1,0.3076923076923077,0.6923076923076923,0.022900763358778626,7935.0
68,68,131,13,D1: hide answer papers,v2,0.46153846153846156,0.6923076923076923,0.007633587786259542,7886.0
68,68,131,13,D1: hide answer papers,B drop PCE<5,0.38461538461538464,0.6153846153846154,0.03816793893129771,7886.0
68,68,131,13,D1: hide answer papers,A2 within-paper ranker,0.07692307692307693,0.15384615384615385,0.1297709923664122,7886.0
68,68,131,13,D1: hide answer papers,ensemble k=0,0.46153846153846156,0.6923076923076923,0.015267175572519083,7886.0
68,68,131,13,D1: hide answer papers,ensemble k=1,0.46153846153846156,0.7692307692307693,0.022900763358778626,7886.0
69,69,138,14,-,random (1 permutation),0.07142857142857142,0.14285714285714285,0.34057971014492755,
69,69,138,14,as designed,v2,0.21428571428571427,0.42857142857142855,0.10869565217391304,8041.0
69,69,138,14,as designed,B drop PCE<5,0.35714285714285715,0.5714285714285714,0.2463768115942029,8041.0
69,69,138,14,as designed,A2 within-paper ranker,0.35714285714285715,0.5,0.028985507246376812,8041.0
69,69,138,14,as designed,ensemble k=0,0.2857142857142857,0.5,0.13043478260869565,8041.0
69,69,138,14,as designed,ensemble k=1,0.21428571428571427,0.5714285714285714,0.15942028985507245,8041.0
69,69,138,14,D1: hide answer papers,v2,0.2857142857142857,0.42857142857142855,0.4492753623188406,7984.0
69,69,138,14,D1: hide answer papers,B drop PCE<5,0.21428571428571427,0.5714285714285714,0.35507246376811596,7984.0
69,69,138,14,D1: hide answer papers,A2 within-paper ranker,0.42857142857142855,0.7142857142857143,0.021739130434782608,7984.0
69,69,138,14,D1: hide answer papers,ensemble k=0,0.21428571428571427,0.42857142857142855,0.37681159420289856,7984.0
69,69,138,14,D1: hide answer papers,ensemble k=1,0.21428571428571427,0.42857142857142855,0.38405797101449274,7984.0
70,70,126,13,-,random (1 permutation),0.0,0.23076923076923078,0.5634920634920635,
70,70,126,13,as designed,v2,0.5384615384615384,0.7692307692307693,0.007936507936507936,7621.0
70,70,126,13,as designed,B drop PCE<5,0.6153846153846154,0.6153846153846154,0.03968253968253968,7621.0
70,70,126,13,as designed,A2 within-paper ranker,0.3076923076923077,0.6153846153846154,0.15873015873015872,7621.0
70,70,126,13,as designed,ensemble k=0,0.46153846153846156,0.7692307692307693,0.06349206349206349,7621.0
70,70,126,13,as designed,ensemble k=1,0.6153846153846154,0.7692307692307693,0.015873015873015872,7621.0
70,70,126,13,D1: hide answer papers,v2,0.38461538461538464,0.6153846153846154,0.19047619047619047,7481.0
70,70,126,13,D1: hide answer papers,B drop PCE<5,0.3076923076923077,0.6153846153846154,0.023809523809523808,7481.0
70,70,126,13,D1: hide answer papers,A2 within-paper ranker,0.3076923076923077,0.3076923076923077,0.373015873015873,7481.0
70,70,126,13,D1: hide answer papers,ensemble k=0,0.38461538461538464,0.6153846153846154,0.2222222222222222,7481.0
70,70,126,13,D1: hide answer papers,ensemble k=1,0.38461538461538464,0.6923076923076923,0.16666666666666666,7481.0
71,71,141,14,-,random (1 permutation),0.07142857142857142,0.14285714285714285,0.475177304964539,
71,71,141,14,as designed,v2,0.5,0.5714285714285714,0.028368794326241134,7883.0
71,71,141,14,as designed,B drop PCE<5,0.35714285714285715,0.5714285714285714,0.05673758865248227,7883.0
71,71,141,14,as designed,A2 within-paper ranker,0.42857142857142855,0.5,0.0425531914893617,7883.0
71,71,141,14,as designed,ensemble k=0,0.5,0.5714285714285714,0.028368794326241134,7883.0
71,71,141,14,as designed,ensemble k=1,0.5,0.6428571428571429,0.05673758865248227,7883.0
71,71,141,14,D1: hide answer papers,v2,0.42857142857142855,0.6428571428571429,0.07801418439716312,7744.0
71,71,141,14,D1: hide answer papers,B drop PCE<5,0.2857142857142857,0.6428571428571429,0.15602836879432624,7744.0
71,71,141,14,D1: hide answer papers,A2 within-paper ranker,0.42857142857142855,0.5,0.2907801418439716,7744.0
71,71,141,14,D1: hide answer papers,ensemble k=0,0.5,0.5714285714285714,0.0425531914893617,7744.0
71,71,141,14,D1: hide answer papers,ensemble k=1,0.5714285714285714,0.5714285714285714,0.04964539007092199,7744.0
72,72,134,13,-,random (1 permutation),0.07692307692307693,0.15384615384615385,0.022388059701492536,
72,72,134,13,as designed,v2,0.38461538461538464,0.7692307692307693,0.09701492537313433,7855.0
72,72,134,13,as designed,B drop PCE<5,0.6923076923076923,0.9230769230769231,0.09701492537313433,7855.0
72,72,134,13,as designed,A2 within-paper ranker,0.23076923076923078,0.38461538461538464,0.029850746268656716,7855.0
72,72,134,13,as designed,ensemble k=0,0.5384615384615384,0.7692307692307693,0.05970149253731343,7855.0
72,72,134,13,as designed,ensemble k=1,0.6153846153846154,0.7692307692307693,0.04477611940298507,7855.0
72,72,134,13,D1: hide answer papers,v2,0.46153846153846156,0.6923076923076923,0.11940298507462686,7787.0
72,72,134,13,D1: hide answer papers,B drop PCE<5,0.6923076923076923,0.9230769230769231,0.05970149253731343,7787.0
72,72,134,13,D1: hide answer papers,A2 within-paper ranker,0.15384615384615385,0.46153846153846156,0.31343283582089554,7787.0
72,72,134,13,D1: hide answer papers,ensemble k=0,0.46153846153846156,0.6923076923076923,0.1417910447761194,7787.0
72,72,134,13,D1: hide answer papers,ensemble k=1,0.5384615384615384,0.6923076923076923,0.08955223880597014,7787.0
73,73,133,13,-,random (1 permutation),0.07692307692307693,0.07692307692307693,0.5939849624060151,
73,73,133,13,as designed,v2,0.38461538461538464,0.5384615384615384,0.015037593984962405,7610.0
73,73,133,13,as designed,B drop PCE<5,0.46153846153846156,0.6923076923076923,0.007518796992481203,7610.0
73,73,133,13,as designed,A2 within-paper ranker,0.46153846153846156,0.5384615384615384,0.007518796992481203,7610.0
73,73,133,13,as designed,ensemble k=0,0.38461538461538464,0.6153846153846154,0.015037593984962405,7610.0
73,73,133,13,as designed,ensemble k=1,0.5384615384615384,0.6153846153846154,0.015037593984962405,7610.0
73,73,133,13,D1: hide answer papers,v2,0.3076923076923077,0.5384615384615384,0.015037593984962405,7546.0
73,73,133,13,D1: hide answer papers,B drop PCE<5,0.46153846153846156,0.6923076923076923,0.045112781954887216,7546.0
73,73,133,13,D1: hide answer papers,A2 within-paper ranker,0.3076923076923077,0.46153846153846156,0.15037593984962405,7546.0
73,73,133,13,D1: hide answer papers,ensemble k=0,0.46153846153846156,0.6923076923076923,0.03759398496240601,7546.0
73,73,133,13,D1: hide answer papers,ensemble k=1,0.38461538461538464,0.6153846153846154,0.045112781954887216,7546.0
74,74,142,14,-,random (1 permutation),0.14285714285714285,0.21428571428571427,0.5070422535211268,
74,74,142,14,as designed,v2,0.5714285714285714,0.6428571428571429,0.04225352112676056,8134.0
74,74,142,14,as designed,B drop PCE<5,0.5714285714285714,0.7857142857142857,0.028169014084507043,8134.0
74,74,142,14,as designed,A2 within-paper ranker,0.35714285714285715,0.5,0.014084507042253521,8134.0
74,74,142,14,as designed,ensemble k=0,0.42857142857142855,0.6428571428571429,0.014084507042253521,8134.0
74,74,142,14,as designed,ensemble k=1,0.5,0.6428571428571429,0.014084507042253521,8134.0
74,74,142,14,D1: hide answer papers,v2,0.5,0.6428571428571429,0.007042253521126761,8066.0
74,74,142,14,D1: hide answer papers,B drop PCE<5,0.42857142857142855,0.7857142857142857,0.007042253521126761,8066.0
74,74,142,14,D1: hide answer papers,A2 within-paper ranker,0.2857142857142857,0.35714285714285715,0.04929577464788732,8066.0
74,74,142,14,D1: hide answer papers,ensemble k=0,0.42857142857142855,0.6428571428571429,0.007042253521126761,8066.0
74,74,142,14,D1: hide answer papers,ensemble k=1,0.5,0.6428571428571429,0.02112676056338028,8066.0
75,75,145,14,-,random (1 permutation),0.07142857142857142,0.14285714285714285,0.7586206896551724,
75,75,145,14,as designed,v2,0.35714285714285715,0.7142857142857143,0.006896551724137931,8009.0
75,75,145,14,as designed,B drop PCE<5,0.42857142857142855,0.8571428571428571,0.006896551724137931,8009.0
75,75,145,14,as designed,A2 within-paper ranker,0.2857142857142857,0.35714285714285715,0.041379310344827586,8009.0
75,75,145,14,as designed,ensemble k=0,0.42857142857142855,0.7142857142857143,0.006896551724137931,8009.0
75,75,145,14,as designed,ensemble k=1,0.42857142857142855,0.7857142857142857,0.006896551724137931,8009.0
75,75,145,14,D1: hide answer papers,v2,0.35714285714285715,0.5714285714285714,0.034482758620689655,7909.0
75,75,145,14,D1: hide answer papers,B drop PCE<5,0.5,0.6428571428571429,0.006896551724137931,7909.0
75,75,145,14,D1: hide answer papers,A2 within-paper ranker,0.2857142857142857,0.35714285714285715,0.05517241379310345,7909.0
75,75,145,14,D1: hide answer papers,ensemble k=0,0.2857142857142857,0.7142857142857143,0.4689655172413793,7909.0
75,75,145,14,D1: hide answer papers,ensemble k=1,0.35714285714285715,0.5714285714285714,0.3724137931034483,7909.0
76,76,132,13,-,random (1 permutation),0.07692307692307693,0.23076923076923078,0.44696969696969696,
76,76,132,13,as designed,v2,0.6153846153846154,0.6923076923076923,0.07575757575757576,7734.0
76,76,132,13,as designed,B drop PCE<5,0.6153846153846154,0.7692307692307693,0.12121212121212122,7734.0
76,76,132,13,as designed,A2 within-paper ranker,0.46153846153846156,0.46153846153846156,0.45454545454545453,7734.0
76,76,132,13,as designed,ensemble k=0,0.46153846153846156,0.8461538461538461,0.17424242424242425,7734.0
76,76,132,13,as designed,ensemble k=1,0.6923076923076923,0.8461538461538461,0.045454545454545456,7734.0
76,76,132,13,D1: hide answer papers,v2,0.38461538461538464,0.7692307692307693,0.5303030303030303,7636.0
76,76,132,13,D1: hide answer papers,B drop PCE<5,0.46153846153846156,0.6153846153846154,0.21212121212121213,7636.0
76,76,132,13,D1: hide answer papers,A2 within-paper ranker,0.38461538461538464,0.6923076923076923,0.7575757575757576,7636.0
76,76,132,13,D1: hide answer papers,ensemble k=0,0.46153846153846156,0.7692307692307693,0.5606060606060606,7636.0
76,76,132,13,D1: hide answer papers,ensemble k=1,0.5384615384615384,0.7692307692307693,0.5378787878787878,7636.0
77,77,135,14,-,random (1 permutation),0.35714285714285715,0.35714285714285715,0.4222222222222222,
77,77,135,14,as designed,v2,0.35714285714285715,0.6428571428571429,0.4148148148148148,7696.0
77,77,135,14,as designed,B drop PCE<5,0.5,0.5714285714285714,0.014814814814814815,7696.0
77,77,135,14,as designed,A2 within-paper ranker,0.42857142857142855,0.5,0.06666666666666667,7696.0
77,77,135,14,as designed,ensemble k=0,0.35714285714285715,0.5714285714285714,0.21481481481481482,7696.0
77,77,135,14,as designed,ensemble k=1,0.42857142857142855,0.7142857142857143,0.06666666666666667,7696.0
77,77,135,14,D1: hide answer papers,v2,0.2857142857142857,0.5714285714285714,0.5777777777777777,7546.0
77,77,135,14,D1: hide answer papers,B drop PCE<5,0.35714285714285715,0.7142857142857143,0.11851851851851852,7546.0
77,77,135,14,D1: hide answer papers,A2 within-paper ranker,0.35714285714285715,0.42857142857142855,0.5703703703703704,7546.0
77,77,135,14,D1: hide answer papers,ensemble k=0,0.35714285714285715,0.5,0.674074074074074,7546.0
77,77,135,14,D1: hide answer papers,ensemble k=1,0.2857142857142857,0.5,0.6148148148148148,7546.0
78,78,132,13,-,random (1 permutation),0.07692307692307693,0.23076923076923078,0.9545454545454546,
78,78,132,13,as designed,v2,0.38461538461538464,0.6153846153846154,0.1590909090909091,8020.0
78,78,132,13,as designed,B drop PCE<5,0.46153846153846156,0.6923076923076923,0.14393939393939395,8020.0
78,78,132,13,as designed,A2 within-paper ranker,0.38461538461538464,0.6153846153846154,0.015151515151515152,8020.0
78,78,132,13,as designed,ensemble k=0,0.6153846153846154,0.6153846153846154,0.08333333333333333,8020.0
78,78,132,13,as designed,ensemble k=1,0.5384615384615384,0.6153846153846154,0.08333333333333333,8020.0
78,78,132,13,D1: hide answer papers,v2,0.3076923076923077,0.46153846153846156,0.3939393939393939,7968.0
78,78,132,13,D1: hide answer papers,B drop PCE<5,0.46153846153846156,0.5384615384615384,0.32575757575757575,7968.0
78,78,132,13,D1: hide answer papers,A2 within-paper ranker,0.46153846153846156,0.6923076923076923,0.015151515151515152,7968.0
78,78,132,13,D1: hide answer papers,ensemble k=0,0.3076923076923077,0.5384615384615384,0.13636363636363635,7968.0
78,78,132,13,D1: hide answer papers,ensemble k=1,0.3076923076923077,0.5384615384615384,0.12878787878787878,7968.0
79,79,137,14,-,random (1 permutation),0.14285714285714285,0.2857142857142857,0.5985401459854015,
79,79,137,14,as designed,v2,0.35714285714285715,0.5714285714285714,0.2116788321167883,7622.0
79,79,137,14,as designed,B drop PCE<5,0.35714285714285715,0.5,0.10218978102189781,7622.0
79,79,137,14,as designed,A2 within-paper ranker,0.35714285714285715,0.42857142857142855,0.014598540145985401,7622.0
79,79,137,14,as designed,ensemble k=0,0.5,0.5714285714285714,0.17518248175182483,7622.0
79,79,137,14,as designed,ensemble k=1,0.42857142857142855,0.5714285714285714,0.18248175182481752,7622.0
79,79,137,14,D1: hide answer papers,v2,0.42857142857142855,0.5714285714285714,0.16058394160583941,7583.0
79,79,137,14,D1: hide answer papers,B drop PCE<5,0.35714285714285715,0.5714285714285714,0.043795620437956206,7583.0
79,79,137,14,D1: hide answer papers,A2 within-paper ranker,0.42857142857142855,0.5714285714285714,0.0072992700729927005,7583.0
79,79,137,14,D1: hide answer papers,ensemble k=0,0.35714285714285715,0.5714285714285714,0.16058394160583941,7583.0
79,79,137,14,D1: hide answer papers,ensemble k=1,0.35714285714285715,0.6428571428571429,0.18248175182481752,7583.0
80,80,132,13,-,random (1 permutation),0.0,0.0,0.5681818181818182,
80,80,132,13,as designed,v2,0.46153846153846156,0.6153846153846154,0.29545454545454547,7841.0
80,80,132,13,as designed,B drop PCE<5,0.46153846153846156,0.6153846153846154,0.20454545454545456,7841.0
80,80,132,13,as designed,A2 within-paper ranker,0.38461538461538464,0.5384615384615384,0.38636363636363635,7841.0
80,80,132,13,as designed,ensemble k=0,0.46153846153846156,0.5384615384615384,0.26515151515151514,7841.0
80,80,132,13,as designed,ensemble k=1,0.46153846153846156,0.6153846153846154,0.3560606060606061,7841.0
80,80,132,13,D1: hide answer papers,v2,0.38461538461538464,0.5384615384615384,0.30303030303030304,7719.0
80,80,132,13,D1: hide answer papers,B drop PCE<5,0.38461538461538464,0.6923076923076923,0.4090909090909091,7719.0
80,80,132,13,D1: hide answer papers,A2 within-paper ranker,0.3076923076923077,0.46153846153846156,0.36363636363636365,7719.0
80,80,132,13,D1: hide answer papers,ensemble k=0,0.38461538461538464,0.46153846153846156,0.3560606060606061,7719.0
80,80,132,13,D1: hide answer papers,ensemble k=1,0.38461538461538464,0.46153846153846156,0.4015151515151515,7719.0
81,81,143,14,-,random (1 permutation),0.07142857142857142,0.14285714285714285,0.006993006993006993,
81,81,143,14,as designed,v2,0.35714285714285715,0.6428571428571429,0.13286713286713286,7410.0
81,81,143,14,as designed,B drop PCE<5,0.5,0.7142857142857143,0.013986013986013986,7410.0
81,81,143,14,as designed,A2 within-paper ranker,0.21428571428571427,0.35714285714285715,0.013986013986013986,7410.0
81,81,143,14,as designed,ensemble k=0,0.5,0.6428571428571429,0.03496503496503497,7410.0
81,81,143,14,as designed,ensemble k=1,0.42857142857142855,0.6428571428571429,0.013986013986013986,7410.0
81,81,143,14,D1: hide answer papers,v2,0.5,0.6428571428571429,0.013986013986013986,7335.0
81,81,143,14,D1: hide answer papers,B drop PCE<5,0.42857142857142855,0.6428571428571429,0.006993006993006993,7335.0
81,81,143,14,D1: hide answer papers,A2 within-paper ranker,0.14285714285714285,0.42857142857142855,0.006993006993006993,7335.0
81,81,143,14,D1: hide answer papers,ensemble k=0,0.42857142857142855,0.6428571428571429,0.013986013986013986,7335.0
81,81,143,14,D1: hide answer papers,ensemble k=1,0.42857142857142855,0.6428571428571429,0.013986013986013986,7335.0
82,82,135,14,-,random (1 permutation),0.07142857142857142,0.35714285714285715,0.8592592592592593,
82,82,135,14,as designed,v2,0.35714285714285715,0.5714285714285714,0.2518518518518518,7961.0
82,82,135,14,as designed,B drop PCE<5,0.42857142857142855,0.6428571428571429,0.14814814814814814,7961.0
82,82,135,14,as designed,A2 within-paper ranker,0.14285714285714285,0.35714285714285715,0.014814814814814815,7961.0
82,82,135,14,as designed,ensemble k=0,0.5,0.6428571428571429,0.08148148148148149,7961.0
82,82,135,14,as designed,ensemble k=1,0.42857142857142855,0.6428571428571429,0.06666666666666667,7961.0
82,82,135,14,D1: hide answer papers,v2,0.2857142857142857,0.42857142857142855,0.08148148148148149,7837.0
82,82,135,14,D1: hide answer papers,B drop PCE<5,0.2857142857142857,0.5714285714285714,0.3925925925925926,7837.0
82,82,135,14,D1: hide answer papers,A2 within-paper ranker,0.14285714285714285,0.35714285714285715,0.014814814814814815,7837.0
82,82,135,14,D1: hide answer papers,ensemble k=0,0.21428571428571427,0.5,0.1259259259259259,7837.0
82,82,135,14,D1: hide answer papers,ensemble k=1,0.2857142857142857,0.5,0.1259259259259259,7837.0
83,83,125,12,-,random (1 permutation),0.08333333333333333,0.16666666666666666,0.48,
83,83,125,12,as designed,v2,0.25,0.4166666666666667,0.008,7712.0
83,83,125,12,as designed,B drop PCE<5,0.25,0.4166666666666667,0.008,7712.0
83,83,125,12,as designed,A2 within-paper ranker,0.3333333333333333,0.5,0.016,7712.0
83,83,125,12,as designed,ensemble k=0,0.16666666666666666,0.4166666666666667,0.008,7712.0
83,83,125,12,as designed,ensemble k=1,0.25,0.5,0.008,7712.0
83,83,125,12,D1: hide answer papers,v2,0.25,0.3333333333333333,0.264,7666.0
83,83,125,12,D1: hide answer papers,B drop PCE<5,0.16666666666666666,0.3333333333333333,0.008,7666.0
83,83,125,12,D1: hide answer papers,A2 within-paper ranker,0.3333333333333333,0.5,0.008,7666.0
83,83,125,12,D1: hide answer papers,ensemble k=0,0.16666666666666666,0.3333333333333333,0.2,7666.0
83,83,125,12,D1: hide answer papers,ensemble k=1,0.16666666666666666,0.4166666666666667,0.12,7666.0
84,84,123,12,-,random (1 permutation),0.0,0.16666666666666666,0.34959349593495936,
84,84,123,12,as designed,v2,0.5,0.75,0.008130081300813009,7914.0
84,84,123,12,as designed,B drop PCE<5,0.5,0.75,0.024390243902439025,7914.0
84,84,123,12,as designed,A2 within-paper ranker,0.16666666666666666,0.5833333333333334,0.008130081300813009,7914.0
84,84,123,12,as designed,ensemble k=0,0.5,0.75,0.024390243902439025,7914.0
84,84,123,12,as designed,ensemble k=1,0.5833333333333334,0.75,0.016260162601626018,7914.0
84,84,123,12,D1: hide answer papers,v2,0.4166666666666667,0.75,0.17073170731707318,7719.0
84,84,123,12,D1: hide answer papers,B drop PCE<5,0.5833333333333334,0.75,0.08130081300813008,7719.0
84,84,123,12,D1: hide answer papers,A2 within-paper ranker,0.16666666666666666,0.5,0.5853658536585366,7719.0
84,84,123,12,D1: hide answer papers,ensemble k=0,0.5833333333333334,0.75,0.056910569105691054,7719.0
84,84,123,12,D1: hide answer papers,ensemble k=1,0.5,0.75,0.024390243902439025,7719.0
85,85,129,13,-,random (1 permutation),0.15384615384615385,0.23076923076923078,0.8604651162790697,
85,85,129,13,as designed,v2,0.3076923076923077,0.5384615384615384,0.007751937984496124,7739.0
85,85,129,13,as designed,B drop PCE<5,0.23076923076923078,0.6923076923076923,0.007751937984496124,7739.0
85,85,129,13,as designed,A2 within-paper ranker,0.46153846153846156,0.5384615384615384,0.046511627906976744,7739.0
85,85,129,13,as designed,ensemble k=0,0.38461538461538464,0.6153846153846154,0.023255813953488372,7739.0
85,85,129,13,as designed,ensemble k=1,0.3076923076923077,0.5384615384615384,0.007751937984496124,7739.0
85,85,129,13,D1: hide answer papers,v2,0.15384615384615385,0.46153846153846156,0.15503875968992248,7651.0
85,85,129,13,D1: hide answer papers,B drop PCE<5,0.3076923076923077,0.5384615384615384,0.07751937984496124,7651.0
85,85,129,13,D1: hide answer papers,A2 within-paper ranker,0.46153846153846156,0.6153846153846154,0.03875968992248062,7651.0
85,85,129,13,D1: hide answer papers,ensemble k=0,0.3076923076923077,0.5384615384615384,0.10077519379844961,7651.0
85,85,129,13,D1: hide answer papers,ensemble k=1,0.3076923076923077,0.38461538461538464,0.09302325581395349,7651.0
86,86,138,14,-,random (1 permutation),0.07142857142857142,0.07142857142857142,0.5652173913043478,
86,86,138,14,as designed,v2,0.6428571428571429,0.7857142857142857,0.07971014492753623,7911.0
86,86,138,14,as designed,B drop PCE<5,0.6428571428571429,0.8571428571428571,0.10144927536231885,7911.0
86,86,138,14,as designed,A2 within-paper ranker,0.5,0.5714285714285714,0.007246376811594203,7911.0
86,86,138,14,as designed,ensemble k=0,0.5714285714285714,0.7857142857142857,0.06521739130434782,7911.0
86,86,138,14,as designed,ensemble k=1,0.7142857142857143,0.7857142857142857,0.08695652173913043,7911.0
86,86,138,14,D1: hide answer papers,v2,0.5714285714285714,0.7857142857142857,0.057971014492753624,7826.0
86,86,138,14,D1: hide answer papers,B drop PCE<5,0.5714285714285714,0.7857142857142857,0.08695652173913043,7826.0
86,86,138,14,D1: hide answer papers,A2 within-paper ranker,0.42857142857142855,0.5,0.021739130434782608,7826.0
86,86,138,14,D1: hide answer papers,ensemble k=0,0.5714285714285714,0.7857142857142857,0.06521739130434782,7826.0
86,86,138,14,D1: hide answer papers,ensemble k=1,0.5714285714285714,0.7142857142857143,0.08695652173913043,7826.0
87,87,130,13,-,random (1 permutation),0.07692307692307693,0.23076923076923078,1.0,
87,87,130,13,as designed,v2,0.3076923076923077,0.38461538461538464,0.007692307692307693,7542.0
87,87,130,13,as designed,B drop PCE<5,0.23076923076923078,0.46153846153846156,0.007692307692307693,7542.0
87,87,130,13,as designed,A2 within-paper ranker,0.38461538461538464,0.5384615384615384,0.038461538461538464,7542.0
87,87,130,13,as designed,ensemble k=0,0.3076923076923077,0.5384615384615384,0.023076923076923078,7542.0
87,87,130,13,as designed,ensemble k=1,0.3076923076923077,0.5384615384615384,0.007692307692307693,7542.0
87,87,130,13,D1: hide answer papers,v2,0.15384615384615385,0.46153846153846156,0.23846153846153847,7470.0
87,87,130,13,D1: hide answer papers,B drop PCE<5,0.38461538461538464,0.5384615384615384,0.015384615384615385,7470.0
87,87,130,13,D1: hide answer papers,A2 within-paper ranker,0.3076923076923077,0.5384615384615384,0.06153846153846154,7470.0
87,87,130,13,D1: hide answer papers,ensemble k=0,0.15384615384615385,0.38461538461538464,0.35384615384615387,7470.0
87,87,130,13,D1: hide answer papers,ensemble k=1,0.15384615384615385,0.38461538461538464,0.36923076923076925,7470.0
88,88,130,13,-,random (1 permutation),0.23076923076923078,0.3076923076923077,0.9230769230769231,
88,88,130,13,as designed,v2,0.38461538461538464,0.5384615384615384,0.023076923076923078,7805.0
88,88,130,13,as designed,B drop PCE<5,0.38461538461538464,0.6153846153846154,0.1076923076923077,7805.0
88,88,130,13,as designed,A2 within-paper ranker,0.38461538461538464,0.5384615384615384,0.046153846153846156,7805.0
88,88,130,13,as designed,ensemble k=0,0.46153846153846156,0.6923076923076923,0.023076923076923078,7805.0
88,88,130,13,as designed,ensemble k=1,0.5384615384615384,0.6923076923076923,0.015384615384615385,7805.0
88,88,130,13,D1: hide answer papers,v2,0.38461538461538464,0.5384615384615384,0.05384615384615385,7789.0
88,88,130,13,D1: hide answer papers,B drop PCE<5,0.38461538461538464,0.6153846153846154,0.2,7789.0
88,88,130,13,D1: hide answer papers,A2 within-paper ranker,0.38461538461538464,0.6923076923076923,0.007692307692307693,7789.0
88,88,130,13,D1: hide answer papers,ensemble k=0,0.38461538461538464,0.6923076923076923,0.06153846153846154,7789.0
88,88,130,13,D1: hide answer papers,ensemble k=1,0.38461538461538464,0.7692307692307693,0.03076923076923077,7789.0
89,89,136,14,-,random (1 permutation),0.0,0.0,0.6985294117647058,
89,89,136,14,as designed,v2,0.2857142857142857,0.5714285714285714,0.0661764705882353,7357.0
89,89,136,14,as designed,B drop PCE<5,0.35714285714285715,0.7142857142857143,0.04411764705882353,7357.0
89,89,136,14,as designed,A2 within-paper ranker,0.35714285714285715,0.5,0.3088235294117647,7357.0
89,89,136,14,as designed,ensemble k=0,0.21428571428571427,0.6428571428571429,0.03676470588235294,7357.0
89,89,136,14,as designed,ensemble k=1,0.2857142857142857,0.7142857142857143,0.029411764705882353,7357.0
89,89,136,14,D1: hide answer papers,v2,0.21428571428571427,0.7857142857142857,0.16176470588235295,7274.0
89,89,136,14,D1: hide answer papers,B drop PCE<5,0.42857142857142855,0.7142857142857143,0.16911764705882354,7274.0
89,89,136,14,D1: hide answer papers,A2 within-paper ranker,0.35714285714285715,0.5,0.34558823529411764,7274.0
89,89,136,14,D1: hide answer papers,ensemble k=0,0.21428571428571427,0.7142857142857143,0.13970588235294118,7274.0
89,89,136,14,D1: hide answer papers,ensemble k=1,0.21428571428571427,0.6428571428571429,0.13970588235294118,7274.0
90,90,150,15,-,random (1 permutation),0.13333333333333333,0.13333333333333333,0.9066666666666666,
90,90,150,15,as designed,v2,0.4666666666666667,0.7333333333333333,0.06,7597.0
90,90,150,15,as designed,B drop PCE<5,0.6,0.8666666666666667,0.07333333333333333,7597.0
90,90,150,15,as designed,A2 within-paper ranker,0.26666666666666666,0.6,0.013333333333333334,7597.0
90,90,150,15,as designed,ensemble k=0,0.4666666666666667,0.7333333333333333,0.03333333333333333,7597.0
90,90,150,15,as designed,ensemble k=1,0.5333333333333333,0.8,0.02,7597.0
90,90,150,15,D1: hide answer papers,v2,0.4,0.6,0.18666666666666668,7492.0
90,90,150,15,D1: hide answer papers,B drop PCE<5,0.6666666666666666,0.6666666666666666,0.32666666666666666,7492.0
90,90,150,15,D1: hide answer papers,A2 within-paper ranker,0.4666666666666667,0.6666666666666666,0.07333333333333333,7492.0
90,90,150,15,D1: hide answer papers,ensemble k=0,0.3333333333333333,0.8,0.12666666666666668,7492.0
90,90,150,15,D1: hide answer papers,ensemble k=1,0.4666666666666667,0.8,0.14666666666666667,7492.0
91,91,126,13,-,random (1 permutation),0.23076923076923078,0.46153846153846156,0.03968253968253968,
91,91,126,13,as designed,v2,0.38461538461538464,0.46153846153846156,0.3412698412698413,7781.0
91,91,126,13,as designed,B drop PCE<5,0.38461538461538464,0.5384615384615384,0.5,7781.0
91,91,126,13,as designed,A2 within-paper ranker,0.3076923076923077,0.5384615384615384,0.03968253968253968,7781.0
91,91,126,13,as designed,ensemble k=0,0.38461538461538464,0.5384615384615384,0.3333333333333333,7781.0
91,91,126,13,as designed,ensemble k=1,0.46153846153846156,0.5384615384615384,0.23015873015873015,7781.0
91,91,126,13,D1: hide answer papers,v2,0.3076923076923077,0.38461538461538464,0.4603174603174603,7700.0
91,91,126,13,D1: hide answer papers,B drop PCE<5,0.23076923076923078,0.38461538461538464,0.5317460317460317,7700.0
91,91,126,13,D1: hide answer papers,A2 within-paper ranker,0.15384615384615385,0.6153846153846154,0.1111111111111111,7700.0
91,91,126,13,D1: hide answer papers,ensemble k=0,0.3076923076923077,0.5384615384615384,0.3968253968253968,7700.0
91,91,126,13,D1: hide answer papers,ensemble k=1,0.3076923076923077,0.5384615384615384,0.3968253968253968,7700.0
92,92,126,13,-,random (1 permutation),0.07692307692307693,0.23076923076923078,0.8888888888888888,
92,92,126,13,as designed,v2,0.46153846153846156,0.5384615384615384,0.007936507936507936,7979.0
92,92,126,13,as designed,B drop PCE<5,0.5384615384615384,0.5384615384615384,0.007936507936507936,7979.0
92,92,126,13,as designed,A2 within-paper ranker,0.38461538461538464,0.38461538461538464,0.031746031746031744,7979.0
92,92,126,13,as designed,ensemble k=0,0.5384615384615384,0.5384615384615384,0.023809523809523808,7979.0
92,92,126,13,as designed,ensemble k=1,0.46153846153846156,0.6153846153846154,0.007936507936507936,7979.0
92,92,126,13,D1: hide answer papers,v2,0.46153846153846156,0.6153846153846154,0.12698412698412698,7908.0
92,92,126,13,D1: hide answer papers,B drop PCE<5,0.38461538461538464,0.5384615384615384,0.015873015873015872,7908.0
92,92,126,13,D1: hide answer papers,A2 within-paper ranker,0.15384615384615385,0.46153846153846156,0.3412698412698413,7908.0
92,92,126,13,D1: hide answer papers,ensemble k=0,0.46153846153846156,0.46153846153846156,0.20634920634920634,7908.0
92,92,126,13,D1: hide answer papers,ensemble k=1,0.46153846153846156,0.5384615384615384,0.16666666666666666,7908.0
93,93,133,13,-,random (1 permutation),0.07692307692307693,0.23076923076923078,0.44360902255639095,
93,93,133,13,as designed,v2,0.5384615384615384,0.6923076923076923,0.022556390977443608,7928.0
93,93,133,13,as designed,B drop PCE<5,0.6153846153846154,0.8461538461538461,0.015037593984962405,7928.0
93,93,133,13,as designed,A2 within-paper ranker,0.38461538461538464,0.46153846153846156,0.03759398496240601,7928.0
93,93,133,13,as designed,ensemble k=0,0.38461538461538464,0.7692307692307693,0.015037593984962405,7928.0
93,93,133,13,as designed,ensemble k=1,0.46153846153846156,0.6923076923076923,0.015037593984962405,7928.0
93,93,133,13,D1: hide answer papers,v2,0.5384615384615384,0.7692307692307693,0.10526315789473684,7806.0
93,93,133,13,D1: hide answer papers,B drop PCE<5,0.6153846153846154,0.8461538461538461,0.19548872180451127,7806.0
93,93,133,13,D1: hide answer papers,A2 within-paper ranker,0.15384615384615385,0.3076923076923077,0.6917293233082706,7806.0
93,93,133,13,D1: hide answer papers,ensemble k=0,0.46153846153846156,0.6923076923076923,0.09774436090225563,7806.0
93,93,133,13,D1: hide answer papers,ensemble k=1,0.46153846153846156,0.7692307692307693,0.06766917293233082,7806.0
94,94,132,13,-,random (1 permutation),0.0,0.23076923076923078,0.12121212121212122,
94,94,132,13,as designed,v2,0.46153846153846156,0.5384615384615384,0.015151515151515152,7672.0
94,94,132,13,as designed,B drop PCE<5,0.46153846153846156,0.5384615384615384,0.007575757575757576,7672.0
94,94,132,13,as designed,A2 within-paper ranker,0.15384615384615385,0.38461538461538464,0.11363636363636363,7672.0
94,94,132,13,as designed,ensemble k=0,0.38461538461538464,0.6153846153846154,0.030303030303030304,7672.0
94,94,132,13,as designed,ensemble k=1,0.46153846153846156,0.6153846153846154,0.030303030303030304,7672.0
94,94,132,13,D1: hide answer papers,v2,0.38461538461538464,0.5384615384615384,0.015151515151515152,7652.0
94,94,132,13,D1: hide answer papers,B drop PCE<5,0.38461538461538464,0.6153846153846154,0.007575757575757576,7652.0
94,94,132,13,D1: hide answer papers,A2 within-paper ranker,0.23076923076923078,0.38461538461538464,0.25757575757575757,7652.0
94,94,132,13,D1: hide answer papers,ensemble k=0,0.46153846153846156,0.46153846153846156,0.030303030303030304,7652.0
94,94,132,13,D1: hide answer papers,ensemble k=1,0.5384615384615384,0.5384615384615384,0.022727272727272728,7652.0
95,95,126,13,-,random (1 permutation),0.07692307692307693,0.07692307692307693,0.6349206349206349,
95,95,126,13,as designed,v2,0.46153846153846156,0.6153846153846154,0.023809523809523808,7612.0
95,95,126,13,as designed,B drop PCE<5,0.46153846153846156,0.7692307692307693,0.09523809523809523,7612.0
95,95,126,13,as designed,A2 within-paper ranker,0.38461538461538464,0.5384615384615384,0.03968253968253968,7612.0
95,95,126,13,as designed,ensemble k=0,0.5384615384615384,0.6923076923076923,0.031746031746031744,7612.0
95,95,126,13,as designed,ensemble k=1,0.5384615384615384,0.7692307692307693,0.03968253968253968,7612.0
95,95,126,13,D1: hide answer papers,v2,0.46153846153846156,0.6153846153846154,0.05555555555555555,7519.0
95,95,126,13,D1: hide answer papers,B drop PCE<5,0.46153846153846156,0.7692307692307693,0.10317460317460317,7519.0
95,95,126,13,D1: hide answer papers,A2 within-paper ranker,0.46153846153846156,0.5384615384615384,0.023809523809523808,7519.0
95,95,126,13,D1: hide answer papers,ensemble k=0,0.46153846153846156,0.6923076923076923,0.1349206349206349,7519.0
95,95,126,13,D1: hide answer papers,ensemble k=1,0.5384615384615384,0.6923076923076923,0.1349206349206349,7519.0
96,96,125,12,-,random (1 permutation),0.0,0.16666666666666666,0.12,
96,96,125,12,as designed,v2,0.4166666666666667,0.5,0.008,7586.0
96,96,125,12,as designed,B drop PCE<5,0.25,0.5,0.008,7586.0
96,96,125,12,as designed,A2 within-paper ranker,0.08333333333333333,0.25,0.008,7586.0
96,96,125,12,as designed,ensemble k=0,0.25,0.5833333333333334,0.008,7586.0
96,96,125,12,as designed,ensemble k=1,0.25,0.5833333333333334,0.008,7586.0
96,96,125,12,D1: hide answer papers,v2,0.3333333333333333,0.4166666666666667,0.064,7482.0
96,96,125,12,D1: hide answer papers,B drop PCE<5,0.16666666666666666,0.4166666666666667,0.008,7482.0
96,96,125,12,D1: hide answer papers,A2 within-paper ranker,0.08333333333333333,0.25,0.024,7482.0
96,96,125,12,D1: hide answer papers,ensemble k=0,0.25,0.5,0.048,7482.0
96,96,125,12,D1: hide answer papers,ensemble k=1,0.25,0.6666666666666666,0.032,7482.0
97,97,128,13,-,random (1 permutation),0.07692307692307693,0.07692307692307693,0.2578125,
97,97,128,13,as designed,v2,0.38461538461538464,0.46153846153846156,0.0390625,7798.0
97,97,128,13,as designed,B drop PCE<5,0.3076923076923077,0.6153846153846154,0.15625,7798.0
97,97,128,13,as designed,A2 within-paper ranker,0.15384615384615385,0.5384615384615384,0.1171875,7798.0
97,97,128,13,as designed,ensemble k=0,0.38461538461538464,0.46153846153846156,0.0078125,7798.0
97,97,128,13,as designed,ensemble k=1,0.3076923076923077,0.6153846153846154,0.0234375,7798.0
97,97,128,13,D1: hide answer papers,v2,0.46153846153846156,0.46153846153846156,0.0390625,7708.0
97,97,128,13,D1: hide answer papers,B drop PCE<5,0.46153846153846156,0.6923076923076923,0.0390625,7708.0
97,97,128,13,D1: hide answer papers,A2 within-paper ranker,0.38461538461538464,0.46153846153846156,0.0625,7708.0
97,97,128,13,D1: hide answer papers,ensemble k=0,0.3076923076923077,0.6153846153846154,0.0078125,7708.0
97,97,128,13,D1: hide answer papers,ensemble k=1,0.23076923076923078,0.6153846153846154,0.0078125,7708.0
98,98,128,13,-,random (1 permutation),0.15384615384615385,0.23076923076923078,0.0390625,
98,98,128,13,as designed,v2,0.46153846153846156,0.7692307692307693,0.3203125,7697.0
98,98,128,13,as designed,B drop PCE<5,0.46153846153846156,0.7692307692307693,0.3203125,7697.0
98,98,128,13,as designed,A2 within-paper ranker,0.46153846153846156,0.5384615384615384,0.171875,7697.0
98,98,128,13,as designed,ensemble k=0,0.46153846153846156,0.7692307692307693,0.3125,7697.0
98,98,128,13,as designed,ensemble k=1,0.38461538461538464,0.7692307692307693,0.3125,7697.0
98,98,128,13,D1: hide answer papers,v2,0.46153846153846156,0.6923076923076923,0.28125,7537.0
98,98,128,13,D1: hide answer papers,B drop PCE<5,0.3076923076923077,0.7692307692307693,0.40625,7537.0
98,98,128,13,D1: hide answer papers,A2 within-paper ranker,0.46153846153846156,0.5384615384615384,0.1484375,7537.0
98,98,128,13,D1: hide answer papers,ensemble k=0,0.46153846153846156,0.6923076923076923,0.2734375,7537.0
98,98,128,13,D1: hide answer papers,ensemble k=1,0.38461538461538464,0.8461538461538461,0.3359375,7537.0
99,99,133,13,-,random (1 permutation),0.07692307692307693,0.07692307692307693,0.2631578947368421,
99,99,133,13,as designed,v2,0.23076923076923078,0.46153846153846156,0.42105263157894735,8027.0
99,99,133,13,as designed,B drop PCE<5,0.46153846153846156,0.6153846153846154,0.007518796992481203,8027.0
99,99,133,13,as designed,A2 within-paper ranker,0.3076923076923077,0.5384615384615384,0.007518796992481203,8027.0
99,99,133,13,as designed,ensemble k=0,0.38461538461538464,0.6153846153846154,0.09022556390977443,8027.0
99,99,133,13,as designed,ensemble k=1,0.38461538461538464,0.6153846153846154,0.05263157894736842,8027.0
99,99,133,13,D1: hide answer papers,v2,0.23076923076923078,0.3076923076923077,0.48872180451127817,7893.0
99,99,133,13,D1: hide answer papers,B drop PCE<5,0.38461538461538464,0.46153846153846156,0.007518796992481203,7893.0
99,99,133,13,D1: hide answer papers,A2 within-paper ranker,0.23076923076923078,0.5384615384615384,0.007518796992481203,7893.0
99,99,133,13,D1: hide answer papers,ensemble k=0,0.38461538461538464,0.5384615384615384,0.17293233082706766,7893.0
99,99,133,13,D1: hide answer papers,ensemble k=1,0.38461538461538464,0.5384615384615384,0.15789473684210525,7893.0
100,100,145,14,-,random (1 permutation),0.0,0.07142857142857142,0.3448275862068966,
100,100,145,14,as designed,v2,0.2857142857142857,0.6428571428571429,0.15862068965517243,7618.0
100,100,145,14,as designed,B drop PCE<5,0.21428571428571427,0.42857142857142855,0.23448275862068965,7618.0
100,100,145,14,as designed,A2 within-paper ranker,0.35714285714285715,0.5,0.027586206896551724,7618.0
100,100,145,14,D1: hide answer papers,v2,0.21428571428571427,0.5714285714285714,0.11724137931034483,7553.0
100,100,145,14,D1: hide answer papers,B drop PCE<5,0.14285714285714285,0.5,0.296551724137931,7553.0
100,100,145,14,D1: hide answer papers,A2 within-paper ranker,0.2857142857142857,0.42857142857142855,0.041379310344827586,7553.0
101,101,145,14,-,random (1 permutation),0.07142857142857142,0.2857142857142857,0.2,
101,101,145,14,as designed,v2,0.42857142857142855,0.5714285714285714,0.10344827586206896,7657.0
101,101,145,14,as designed,B drop PCE<5,0.42857142857142855,0.6428571428571429,0.08275862068965517,7657.0
101,101,145,14,as designed,A2 within-paper ranker,0.14285714285714285,0.5,0.04827586206896552,7657.0
101,101,145,14,D1: hide answer papers,v2,0.2857142857142857,0.5714285714285714,0.15172413793103448,7515.0
101,101,145,14,D1: hide answer papers,B drop PCE<5,0.35714285714285715,0.6428571428571429,0.04827586206896552,7515.0
101,101,145,14,D1: hide answer papers,A2 within-paper ranker,0.14285714285714285,0.42857142857142855,0.0896551724137931,7515.0
102,102,129,13,-,random (1 permutation),0.15384615384615385,0.15384615384615385,0.4263565891472868,
102,102,129,13,as designed,v2,0.46153846153846156,0.6923076923076923,0.007751937984496124,8049.0
102,102,129,13,as designed,B drop PCE<5,0.5384615384615384,0.7692307692307693,0.007751937984496124,8049.0
102,102,129,13,as designed,A2 within-paper ranker,0.38461538461538464,0.38461538461538464,0.015503875968992248,8049.0
102,102,129,13,D1: hide answer papers,v2,0.38461538461538464,0.7692307692307693,0.20155038759689922,7935.0
102,102,129,13,D1: hide answer papers,B drop PCE<5,0.38461538461538464,0.6923076923076923,0.007751937984496124,7935.0
102,102,129,13,D1: hide answer papers,A2 within-paper ranker,0.3076923076923077,0.5384615384615384,0.015503875968992248,7935.0
103,103,137,14,-,random (1 permutation),0.07142857142857142,0.14285714285714285,0.29927007299270075,
103,103,137,14,as designed,v2,0.21428571428571427,0.5,0.145985401459854,7914.0
103,103,137,14,as designed,B drop PCE<5,0.35714285714285715,0.5,0.17518248175182483,7914.0
103,103,137,14,as designed,A2 within-paper ranker,0.42857142857142855,0.5714285714285714,0.021897810218978103,7914.0
103,103,137,14,D1: hide answer papers,v2,0.21428571428571427,0.5,0.16058394160583941,7808.0
103,103,137,14,D1: hide answer papers,B drop PCE<5,0.2857142857142857,0.42857142857142855,0.24087591240875914,7808.0
103,103,137,14,D1: hide answer papers,A2 within-paper ranker,0.35714285714285715,0.5714285714285714,0.021897810218978103,7808.0
104,104,128,13,-,random (1 permutation),0.15384615384615385,0.3076923076923077,0.03125,
104,104,128,13,as designed,v2,0.3076923076923077,0.6153846153846154,0.015625,7596.0
104,104,128,13,as designed,B drop PCE<5,0.3076923076923077,0.46153846153846156,0.015625,7596.0
104,104,128,13,as designed,A2 within-paper ranker,0.3076923076923077,0.38461538461538464,0.0078125,7596.0
104,104,128,13,D1: hide answer papers,v2,0.3076923076923077,0.5384615384615384,0.03125,7448.0
104,104,128,13,D1: hide answer papers,B drop PCE<5,0.23076923076923078,0.46153846153846156,0.0390625,7448.0
104,104,128,13,D1: hide answer papers,A2 within-paper ranker,0.15384615384615385,0.5384615384615384,0.015625,7448.0
105,105,135,14,-,random (1 permutation),0.07142857142857142,0.21428571428571427,0.8962962962962963,
105,105,135,14,as designed,v2,0.2857142857142857,0.42857142857142855,0.014814814814814815,7440.0
105,105,135,14,as designed,B drop PCE<5,0.21428571428571427,0.5,0.007407407407407408,7440.0
105,105,135,14,as designed,A2 within-paper ranker,0.2857142857142857,0.5,0.022222222222222223,7440.0
105,105,135,14,D1: hide answer papers,v2,0.07142857142857142,0.2857142857142857,0.22962962962962963,7304.0
105,105,135,14,D1: hide answer papers,B drop PCE<5,0.14285714285714285,0.35714285714285715,0.13333333333333333,7304.0
105,105,135,14,D1: hide answer papers,A2 within-paper ranker,0.35714285714285715,0.5,0.014814814814814815,7304.0
106,106,133,13,-,random (1 permutation),0.15384615384615385,0.15384615384615385,0.46616541353383456,
106,106,133,13,as designed,v2,0.3076923076923077,0.5384615384615384,0.015037593984962405,7892.0
106,106,133,13,as designed,B drop PCE<5,0.38461538461538464,0.5384615384615384,0.007518796992481203,7892.0
106,106,133,13,as designed,A2 within-paper ranker,0.46153846153846156,0.46153846153846156,0.007518796992481203,7892.0
106,106,133,13,D1: hide answer papers,v2,0.15384615384615385,0.46153846153846156,0.39849624060150374,7759.0
106,106,133,13,D1: hide answer papers,B drop PCE<5,0.38461538461538464,0.46153846153846156,0.007518796992481203,7759.0
106,106,133,13,D1: hide answer papers,A2 within-paper ranker,0.38461538461538464,0.46153846153846156,0.05263157894736842,7759.0
107,107,141,14,-,random (1 permutation),0.14285714285714285,0.35714285714285715,0.02127659574468085,
107,107,141,14,as designed,v2,0.5714285714285714,0.5714285714285714,0.0070921985815602835,7675.0
107,107,141,14,as designed,B drop PCE<5,0.5,0.5714285714285714,0.0070921985815602835,7675.0
107,107,141,14,as designed,A2 within-paper ranker,0.2857142857142857,0.5,0.03546099290780142,7675.0
107,107,141,14,D1: hide answer papers,v2,0.42857142857142855,0.5,0.2907801418439716,7588.0
107,107,141,14,D1: hide answer papers,B drop PCE<5,0.35714285714285715,0.6428571428571429,0.10638297872340426,7588.0
107,107,141,14,D1: hide answer papers,A2 within-paper ranker,0.2857142857142857,0.42857142857142855,0.19148936170212766,7588.0
108,108,128,13,-,random (1 permutation),0.07692307692307693,0.23076923076923078,0.4375,
108,108,128,13,as designed,v2,0.3076923076923077,0.6923076923076923,0.0625,7755.0
108,108,128,13,as designed,B drop PCE<5,0.38461538461538464,0.5384615384615384,0.046875,7755.0
108,108,128,13,as designed,A2 within-paper ranker,0.3076923076923077,0.46153846153846156,0.3671875,7755.0
108,108,128,13,D1: hide answer papers,v2,0.23076923076923078,0.6923076923076923,0.1796875,7644.0
108,108,128,13,D1: hide answer papers,B drop PCE<5,0.38461538461538464,0.46153846153846156,0.1015625,7644.0
108,108,128,13,D1: hide answer papers,A2 within-paper ranker,0.23076923076923078,0.38461538461538464,0.40625,7644.0
109,109,131,13,-,random (1 permutation),0.07692307692307693,0.15384615384615385,0.8854961832061069,
109,109,131,13,as designed,v2,0.38461538461538464,0.6153846153846154,0.007633587786259542,7515.0
109,109,131,13,as designed,B drop PCE<5,0.3076923076923077,0.5384615384615384,0.03816793893129771,7515.0
109,109,131,13,as designed,A2 within-paper ranker,0.15384615384615385,0.15384615384615385,0.6106870229007634,7515.0
109,109,131,13,D1: hide answer papers,v2,0.38461538461538464,0.6153846153846154,0.06870229007633588,7447.0
109,109,131,13,D1: hide answer papers,B drop PCE<5,0.23076923076923078,0.38461538461538464,0.2748091603053435,7447.0
109,109,131,13,D1: hide answer papers,A2 within-paper ranker,0.15384615384615385,0.23076923076923078,0.48854961832061067,7447.0
110,110,128,13,-,random (1 permutation),0.3076923076923077,0.38461538461538464,0.046875,
110,110,128,13,as designed,v2,0.38461538461538464,0.6923076923076923,0.015625,7647.0
110,110,128,13,as designed,B drop PCE<5,0.38461538461538464,0.8461538461538461,0.046875,7647.0
110,110,128,13,as designed,A2 within-paper ranker,0.38461538461538464,0.6153846153846154,0.015625,7647.0
110,110,128,13,D1: hide answer papers,v2,0.46153846153846156,0.6153846153846154,0.015625,7527.0
110,110,128,13,D1: hide answer papers,B drop PCE<5,0.46153846153846156,0.8461538461538461,0.1484375,7527.0
110,110,128,13,D1: hide answer papers,A2 within-paper ranker,0.38461538461538464,0.6923076923076923,0.0234375,7527.0
111,111,127,13,-,random (1 permutation),0.15384615384615385,0.3076923076923077,0.9212598425196851,
111,111,127,13,as designed,v2,0.3076923076923077,0.46153846153846156,0.007874015748031496,8166.0
111,111,127,13,as designed,B drop PCE<5,0.3076923076923077,0.6153846153846154,0.031496062992125984,8166.0
111,111,127,13,as designed,A2 within-paper ranker,0.07692307692307693,0.38461538461538464,0.8267716535433071,8166.0
111,111,127,13,D1: hide answer papers,v2,0.23076923076923078,0.46153846153846156,0.3937007874015748,8038.0
111,111,127,13,D1: hide answer papers,B drop PCE<5,0.23076923076923078,0.5384615384615384,0.25196850393700787,8038.0
111,111,127,13,D1: hide answer papers,A2 within-paper ranker,0.15384615384615385,0.3076923076923077,0.6535433070866141,8038.0
112,112,121,12,-,random (1 permutation),0.08333333333333333,0.16666666666666666,0.6776859504132231,
112,112,121,12,as designed,v2,0.4166666666666667,0.5833333333333334,0.32231404958677684,7914.0
112,112,121,12,as designed,B drop PCE<5,0.5,0.75,0.008264462809917356,7914.0
112,112,121,12,as designed,A2 within-paper ranker,0.4166666666666667,0.6666666666666666,0.008264462809917356,7914.0
112,112,121,12,D1: hide answer papers,v2,0.3333333333333333,0.5833333333333334,0.2892561983471074,7784.0
112,112,121,12,D1: hide answer papers,B drop PCE<5,0.5,0.75,0.05785123966942149,7784.0
112,112,121,12,D1: hide answer papers,A2 within-paper ranker,0.25,0.75,0.1322314049586777,7784.0
113,113,134,13,-,random (1 permutation),0.0,0.07692307692307693,0.3880597014925373,
113,113,134,13,as designed,v2,0.3076923076923077,0.38461538461538464,0.20149253731343283,8054.0
113,113,134,13,as designed,B drop PCE<5,0.3076923076923077,0.6153846153846154,0.19402985074626866,8054.0
113,113,134,13,as designed,A2 within-paper ranker,0.3076923076923077,0.46153846153846156,0.1417910447761194,8054.0
113,113,134,13,D1: hide answer papers,v2,0.15384615384615385,0.3076923076923077,0.31343283582089554,7991.0
113,113,134,13,D1: hide answer papers,B drop PCE<5,0.3076923076923077,0.5384615384615384,0.3208955223880597,7991.0
113,113,134,13,D1: hide answer papers,A2 within-paper ranker,0.23076923076923078,0.38461538461538464,0.23880597014925373,7991.0
114,114,133,13,-,random (1 permutation),0.07692307692307693,0.07692307692307693,0.022556390977443608,
114,114,133,13,as designed,v2,0.3076923076923077,0.6923076923076923,0.14285714285714285,7876.0
114,114,133,13,as designed,B drop PCE<5,0.46153846153846156,0.6923076923076923,0.015037593984962405,7876.0
114,114,133,13,as designed,A2 within-paper ranker,0.46153846153846156,0.6153846153846154,0.022556390977443608,7876.0
114,114,133,13,D1: hide answer papers,v2,0.3076923076923077,0.6153846153846154,0.22556390977443608,7848.0
114,114,133,13,D1: hide answer papers,B drop PCE<5,0.38461538461538464,0.7692307692307693,0.18796992481203006,7848.0
114,114,133,13,D1: hide answer papers,A2 within-paper ranker,0.38461538461538464,0.5384615384615384,0.045112781954887216,7848.0
115,115,144,14,-,random (1 permutation),0.07142857142857142,0.14285714285714285,0.7083333333333334,
115,115,144,14,as designed,v2,0.42857142857142855,0.6428571428571429,0.034722222222222224,7897.0
115,115,144,14,as designed,B drop PCE<5,0.5,0.7142857142857143,0.020833333333333332,7897.0
115,115,144,14,as designed,A2 within-paper ranker,0.21428571428571427,0.2857142857142857,0.16666666666666666,7897.0
115,115,144,14,D1: hide answer papers,v2,0.42857142857142855,0.5714285714285714,0.3333333333333333,7834.0
115,115,144,14,D1: hide answer papers,B drop PCE<5,0.5,0.6428571428571429,0.1736111111111111,7834.0
115,115,144,14,D1: hide answer papers,A2 within-paper ranker,0.07142857142857142,0.2857142857142857,0.4236111111111111,7834.0
116,116,139,14,-,random (1 permutation),0.0,0.07142857142857142,0.9712230215827338,
116,116,139,14,as designed,v2,0.5,0.7142857142857143,0.1223021582733813,8134.0
116,116,139,14,as designed,B drop PCE<5,0.5,0.6428571428571429,0.04316546762589928,8134.0
116,116,139,14,as designed,A2 within-paper ranker,0.35714285714285715,0.6428571428571429,0.014388489208633094,8134.0
116,116,139,14,D1: hide answer papers,v2,0.5,0.6428571428571429,0.34532374100719426,7916.0
116,116,139,14,D1: hide answer papers,B drop PCE<5,0.35714285714285715,0.6428571428571429,0.1366906474820144,7916.0
116,116,139,14,D1: hide answer papers,A2 within-paper ranker,0.2857142857142857,0.5,0.7697841726618705,7916.0
117,117,135,14,-,random (1 permutation),0.14285714285714285,0.2857142857142857,0.8814814814814815,
117,117,135,14,as designed,v2,0.42857142857142855,0.7857142857142857,0.02962962962962963,7688.0
117,117,135,14,as designed,B drop PCE<5,0.6428571428571429,0.7857142857142857,0.1037037037037037,7688.0
117,117,135,14,as designed,A2 within-paper ranker,0.21428571428571427,0.35714285714285715,0.02962962962962963,7688.0
117,117,135,14,D1: hide answer papers,v2,0.42857142857142855,0.7857142857142857,0.1259259259259259,7567.0
117,117,135,14,D1: hide answer papers,B drop PCE<5,0.5714285714285714,0.7142857142857143,0.24444444444444444,7567.0
117,117,135,14,D1: hide answer papers,A2 within-paper ranker,0.21428571428571427,0.2857142857142857,0.21481481481481482,7567.0
118,118,131,13,-,random (1 permutation),0.0,0.07692307692307693,0.8015267175572519,
118,118,131,13,as designed,v2,0.46153846153846156,0.5384615384615384,0.09923664122137404,7957.0
118,118,131,13,as designed,B drop PCE<5,0.23076923076923078,0.5384615384615384,0.10687022900763359,7957.0
118,118,131,13,as designed,A2 within-paper ranker,0.23076923076923078,0.46153846153846156,0.13740458015267176,7957.0
118,118,131,13,D1: hide answer papers,v2,0.3076923076923077,0.38461538461538464,0.31297709923664124,7804.0
118,118,131,13,D1: hide answer papers,B drop PCE<5,0.15384615384615385,0.38461538461538464,0.48854961832061067,7804.0
118,118,131,13,D1: hide answer papers,A2 within-paper ranker,0.15384615384615385,0.5384615384615384,0.15267175572519084,7804.0
119,119,138,14,-,random (1 permutation),0.07142857142857142,0.14285714285714285,0.2753623188405797,
119,119,138,14,as designed,v2,0.35714285714285715,0.5714285714285714,0.021739130434782608,8048.0
119,119,138,14,as designed,B drop PCE<5,0.42857142857142855,0.5,0.050724637681159424,8048.0
119,119,138,14,as designed,A2 within-paper ranker,0.14285714285714285,0.42857142857142855,0.007246376811594203,8048.0
119,119,138,14,D1: hide answer papers,v2,0.2857142857142857,0.5,0.036231884057971016,7948.0
119,119,138,14,D1: hide answer papers,B drop PCE<5,0.35714285714285715,0.5714285714285714,0.028985507246376812,7948.0
119,119,138,14,D1: hide answer papers,A2 within-paper ranker,0.21428571428571427,0.42857142857142855,0.007246376811594203,7948.0
120,120,140,14,-,random (1 permutation),0.14285714285714285,0.21428571428571427,0.4857142857142857,
120,120,140,14,as designed,v2,0.42857142857142855,0.7142857142857143,0.05,7631.0
120,120,140,14,as designed,B drop PCE<5,0.5,0.6428571428571429,0.06428571428571428,7631.0
120,120,140,14,as designed,A2 within-paper ranker,0.2857142857142857,0.42857142857142855,0.014285714285714285,7631.0
120,120,140,14,D1: hide answer papers,v2,0.2857142857142857,0.6428571428571429,0.16428571428571428,7526.0
120,120,140,14,D1: hide answer papers,B drop PCE<5,0.42857142857142855,0.5714285714285714,0.2785714285714286,7526.0
120,120,140,14,D1: hide answer papers,A2 within-paper ranker,0.35714285714285715,0.5,0.04285714285714286,7526.0
121,121,121,12,-,random (1 permutation),0.0,0.0,0.743801652892562,
121,121,121,12,as designed,v2,0.4166666666666667,0.6666666666666666,0.10743801652892562,7851.0
121,121,121,12,as designed,B drop PCE<5,0.5833333333333334,0.75,0.08264462809917356,7851.0
121,121,121,12,as designed,A2 within-paper ranker,0.4166666666666667,0.6666666666666666,0.008264462809917356,7851.0
121,121,121,12,D1: hide answer papers,v2,0.4166666666666667,0.5,0.3884297520661157,7760.0
121,121,121,12,D1: hide answer papers,B drop PCE<5,0.5,0.6666666666666666,0.19834710743801653,7760.0
121,121,121,12,D1: hide answer papers,A2 within-paper ranker,0.3333333333333333,0.5,0.03305785123966942,7760.0
122,122,138,14,-,random (1 permutation),0.14285714285714285,0.21428571428571427,0.7608695652173914,
122,122,138,14,as designed,v2,0.5,0.6428571428571429,0.014492753623188406,7875.0
122,122,138,14,as designed,B drop PCE<5,0.35714285714285715,0.6428571428571429,0.021739130434782608,7875.0
122,122,138,14,as designed,A2 within-paper ranker,0.35714285714285715,0.42857142857142855,0.007246376811594203,7875.0
122,122,138,14,D1: hide answer papers,v2,0.5714285714285714,0.6428571428571429,0.07971014492753623,7846.0
122,122,138,14,D1: hide answer papers,B drop PCE<5,0.42857142857142855,0.6428571428571429,0.050724637681159424,7846.0
122,122,138,14,D1: hide answer papers,A2 within-paper ranker,0.21428571428571427,0.42857142857142855,0.007246376811594203,7846.0
123,123,148,15,-,random (1 permutation),0.0,0.2,0.12837837837837837,
123,123,148,15,as designed,v2,0.5333333333333333,0.6666666666666666,0.04054054054054054,7564.0
123,123,148,15,as designed,B drop PCE<5,0.5333333333333333,0.6666666666666666,0.08108108108108109,7564.0
123,123,148,15,as designed,A2 within-paper ranker,0.4,0.6666666666666666,0.013513513513513514,7564.0
123,123,148,15,D1: hide answer papers,v2,0.5333333333333333,0.6666666666666666,0.10135135135135136,7498.0
123,123,148,15,D1: hide answer papers,B drop PCE<5,0.4666666666666667,0.6666666666666666,0.08108108108108109,7498.0
123,123,148,15,D1: hide answer papers,A2 within-paper ranker,0.3333333333333333,0.6666666666666666,0.013513513513513514,7498.0
124,124,134,13,-,random (1 permutation),0.07692307692307693,0.07692307692307693,0.9626865671641791,
124,124,134,13,as designed,v2,0.38461538461538464,0.5384615384615384,0.12686567164179105,7740.0
124,124,134,13,as designed,B drop PCE<5,0.46153846153846156,0.6153846153846154,0.1865671641791045,7740.0
124,124,134,13,as designed,A2 within-paper ranker,0.46153846153846156,0.46153846153846156,0.022388059701492536,7740.0
124,124,134,13,D1: hide answer papers,v2,0.46153846153846156,0.5384615384615384,0.208955223880597,7653.0
124,124,134,13,D1: hide answer papers,B drop PCE<5,0.46153846153846156,0.5384615384615384,0.208955223880597,7653.0
124,124,134,13,D1: hide answer papers,A2 within-paper ranker,0.46153846153846156,0.5384615384615384,0.014925373134328358,7653.0
125,125,129,13,-,random (1 permutation),0.07692307692307693,0.23076923076923078,0.2248062015503876,
125,125,129,13,as designed,v2,0.3076923076923077,0.46153846153846156,0.14728682170542637,8348.0
125,125,129,13,as designed,B drop PCE<5,0.23076923076923078,0.46153846153846156,0.03875968992248062,8348.0
125,125,129,13,as designed,A2 within-paper ranker,0.3076923076923077,0.38461538461538464,0.09302325581395349,8348.0
125,125,129,13,D1: hide answer papers,v2,0.23076923076923078,0.46153846153846156,0.05426356589147287,8268.0
125,125,129,13,D1: hide answer papers,B drop PCE<5,0.23076923076923078,0.6153846153846154,0.031007751937984496,8268.0
125,125,129,13,D1: hide answer papers,A2 within-paper ranker,0.0,0.0,0.2248062015503876,8268.0
126,126,139,14,-,random (1 permutation),0.14285714285714285,0.42857142857142855,0.8201438848920863,
126,126,139,14,as designed,v2,0.5,0.7142857142857143,0.007194244604316547,7610.0
126,126,139,14,as designed,B drop PCE<5,0.5714285714285714,0.7142857142857143,0.007194244604316547,7610.0
126,126,139,14,as designed,A2 within-paper ranker,0.42857142857142855,0.5714285714285714,0.007194244604316547,7610.0
126,126,139,14,D1: hide answer papers,v2,0.42857142857142855,0.6428571428571429,0.050359712230215826,7502.0
126,126,139,14,D1: hide answer papers,B drop PCE<5,0.42857142857142855,0.5714285714285714,0.007194244604316547,7502.0
126,126,139,14,D1: hide answer papers,A2 within-paper ranker,0.35714285714285715,0.6428571428571429,0.04316546762589928,7502.0
127,127,136,14,-,random (1 permutation),0.07142857142857142,0.14285714285714285,0.5073529411764706,
127,127,136,14,as designed,v2,0.5,0.5714285714285714,0.04411764705882353,7313.0
127,127,136,14,as designed,B drop PCE<5,0.42857142857142855,0.6428571428571429,0.13970588235294118,7313.0
127,127,136,14,as designed,A2 within-paper ranker,0.35714285714285715,0.42857142857142855,0.014705882352941176,7313.0
127,127,136,14,D1: hide answer papers,v2,0.42857142857142855,0.5,0.0661764705882353,7198.0
127,127,136,14,D1: hide answer papers,B drop PCE<5,0.42857142857142855,0.6428571428571429,0.19852941176470587,7198.0
127,127,136,14,D1: hide answer papers,A2 within-paper ranker,0.2857142857142857,0.42857142857142855,0.03676470588235294,7198.0
128,128,132,13,-,random (1 permutation),0.0,0.07692307692307693,0.12121212121212122,
128,128,132,13,as designed,v2,0.23076923076923078,0.5384615384615384,0.06818181818181818,8237.0
128,128,132,13,as designed,B drop PCE<5,0.3076923076923077,0.5384615384615384,0.022727272727272728,8237.0
128,128,132,13,as designed,A2 within-paper ranker,0.23076923076923078,0.38461538461538464,0.11363636363636363,8237.0
128,128,132,13,D1: hide answer papers,v2,0.15384615384615385,0.46153846153846156,0.3560606060606061,8120.0
128,128,132,13,D1: hide answer papers,B drop PCE<5,0.38461538461538464,0.5384615384615384,0.08333333333333333,8120.0
128,128,132,13,D1: hide answer papers,A2 within-paper ranker,0.23076923076923078,0.46153846153846156,0.06818181818181818,8120.0
129,129,136,14,-,random (1 permutation),0.14285714285714285,0.14285714285714285,0.625,
129,129,136,14,as designed,v2,0.5,0.6428571428571429,0.09558823529411764,7725.0
129,129,136,14,as designed,B drop PCE<5,0.42857142857142855,0.7857142857142857,0.16176470588235295,7725.0
129,129,136,14,as designed,A2 within-paper ranker,0.5,0.5714285714285714,0.03676470588235294,7725.0
129,129,136,14,D1: hide answer papers,v2,0.2857142857142857,0.6428571428571429,0.25,7624.0
129,129,136,14,D1: hide answer papers,B drop PCE<5,0.5,0.6428571428571429,0.25,7624.0
129,129,136,14,D1: hide answer papers,A2 within-paper ranker,0.42857142857142855,0.5,0.014705882352941176,7624.0
130,130,136,14,-,random (1 permutation),0.07142857142857142,0.07142857142857142,0.6544117647058824,
130,130,136,14,as designed,v2,0.35714285714285715,0.5714285714285714,0.40441176470588236,7669.0
130,130,136,14,as designed,B drop PCE<5,0.2857142857142857,0.5714285714285714,0.4485294117647059,7669.0
130,130,136,14,as designed,A2 within-paper ranker,0.14285714285714285,0.35714285714285715,0.029411764705882353,7669.0
130,130,136,14,D1: hide answer papers,v2,0.2857142857142857,0.42857142857142855,0.35294117647058826,7515.0
130,130,136,14,D1: hide answer papers,B drop PCE<5,0.35714285714285715,0.42857142857142855,0.49264705882352944,7515.0
130,130,136,14,D1: hide answer papers,A2 within-paper ranker,0.07142857142857142,0.35714285714285715,0.23529411764705882,7515.0
131,131,141,14,-,random (1 permutation),0.14285714285714285,0.21428571428571427,0.41843971631205673,
131,131,141,14,as designed,v2,0.42857142857142855,0.5714285714285714,0.05673758865248227,7256.0
131,131,141,14,as designed,B drop PCE<5,0.42857142857142855,0.6428571428571429,0.03546099290780142,7256.0
131,131,141,14,as designed,A2 within-paper ranker,0.35714285714285715,0.5714285714285714,0.028368794326241134,7256.0
131,131,141,14,D1: hide answer papers,v2,0.42857142857142855,0.6428571428571429,0.0851063829787234,7145.0
131,131,141,14,D1: hide answer papers,B drop PCE<5,0.2857142857142857,0.5714285714285714,0.36879432624113473,7145.0
131,131,141,14,D1: hide answer papers,A2 within-paper ranker,0.35714285714285715,0.5714285714285714,0.0425531914893617,7145.0
132,132,128,13,-,random (1 permutation),0.15384615384615385,0.3076923076923077,0.8046875,
132,132,128,13,as designed,v2,0.46153846153846156,0.6153846153846154,0.25,7895.0
132,132,128,13,as designed,B drop PCE<5,0.38461538461538464,0.6923076923076923,0.1171875,7895.0
132,132,128,13,as designed,A2 within-paper ranker,0.3076923076923077,0.38461538461538464,0.109375,7895.0
132,132,128,13,D1: hide answer papers,v2,0.38461538461538464,0.6923076923076923,0.2734375,7869.0
132,132,128,13,D1: hide answer papers,B drop PCE<5,0.38461538461538464,0.6923076923076923,0.1484375,7869.0
132,132,128,13,D1: hide answer papers,A2 within-paper ranker,0.3076923076923077,0.46153846153846156,0.140625,7869.0
133,133,137,14,-,random (1 permutation),0.14285714285714285,0.35714285714285715,0.8759124087591241,
133,133,137,14,as designed,v2,0.5714285714285714,0.7142857142857143,0.014598540145985401,7787.0
133,133,137,14,as designed,B drop PCE<5,0.6428571428571429,0.7857142857142857,0.021897810218978103,7787.0
133,133,137,14,as designed,A2 within-paper ranker,0.2857142857142857,0.42857142857142855,0.40875912408759124,7787.0
133,133,137,14,D1: hide answer papers,v2,0.5714285714285714,0.7857142857142857,0.10218978102189781,7687.0
133,133,137,14,D1: hide answer papers,B drop PCE<5,0.5714285714285714,0.7857142857142857,0.10218978102189781,7687.0
133,133,137,14,D1: hide answer papers,A2 within-paper ranker,0.35714285714285715,0.35714285714285715,0.39416058394160586,7687.0
134,134,143,14,-,random (1 permutation),0.14285714285714285,0.21428571428571427,0.4965034965034965,
134,134,143,14,as designed,v2,0.35714285714285715,0.6428571428571429,0.06993006993006994,7896.0
134,134,143,14,as designed,B drop PCE<5,0.21428571428571427,0.5714285714285714,0.18181818181818182,7896.0
134,134,143,14,as designed,A2 within-paper ranker,0.5,0.6428571428571429,0.04895104895104895,7896.0
134,134,143,14,D1: hide answer papers,v2,0.2857142857142857,0.5714285714285714,0.09090909090909091,7792.0
134,134,143,14,D1: hide answer papers,B drop PCE<5,0.14285714285714285,0.5,0.27972027972027974,7792.0
134,134,143,14,D1: hide answer papers,A2 within-paper ranker,0.5,0.6428571428571429,0.04895104895104895,7792.0
135,135,144,14,-,random (1 permutation),0.21428571428571427,0.2857142857142857,0.2013888888888889,
135,135,144,14,as designed,v2,0.42857142857142855,0.5,0.04861111111111111,8017.0
135,135,144,14,as designed,B drop PCE<5,0.42857142857142855,0.5714285714285714,0.0625,8017.0
135,135,144,14,as designed,A2 within-paper ranker,0.21428571428571427,0.5714285714285714,0.013888888888888888,8017.0
135,135,144,14,D1: hide answer papers,v2,0.21428571428571427,0.42857142857142855,0.0625,7875.0
135,135,144,14,D1: hide answer papers,B drop PCE<5,0.42857142857142855,0.5714285714285714,0.05555555555555555,7875.0
135,135,144,14,D1: hide answer papers,A2 within-paper ranker,0.2857142857142857,0.35714285714285715,0.020833333333333332,7875.0
136,136,134,13,-,random (1 permutation),0.15384615384615385,0.3076923076923077,0.44776119402985076,
136,136,134,13,as designed,v2,0.46153846153846156,0.6153846153846154,0.022388059701492536,7742.0
136,136,134,13,as designed,B drop PCE<5,0.3076923076923077,0.46153846153846156,0.1044776119402985,7742.0
136,136,134,13,as designed,A2 within-paper ranker,0.23076923076923078,0.3076923076923077,0.014925373134328358,7742.0
136,136,134,13,D1: hide answer papers,v2,0.38461538461538464,0.5384615384615384,0.03731343283582089,7671.0
136,136,134,13,D1: hide answer papers,B drop PCE<5,0.38461538461538464,0.5384615384615384,0.09701492537313433,7671.0
136,136,134,13,D1: hide answer papers,A2 within-paper ranker,0.23076923076923078,0.3076923076923077,0.007462686567164179,7671.0
137,137,133,13,-,random (1 permutation),0.07692307692307693,0.23076923076923078,0.3233082706766917,
137,137,133,13,as designed,v2,0.38461538461538464,0.6923076923076923,0.03007518796992481,7591.0
137,137,133,13,as designed,B drop PCE<5,0.38461538461538464,0.6923076923076923,0.007518796992481203,7591.0
137,137,133,13,as designed,A2 within-paper ranker,0.38461538461538464,0.46153846153846156,0.03759398496240601,7591.0
137,137,133,13,D1: hide answer papers,v2,0.3076923076923077,0.5384615384615384,0.3157894736842105,7523.0
137,137,133,13,D1: hide answer papers,B drop PCE<5,0.38461538461538464,0.38461538461538464,0.5112781954887218,7523.0
137,137,133,13,D1: hide answer papers,A2 within-paper ranker,0.3076923076923077,0.5384615384615384,0.18796992481203006,7523.0
138,138,133,13,-,random (1 permutation),0.0,0.07692307692307693,0.6917293233082706,
138,138,133,13,as designed,v2,0.3076923076923077,0.6153846153846154,0.13533834586466165,7815.0
138,138,133,13,as designed,B drop PCE<5,0.3076923076923077,0.5384615384615384,0.16541353383458646,7815.0
138,138,133,13,as designed,A2 within-paper ranker,0.38461538461538464,0.6153846153846154,0.007518796992481203,7815.0
138,138,133,13,D1: hide answer papers,v2,0.3076923076923077,0.38461538461538464,0.47368421052631576,7746.0
138,138,133,13,D1: hide answer papers,B drop PCE<5,0.23076923076923078,0.46153846153846156,0.3458646616541353,7746.0
138,138,133,13,D1: hide answer papers,A2 within-paper ranker,0.3076923076923077,0.5384615384615384,0.03759398496240601,7746.0
139,139,133,13,-,random (1 permutation),0.07692307692307693,0.07692307692307693,0.47368421052631576,
139,139,133,13,as designed,v2,0.3076923076923077,0.46153846153846156,0.45864661654135336,7605.0
139,139,133,13,as designed,B drop PCE<5,0.46153846153846156,0.6153846153846154,0.16541353383458646,7605.0
139,139,133,13,as designed,A2 within-paper ranker,0.5384615384615384,0.6153846153846154,0.07518796992481203,7605.0
139,139,133,13,D1: hide answer papers,v2,0.3076923076923077,0.46153846153846156,0.3684210526315789,7538.0
139,139,133,13,D1: hide answer papers,B drop PCE<5,0.38461538461538464,0.6153846153846154,0.20300751879699247,7538.0
139,139,133,13,D1: hide answer papers,A2 within-paper ranker,0.5384615384615384,0.6923076923076923,0.07518796992481203,7538.0
140,140,145,14,-,random (1 permutation),0.0,0.21428571428571427,0.35172413793103446,
140,140,145,14,as designed,v2,0.42857142857142855,0.5,0.020689655172413793,7865.0
140,140,145,14,as designed,B drop PCE<5,0.42857142857142855,0.7142857142857143,0.034482758620689655,7865.0
140,140,145,14,as designed,A2 within-paper ranker,0.35714285714285715,0.42857142857142855,0.034482758620689655,7865.0
140,140,145,14,D1: hide answer papers,v2,0.2857142857142857,0.5714285714285714,0.13793103448275862,7705.0
140,140,145,14,D1: hide answer papers,B drop PCE<5,0.42857142857142855,0.7857142857142857,0.06896551724137931,7705.0
140,140,145,14,D1: hide answer papers,A2 within-paper ranker,0.2857142857142857,0.5,0.05517241379310345,7705.0
141,141,128,13,-,random (1 permutation),0.15384615384615385,0.23076923076923078,0.9765625,
141,141,128,13,as designed,v2,0.23076923076923078,0.5384615384615384,0.0078125,8030.0
141,141,128,13,as designed,B drop PCE<5,0.38461538461538464,0.5384615384615384,0.0078125,8030.0
141,141,128,13,as designed,A2 within-paper ranker,0.3076923076923077,0.5384615384615384,0.0078125,8030.0
141,141,128,13,D1: hide answer papers,v2,0.15384615384615385,0.5384615384615384,0.15625,7924.0
141,141,128,13,D1: hide answer papers,B drop PCE<5,0.38461538461538464,0.5384615384615384,0.03125,7924.0
141,141,128,13,D1: hide answer papers,A2 within-paper ranker,0.46153846153846156,0.46153846153846156,0.0078125,7924.0
142,142,133,13,-,random (1 permutation),0.0,0.0,0.3383458646616541,
142,142,133,13,as designed,v2,0.23076923076923078,0.5384615384615384,0.39849624060150374,7886.0
142,142,133,13,as designed,B drop PCE<5,0.23076923076923078,0.6153846153846154,0.23308270676691728,7886.0
142,142,133,13,as designed,A2 within-paper ranker,0.15384615384615385,0.46153846153846156,0.007518796992481203,7886.0
142,142,133,13,D1: hide answer papers,v2,0.38461538461538464,0.46153846153846156,0.22556390977443608,7696.0
142,142,133,13,D1: hide answer papers,B drop PCE<5,0.23076923076923078,0.5384615384615384,0.3233082706766917,7696.0
142,142,133,13,D1: hide answer papers,A2 within-paper ranker,0.3076923076923077,0.5384615384615384,0.022556390977443608,7696.0
143,143,139,14,-,random (1 permutation),0.14285714285714285,0.14285714285714285,0.9568345323741008,
143,143,139,14,as designed,v2,0.35714285714285715,0.5714285714285714,0.050359712230215826,7879.0
143,143,139,14,as designed,B drop PCE<5,0.42857142857142855,0.5714285714285714,0.08633093525179857,7879.0
143,143,139,14,as designed,A2 within-paper ranker,0.42857142857142855,0.6428571428571429,0.10071942446043165,7879.0
143,143,139,14,D1: hide answer papers,v2,0.42857142857142855,0.5,0.3669064748201439,7842.0
143,143,139,14,D1: hide answer papers,B drop PCE<5,0.42857142857142855,0.5,0.2302158273381295,7842.0
143,143,139,14,D1: hide answer papers,A2 within-paper ranker,0.2857142857142857,0.5,0.10071942446043165,7842.0
144,144,141,14,-,random (1 permutation),0.14285714285714285,0.21428571428571427,0.8439716312056738,
144,144,141,14,as designed,v2,0.2857142857142857,0.5,0.03546099290780142,7605.0
144,144,141,14,as designed,B drop PCE<5,0.2857142857142857,0.6428571428571429,0.0425531914893617,7605.0
144,144,141,14,as designed,A2 within-paper ranker,0.42857142857142855,0.5714285714285714,0.0070921985815602835,7605.0
144,144,141,14,D1: hide answer papers,v2,0.21428571428571427,0.42857142857142855,0.1276595744680851,7543.0
144,144,141,14,D1: hide answer papers,B drop PCE<5,0.21428571428571427,0.5714285714285714,0.14893617021276595,7543.0
144,144,141,14,D1: hide answer papers,A2 within-paper ranker,0.42857142857142855,0.5714285714285714,0.02127659574468085,7543.0
145,145,140,14,-,random (1 permutation),0.0,0.14285714285714285,0.15714285714285714,
145,145,140,14,as designed,v2,0.42857142857142855,0.6428571428571429,0.02142857142857143,8238.0
145,145,140,14,as designed,B drop PCE<5,0.42857142857142855,0.5714285714285714,0.007142857142857143,8238.0
145,145,140,14,as designed,A2 within-paper ranker,0.42857142857142855,0.5714285714285714,0.014285714285714285,8238.0
145,145,140,14,D1: hide answer papers,v2,0.2857142857142857,0.5,0.2857142857142857,8001.0
145,145,140,14,D1: hide answer papers,B drop PCE<5,0.35714285714285715,0.5714285714285714,0.15,8001.0
145,145,140,14,D1: hide answer papers,A2 within-paper ranker,0.21428571428571427,0.5,0.7428571428571429,8001.0
146,146,142,14,-,random (1 permutation),0.07142857142857142,0.2857142857142857,0.8802816901408451,
146,146,142,14,as designed,v2,0.21428571428571427,0.42857142857142855,0.5070422535211268,7990.0
146,146,142,14,as designed,B drop PCE<5,0.5,0.5714285714285714,0.4084507042253521,7990.0
146,146,142,14,as designed,A2 within-paper ranker,0.2857142857142857,0.5,0.04929577464788732,7990.0
146,146,142,14,D1: hide answer papers,v2,0.21428571428571427,0.42857142857142855,0.43661971830985913,7880.0
146,146,142,14,D1: hide answer papers,B drop PCE<5,0.35714285714285715,0.42857142857142855,0.29577464788732394,7880.0
146,146,142,14,D1: hide answer papers,A2 within-paper ranker,0.21428571428571427,0.42857142857142855,0.04929577464788732,7880.0
147,147,139,14,-,random (1 permutation),0.14285714285714285,0.14285714285714285,0.03597122302158273,
147,147,139,14,as designed,v2,0.5714285714285714,0.7142857142857143,0.08633093525179857,7954.0
147,147,139,14,as designed,B drop PCE<5,0.5,0.7142857142857143,0.08633093525179857,7954.0
147,147,139,14,as designed,A2 within-paper ranker,0.35714285714285715,0.5714285714285714,0.12949640287769784,7954.0
147,147,139,14,D1: hide answer papers,v2,0.42857142857142855,0.6428571428571429,0.1223021582733813,7835.0
147,147,139,14,D1: hide answer papers,B drop PCE<5,0.42857142857142855,0.7142857142857143,0.16546762589928057,7835.0
147,147,139,14,D1: hide answer papers,A2 within-paper ranker,0.2857142857142857,0.5,0.07913669064748201,7835.0
148,148,133,13,-,random (1 permutation),0.15384615384615385,0.3076923076923077,0.6165413533834586,
148,148,133,13,as designed,v2,0.38461538461538464,0.6153846153846154,0.007518796992481203,7962.0
148,148,133,13,as designed,B drop PCE<5,0.5384615384615384,0.6153846153846154,0.007518796992481203,7962.0
148,148,133,13,as designed,A2 within-paper ranker,0.07692307692307693,0.38461538461538464,0.3082706766917293,7962.0
148,148,133,13,D1: hide answer papers,v2,0.23076923076923078,0.38461538461538464,0.2781954887218045,7865.0
148,148,133,13,D1: hide answer papers,B drop PCE<5,0.46153846153846156,0.6153846153846154,0.17293233082706766,7865.0
148,148,133,13,D1: hide answer papers,A2 within-paper ranker,0.15384615384615385,0.23076923076923078,0.6917293233082706,7865.0
149,149,144,14,-,random (1 permutation),0.07142857142857142,0.14285714285714285,0.3055555555555556,
149,149,144,14,as designed,v2,0.35714285714285715,0.5,0.2916666666666667,7855.0
149,149,144,14,as designed,B drop PCE<5,0.42857142857142855,0.5,0.1111111111111111,7855.0
149,149,144,14,as designed,A2 within-paper ranker,0.21428571428571427,0.2857142857142857,0.013888888888888888,7855.0
149,149,144,14,D1: hide answer papers,v2,0.2857142857142857,0.5,0.4097222222222222,7834.0
149,149,144,14,D1: hide answer papers,B drop PCE<5,0.42857142857142855,0.5,0.16666666666666666,7834.0
149,149,144,14,D1: hide answer papers,A2 within-paper ranker,0.21428571428571427,0.35714285714285715,0.006944444444444444,7834.0
150,150,142,14,-,random (1 permutation),0.07142857142857142,0.21428571428571427,0.5915492957746479,
150,150,142,14,as designed,v2,0.5714285714285714,0.5714285714285714,0.014084507042253521,7773.0
150,150,142,14,as designed,B drop PCE<5,0.5714285714285714,0.6428571428571429,0.02112676056338028,7773.0
150,150,142,14,as designed,A2 within-paper ranker,0.5,0.5,0.028169014084507043,7773.0
150,150,142,14,D1: hide answer papers,v2,0.42857142857142855,0.5714285714285714,0.014084507042253521,7602.0
150,150,142,14,D1: hide answer papers,B drop PCE<5,0.35714285714285715,0.5714285714285714,0.014084507042253521,7602.0
150,150,142,14,D1: hide answer papers,A2 within-paper ranker,0.42857142857142855,0.5714285714285714,0.1267605633802817,7602.0
151,151,132,13,-,random (1 permutation),0.15384615384615385,0.3076923076923077,0.045454545454545456,
151,151,132,13,as designed,v2,0.46153846153846156,0.6153846153846154,0.25757575757575757,7546.0
151,151,132,13,as designed,B drop PCE<5,0.38461538461538464,0.6923076923076923,0.12878787878787878,7546.0
151,151,132,13,as designed,A2 within-paper ranker,0.3076923076923077,0.46153846153846156,0.05303030303030303,7546.0
151,151,132,13,D1: hide answer papers,v2,0.38461538461538464,0.6153846153846154,0.7045454545454546,7350.0
151,151,132,13,D1: hide answer papers,B drop PCE<5,0.38461538461538464,0.5384615384615384,0.2878787878787879,7350.0
151,151,132,13,D1: hide answer papers,A2 within-paper ranker,0.3076923076923077,0.38461538461538464,0.4090909090909091,7350.0
152,152,129,13,-,random (1 permutation),0.07692307692307693,0.15384615384615385,0.7286821705426356,
152,152,129,13,as designed,v2,0.23076923076923078,0.38461538461538464,0.34108527131782945,8427.0
152,152,129,13,as designed,B drop PCE<5,0.38461538461538464,0.5384615384615384,0.023255813953488372,8427.0
152,152,129,13,as designed,A2 within-paper ranker,0.3076923076923077,0.46153846153846156,0.007751937984496124,8427.0
152,152,129,13,D1: hide answer papers,v2,0.15384615384615385,0.3076923076923077,0.4418604651162791,8288.0
152,152,129,13,D1: hide answer papers,B drop PCE<5,0.3076923076923077,0.5384615384615384,0.03875968992248062,8288.0
152,152,129,13,D1: hide answer papers,A2 within-paper ranker,0.23076923076923078,0.38461538461538464,0.023255813953488372,8288.0
153,153,131,13,-,random (1 permutation),0.0,0.23076923076923078,0.19083969465648856,
153,153,131,13,as designed,v2,0.23076923076923078,0.5384615384615384,0.2824427480916031,7463.0
153,153,131,13,as designed,B drop PCE<5,0.3076923076923077,0.46153846153846156,0.26717557251908397,7463.0
153,153,131,13,as designed,A2 within-paper ranker,0.15384615384615385,0.46153846153846156,0.0916030534351145,7463.0
153,153,131,13,D1: hide answer papers,v2,0.23076923076923078,0.38461538461538464,0.2595419847328244,7329.0
153,153,131,13,D1: hide answer papers,B drop PCE<5,0.23076923076923078,0.38461538461538464,0.4580152671755725,7329.0
153,153,131,13,D1: hide answer papers,A2 within-paper ranker,0.3076923076923077,0.6153846153846154,0.09923664122137404,7329.0
154,154,125,12,-,random (1 permutation),0.08333333333333333,0.25,0.368,
154,154,125,12,as designed,v2,0.5,0.75,0.288,7610.0
154,154,125,12,as designed,B drop PCE<5,0.5,0.8333333333333334,0.296,7610.0
154,154,125,12,as designed,A2 within-paper ranker,0.4166666666666667,0.5833333333333334,0.008,7610.0
154,154,125,12,D1: hide answer papers,v2,0.25,0.5,0.376,7505.0
154,154,125,12,D1: hide answer papers,B drop PCE<5,0.4166666666666667,0.5833333333333334,0.448,7505.0
154,154,125,12,D1: hide answer papers,A2 within-paper ranker,0.4166666666666667,0.5833333333333334,0.088,7505.0
155,155,135,14,-,random (1 permutation),0.0,0.0,0.8666666666666667,
155,155,135,14,as designed,v2,0.5,0.7142857142857143,0.007407407407407408,7509.0
155,155,135,14,as designed,B drop PCE<5,0.35714285714285715,0.8571428571428571,0.007407407407407408,7509.0
155,155,135,14,as designed,A2 within-paper ranker,0.21428571428571427,0.42857142857142855,0.014814814814814815,7509.0
155,155,135,14,D1: hide answer papers,v2,0.2857142857142857,0.5714285714285714,0.13333333333333333,7383.0
155,155,135,14,D1: hide answer papers,B drop PCE<5,0.35714285714285715,0.7142857142857143,0.044444444444444446,7383.0
155,155,135,14,D1: hide answer papers,A2 within-paper ranker,0.2857142857142857,0.42857142857142855,0.022222222222222223,7383.0
156,156,136,14,-,random (1 permutation),0.14285714285714285,0.21428571428571427,0.20588235294117646,
156,156,136,14,as designed,v2,0.42857142857142855,0.5714285714285714,0.007352941176470588,7387.0
156,156,136,14,as designed,B drop PCE<5,0.5,0.6428571428571429,0.007352941176470588,7387.0
156,156,136,14,as designed,A2 within-paper ranker,0.35714285714285715,0.35714285714285715,0.022058823529411766,7387.0
156,156,136,14,D1: hide answer papers,v2,0.35714285714285715,0.5714285714285714,0.014705882352941176,7231.0
156,156,136,14,D1: hide answer papers,B drop PCE<5,0.5,0.7142857142857143,0.04411764705882353,7231.0
156,156,136,14,D1: hide answer papers,A2 within-paper ranker,0.35714285714285715,0.42857142857142855,0.007352941176470588,7231.0
157,157,135,14,-,random (1 permutation),0.0,0.07142857142857142,0.6444444444444445,
157,157,135,14,as designed,v2,0.35714285714285715,0.42857142857142855,0.022222222222222223,7826.0
157,157,135,14,as designed,B drop PCE<5,0.35714285714285715,0.5714285714285714,0.007407407407407408,7826.0
157,157,135,14,as designed,A2 within-paper ranker,0.35714285714285715,0.5714285714285714,0.14814814814814814,7826.0
157,157,135,14,D1: hide answer papers,v2,0.2857142857142857,0.35714285714285715,0.037037037037037035,7711.0
157,157,135,14,D1: hide answer papers,B drop PCE<5,0.35714285714285715,0.42857142857142855,0.007407407407407408,7711.0
157,157,135,14,D1: hide answer papers,A2 within-paper ranker,0.14285714285714285,0.2857142857142857,0.48148148148148145,7711.0
158,158,134,13,-,random (1 permutation),0.0,0.15384615384615385,0.8955223880597015,
158,158,134,13,as designed,v2,0.46153846153846156,0.6153846153846154,0.05970149253731343,7933.0
158,158,134,13,as designed,B drop PCE<5,0.46153846153846156,0.5384615384615384,0.09701492537313433,7933.0
158,158,134,13,as designed,A2 within-paper ranker,0.46153846153846156,0.5384615384615384,0.014925373134328358,7933.0
158,158,134,13,D1: hide answer papers,v2,0.3076923076923077,0.5384615384615384,0.19402985074626866,7886.0
158,158,134,13,D1: hide answer papers,B drop PCE<5,0.3076923076923077,0.46153846153846156,0.39552238805970147,7886.0
158,158,134,13,D1: hide answer papers,A2 within-paper ranker,0.5384615384615384,0.6153846153846154,0.014925373134328358,7886.0
159,159,135,14,-,random (1 permutation),0.14285714285714285,0.14285714285714285,0.45185185185185184,
159,159,135,14,as designed,v2,0.35714285714285715,0.5714285714285714,0.05925925925925926,7933.0
159,159,135,14,as designed,B drop PCE<5,0.42857142857142855,0.5714285714285714,0.13333333333333333,7933.0
159,159,135,14,as designed,A2 within-paper ranker,0.21428571428571427,0.2857142857142857,0.007407407407407408,7933.0
159,159,135,14,D1: hide answer papers,v2,0.2857142857142857,0.5714285714285714,0.17037037037037037,7869.0
159,159,135,14,D1: hide answer papers,B drop PCE<5,0.42857142857142855,0.5714285714285714,0.3333333333333333,7869.0
159,159,135,14,D1: hide answer papers,A2 within-paper ranker,0.14285714285714285,0.35714285714285715,0.007407407407407408,7869.0
160,160,132,13,-,random (1 permutation),0.15384615384615385,0.15384615384615385,0.696969696969697,
160,160,132,13,as designed,v2,0.23076923076923078,0.5384615384615384,0.022727272727272728,8013.0
160,160,132,13,as designed,B drop PCE<5,0.23076923076923078,0.5384615384615384,0.007575757575757576,8013.0
160,160,132,13,as designed,A2 within-paper ranker,0.23076923076923078,0.38461538461538464,0.015151515151515152,8013.0
160,160,132,13,D1: hide answer papers,v2,0.07692307692307693,0.38461538461538464,0.3333333333333333,7906.0
160,160,132,13,D1: hide answer papers,B drop PCE<5,0.23076923076923078,0.38461538461538464,0.03787878787878788,7906.0
160,160,132,13,D1: hide answer papers,A2 within-paper ranker,0.15384615384615385,0.23076923076923078,0.29545454545454547,7906.0
161,161,132,13,-,random (1 permutation),0.23076923076923078,0.38461538461538464,0.08333333333333333,
161,161,132,13,as designed,v2,0.38461538461538464,0.5384615384615384,0.06060606060606061,7894.0
161,161,132,13,as designed,B drop PCE<5,0.38461538461538464,0.5384615384615384,0.05303030303030303,7894.0
161,161,132,13,as designed,A2 within-paper ranker,0.38461538461538464,0.5384615384615384,0.007575757575757576,7894.0
161,161,132,13,D1: hide answer papers,v2,0.3076923076923077,0.46153846153846156,0.07575757575757576,7831.0
161,161,132,13,D1: hide answer papers,B drop PCE<5,0.3076923076923077,0.5384615384615384,0.08333333333333333,7831.0
161,161,132,13,D1: hide answer papers,A2 within-paper ranker,0.3076923076923077,0.46153846153846156,0.007575757575757576,7831.0
162,162,129,13,-,random (1 permutation),0.0,0.3076923076923077,0.4806201550387597,
162,162,129,13,as designed,v2,0.3076923076923077,0.46153846153846156,0.007751937984496124,7582.0
162,162,129,13,as designed,B drop PCE<5,0.3076923076923077,0.46153846153846156,0.015503875968992248,7582.0
162,162,129,13,as designed,A2 within-paper ranker,0.23076923076923078,0.3076923076923077,0.015503875968992248,7582.0
162,162,129,13,D1: hide answer papers,v2,0.3076923076923077,0.5384615384615384,0.007751937984496124,7448.0
162,162,129,13,D1: hide answer papers,B drop PCE<5,0.3076923076923077,0.46153846153846156,0.007751937984496124,7448.0
162,162,129,13,D1: hide answer papers,A2 within-paper ranker,0.3076923076923077,0.38461538461538464,0.03875968992248062,7448.0
163,163,132,13,-,random (1 permutation),0.0,0.07692307692307693,0.2803030303030303,
163,163,132,13,as designed,v2,0.3076923076923077,0.46153846153846156,0.03787878787878788,7790.0
163,163,132,13,as designed,B drop PCE<5,0.23076923076923078,0.5384615384615384,0.09848484848484848,7790.0
163,163,132,13,as designed,A2 within-paper ranker,0.38461538461538464,0.6923076923076923,0.007575757575757576,7790.0
163,163,132,13,D1: hide answer papers,v2,0.15384615384615385,0.46153846153846156,0.045454545454545456,7738.0
163,163,132,13,D1: hide answer papers,B drop PCE<5,0.15384615384615385,0.5384615384615384,0.07575757575757576,7738.0
163,163,132,13,D1: hide answer papers,A2 within-paper ranker,0.38461538461538464,0.6153846153846154,0.007575757575757576,7738.0
164,164,140,14,-,random (1 permutation),0.0,0.14285714285714285,0.65,
164,164,140,14,as designed,v2,0.42857142857142855,0.5714285714285714,0.05,8111.0
164,164,140,14,as designed,B drop PCE<5,0.21428571428571427,0.5714285714285714,0.20714285714285716,8111.0
164,164,140,14,as designed,A2 within-paper ranker,0.2857142857142857,0.42857142857142855,0.02857142857142857,8111.0
164,164,140,14,D1: hide answer papers,v2,0.42857142857142855,0.7857142857142857,0.08571428571428572,8090.0
164,164,140,14,D1: hide answer papers,B drop PCE<5,0.2857142857142857,0.5714285714285714,0.15714285714285714,8090.0
164,164,140,14,D1: hide answer papers,A2 within-paper ranker,0.21428571428571427,0.2857142857142857,0.02857142857142857,8090.0
165,165,133,13,-,random (1 permutation),0.15384615384615385,0.23076923076923078,0.6842105263157895,
165,165,133,13,as designed,v2,0.46153846153846156,0.6923076923076923,0.16541353383458646,7756.0
165,165,133,13,as designed,B drop PCE<5,0.3076923076923077,0.6923076923076923,0.20300751879699247,7756.0
165,165,133,13,as designed,A2 within-paper ranker,0.38461538461538464,0.6923076923076923,0.10526315789473684,7756.0
165,165,133,13,D1: hide answer papers,v2,0.38461538461538464,0.6923076923076923,0.19548872180451127,7731.0
165,165,133,13,D1: hide answer papers,B drop PCE<5,0.3076923076923077,0.5384615384615384,0.3383458646616541,7731.0
165,165,133,13,D1: hide answer papers,A2 within-paper ranker,0.46153846153846156,0.6923076923076923,0.08270676691729323,7731.0
166,166,137,14,-,random (1 permutation),0.14285714285714285,0.14285714285714285,0.7372262773722628,
166,166,137,14,as designed,v2,0.21428571428571427,0.5,0.145985401459854,7531.0
166,166,137,14,as designed,B drop PCE<5,0.21428571428571427,0.5,0.25547445255474455,7531.0
166,166,137,14,as designed,A2 within-paper ranker,0.14285714285714285,0.14285714285714285,0.27007299270072993,7531.0
166,166,137,14,D1: hide answer papers,v2,0.21428571428571427,0.5,0.1897810218978102,7457.0
166,166,137,14,D1: hide answer papers,B drop PCE<5,0.2857142857142857,0.5,0.27007299270072993,7457.0
166,166,137,14,D1: hide answer papers,A2 within-paper ranker,0.07142857142857142,0.2857142857142857,0.17518248175182483,7457.0
167,167,140,14,-,random (1 permutation),0.14285714285714285,0.2857142857142857,0.7428571428571429,
167,167,140,14,as designed,v2,0.5,0.6428571428571429,0.02857142857142857,7856.0
167,167,140,14,as designed,B drop PCE<5,0.5,0.5714285714285714,0.007142857142857143,7856.0
167,167,140,14,as designed,A2 within-paper ranker,0.35714285714285715,0.6428571428571429,0.02857142857142857,7856.0
167,167,140,14,D1: hide answer papers,v2,0.42857142857142855,0.5714285714285714,0.014285714285714285,7792.0
167,167,140,14,D1: hide answer papers,B drop PCE<5,0.5,0.6428571428571429,0.014285714285714285,7792.0
167,167,140,14,D1: hide answer papers,A2 within-paper ranker,0.35714285714285715,0.5,0.02142857142857143,7792.0
168,168,135,14,-,random (1 permutation),0.07142857142857142,0.21428571428571427,0.4666666666666667,
168,168,135,14,as designed,v2,0.5714285714285714,0.5714285714285714,0.007407407407407408,7767.0
168,168,135,14,as designed,B drop PCE<5,0.42857142857142855,0.6428571428571429,0.037037037037037035,7767.0
168,168,135,14,as designed,A2 within-paper ranker,0.21428571428571427,0.21428571428571427,0.022222222222222223,7767.0
168,168,135,14,D1: hide answer papers,v2,0.35714285714285715,0.5,0.007407407407407408,7660.0
168,168,135,14,D1: hide answer papers,B drop PCE<5,0.2857142857142857,0.5,0.044444444444444446,7660.0
168,168,135,14,D1: hide answer papers,A2 within-paper ranker,0.21428571428571427,0.21428571428571427,0.02962962962962963,7660.0
169,169,137,14,-,random (1 permutation),0.0,0.07142857142857142,0.6788321167883211,
169,169,137,14,as designed,v2,0.35714285714285715,0.42857142857142855,0.06569343065693431,7450.0
169,169,137,14,as designed,B drop PCE<5,0.35714285714285715,0.5714285714285714,0.0072992700729927005,7450.0
169,169,137,14,as designed,A2 within-paper ranker,0.2857142857142857,0.42857142857142855,0.014598540145985401,7450.0
169,169,137,14,D1: hide answer papers,v2,0.21428571428571427,0.35714285714285715,0.21897810218978103,7311.0
169,169,137,14,D1: hide answer papers,B drop PCE<5,0.2857142857142857,0.5714285714285714,0.051094890510948905,7311.0
169,169,137,14,D1: hide answer papers,A2 within-paper ranker,0.14285714285714285,0.2857142857142857,0.06569343065693431,7311.0
170,170,136,14,-,random (1 permutation),0.0,0.07142857142857142,0.5220588235294118,
170,170,136,14,as designed,v2,0.42857142857142855,0.5714285714285714,0.007352941176470588,7792.0
170,170,136,14,as designed,B drop PCE<5,0.42857142857142855,0.6428571428571429,0.007352941176470588,7792.0
170,170,136,14,as designed,A2 within-paper ranker,0.14285714285714285,0.21428571428571427,0.4852941176470588,7792.0
170,170,136,14,D1: hide answer papers,v2,0.5,0.5714285714285714,0.029411764705882353,7650.0
170,170,136,14,D1: hide answer papers,B drop PCE<5,0.42857142857142855,0.6428571428571429,0.09558823529411764,7650.0
170,170,136,14,D1: hide answer papers,A2 within-paper ranker,0.07142857142857142,0.21428571428571427,0.75,7650.0
171,171,141,14,-,random (1 permutation),0.0,0.0,0.7163120567375887,
171,171,141,14,as designed,v2,0.21428571428571427,0.5,0.014184397163120567,7794.0
171,171,141,14,as designed,B drop PCE<5,0.21428571428571427,0.42857142857142855,0.014184397163120567,7794.0
171,171,141,14,as designed,A2 within-paper ranker,0.2857142857142857,0.35714285714285715,0.05673758865248227,7794.0
171,171,141,14,D1: hide answer papers,v2,0.2857142857142857,0.5,0.09219858156028368,7709.0
171,171,141,14,D1: hide answer papers,B drop PCE<5,0.14285714285714285,0.42857142857142855,0.11347517730496454,7709.0
171,171,141,14,D1: hide answer papers,A2 within-paper ranker,0.21428571428571427,0.35714285714285715,0.15602836879432624,7709.0
172,172,138,14,-,random (1 permutation),0.21428571428571427,0.2857142857142857,0.050724637681159424,
172,172,138,14,as designed,v2,0.35714285714285715,0.5714285714285714,0.007246376811594203,7955.0
172,172,138,14,as designed,B drop PCE<5,0.35714285714285715,0.6428571428571429,0.036231884057971016,7955.0
172,172,138,14,as designed,A2 within-paper ranker,0.2857142857142857,0.42857142857142855,0.050724637681159424,7955.0
172,172,138,14,D1: hide answer papers,v2,0.42857142857142855,0.6428571428571429,0.12318840579710146,7836.0
172,172,138,14,D1: hide answer papers,B drop PCE<5,0.21428571428571427,0.5,0.17391304347826086,7836.0
172,172,138,14,D1: hide answer papers,A2 within-paper ranker,0.21428571428571427,0.42857142857142855,0.8043478260869565,7836.0
173,173,135,14,-,random (1 permutation),0.0,0.07142857142857142,0.8666666666666667,
173,173,135,14,as designed,v2,0.5,0.5714285714285714,0.08888888888888889,7581.0
173,173,135,14,as designed,B drop PCE<5,0.42857142857142855,0.5,0.0962962962962963,7581.0
173,173,135,14,as designed,A2 within-paper ranker,0.2857142857142857,0.42857142857142855,0.007407407407407408,7581.0
173,173,135,14,D1: hide answer papers,v2,0.2857142857142857,0.5,0.14074074074074075,7444.0
173,173,135,14,D1: hide answer papers,B drop PCE<5,0.2857142857142857,0.35714285714285715,0.2222222222222222,7444.0
173,173,135,14,D1: hide answer papers,A2 within-paper ranker,0.21428571428571427,0.35714285714285715,0.14814814814814814,7444.0
174,174,140,14,-,random (1 permutation),0.14285714285714285,0.14285714285714285,0.6928571428571428,
174,174,140,14,as designed,v2,0.42857142857142855,0.5714285714285714,0.007142857142857143,7905.0
174,174,140,14,as designed,B drop PCE<5,0.42857142857142855,0.7142857142857143,0.007142857142857143,7905.0
174,174,140,14,as designed,A2 within-paper ranker,0.35714285714285715,0.35714285714285715,0.007142857142857143,7905.0
174,174,140,14,D1: hide answer papers,v2,0.2857142857142857,0.6428571428571429,0.18571428571428572,7739.0
174,174,140,14,D1: hide answer papers,B drop PCE<5,0.35714285714285715,0.6428571428571429,0.007142857142857143,7739.0
174,174,140,14,D1: hide answer papers,A2 within-paper ranker,0.2857142857142857,0.35714285714285715,0.02142857142857143,7739.0
175,175,137,14,-,random (1 permutation),0.35714285714285715,0.42857142857142855,0.4233576642335766,
175,175,137,14,as designed,v2,0.42857142857142855,0.5714285714285714,0.21897810218978103,7824.0
175,175,137,14,as designed,B drop PCE<5,0.42857142857142855,0.7142857142857143,0.1678832116788321,7824.0
175,175,137,14,as designed,A2 within-paper ranker,0.5,0.6428571428571429,0.021897810218978103,7824.0
175,175,137,14,D1: hide answer papers,v2,0.42857142857142855,0.5,0.21897810218978103,7758.0
175,175,137,14,D1: hide answer papers,B drop PCE<5,0.35714285714285715,0.7142857142857143,0.3357664233576642,7758.0
175,175,137,14,D1: hide answer papers,A2 within-paper ranker,0.5,0.6428571428571429,0.021897810218978103,7758.0
176,176,139,14,-,random (1 permutation),0.0,0.14285714285714285,0.5611510791366906,
176,176,139,14,as designed,v2,0.42857142857142855,0.6428571428571429,0.28776978417266186,8012.0
176,176,139,14,as designed,B drop PCE<5,0.35714285714285715,0.5714285714285714,0.3237410071942446,8012.0
176,176,139,14,as designed,A2 within-paper ranker,0.2857142857142857,0.42857142857142855,0.014388489208633094,8012.0
176,176,139,14,D1: hide answer papers,v2,0.42857142857142855,0.6428571428571429,0.2589928057553957,7971.0
176,176,139,14,D1: hide answer papers,B drop PCE<5,0.35714285714285715,0.5714285714285714,0.26618705035971224,7971.0
176,176,139,14,D1: hide answer papers,A2 within-paper ranker,0.07142857142857142,0.2857142857142857,0.2517985611510791,7971.0
177,177,143,14,-,random (1 permutation),0.07142857142857142,0.14285714285714285,0.8531468531468531,
177,177,143,14,as designed,v2,0.35714285714285715,0.7857142857142857,0.07692307692307693,7787.0
177,177,143,14,as designed,B drop PCE<5,0.42857142857142855,0.7142857142857143,0.14685314685314685,7787.0
177,177,143,14,as designed,A2 within-paper ranker,0.42857142857142855,0.6428571428571429,0.013986013986013986,7787.0
177,177,143,14,D1: hide answer papers,v2,0.35714285714285715,0.6428571428571429,0.13286713286713286,7749.0
177,177,143,14,D1: hide answer papers,B drop PCE<5,0.35714285714285715,0.5714285714285714,0.26573426573426573,7749.0
177,177,143,14,D1: hide answer papers,A2 within-paper ranker,0.42857142857142855,0.7142857142857143,0.006993006993006993,7749.0
178,178,134,13,-,random (1 permutation),0.07692307692307693,0.3076923076923077,0.07462686567164178,
178,178,134,13,as designed,v2,0.46153846153846156,0.6923076923076923,0.05970149253731343,8190.0
178,178,134,13,as designed,B drop PCE<5,0.46153846153846156,0.7692307692307693,0.05223880597014925,8190.0
178,178,134,13,as designed,A2 within-paper ranker,0.3076923076923077,0.6153846153846154,0.17164179104477612,8190.0
178,178,134,13,D1: hide answer papers,v2,0.3076923076923077,0.46153846153846156,0.40298507462686567,8106.0
178,178,134,13,D1: hide answer papers,B drop PCE<5,0.23076923076923078,0.6153846153846154,0.3208955223880597,8106.0
178,178,134,13,D1: hide answer papers,A2 within-paper ranker,0.38461538461538464,0.6153846153846154,0.08955223880597014,8106.0
179,179,136,14,-,random (1 permutation),0.14285714285714285,0.21428571428571427,0.8823529411764706,
179,179,136,14,as designed,v2,0.42857142857142855,0.7142857142857143,0.11029411764705882,7348.0
179,179,136,14,as designed,B drop PCE<5,0.42857142857142855,0.7142857142857143,0.14705882352941177,7348.0
179,179,136,14,as designed,A2 within-paper ranker,0.2857142857142857,0.5,0.007352941176470588,7348.0
179,179,136,14,D1: hide answer papers,v2,0.42857142857142855,0.5,0.27205882352941174,7261.0
179,179,136,14,D1: hide answer papers,B drop PCE<5,0.35714285714285715,0.6428571428571429,0.25735294117647056,7261.0
179,179,136,14,D1: hide answer papers,A2 within-paper ranker,0.21428571428571427,0.5,0.007352941176470588,7261.0
180,180,128,13,-,random (1 permutation),0.07692307692307693,0.38461538461538464,0.3125,
180,180,128,13,as designed,v2,0.3076923076923077,0.38461538461538464,0.015625,7675.0
180,180,128,13,as designed,B drop PCE<5,0.38461538461538464,0.38461538461538464,0.0078125,7675.0
180,180,128,13,as designed,A2 within-paper ranker,0.23076923076923078,0.46153846153846156,0.015625,7675.0
180,180,128,13,D1: hide answer papers,v2,0.23076923076923078,0.46153846153846156,0.015625,7571.0
180,180,128,13,D1: hide answer papers,B drop PCE<5,0.23076923076923078,0.46153846153846156,0.0078125,7571.0
180,180,128,13,D1: hide answer papers,A2 within-paper ranker,0.23076923076923078,0.46153846153846156,0.0078125,7571.0
181,181,135,14,-,random (1 permutation),0.07142857142857142,0.14285714285714285,0.7851851851851852,
181,181,135,14,as designed,v2,0.5,0.6428571428571429,0.014814814814814815,8237.0
181,181,135,14,as designed,B drop PCE<5,0.5,0.7142857142857143,0.014814814814814815,8237.0
181,181,135,14,as designed,A2 within-paper ranker,0.2857142857142857,0.5,0.05185185185185185,8237.0
181,181,135,14,D1: hide answer papers,v2,0.5,0.6428571428571429,0.014814814814814815,8206.0
181,181,135,14,D1: hide answer papers,B drop PCE<5,0.35714285714285715,0.7142857142857143,0.022222222222222223,8206.0
181,181,135,14,D1: hide answer papers,A2 within-paper ranker,0.21428571428571427,0.42857142857142855,0.06666666666666667,8206.0
182,182,129,13,-,random (1 permutation),0.15384615384615385,0.38461538461538464,0.3643410852713178,
182,182,129,13,as designed,v2,0.6153846153846154,0.6923076923076923,0.05426356589147287,7636.0
182,182,129,13,as designed,B drop PCE<5,0.6153846153846154,0.9230769230769231,0.09302325581395349,7636.0
182,182,129,13,as designed,A2 within-paper ranker,0.46153846153846156,0.46153846153846156,0.031007751937984496,7636.0
182,182,129,13,D1: hide answer papers,v2,0.6153846153846154,0.7692307692307693,0.06201550387596899,7584.0
182,182,129,13,D1: hide answer papers,B drop PCE<5,0.6153846153846154,0.9230769230769231,0.13178294573643412,7584.0
182,182,129,13,D1: hide answer papers,A2 within-paper ranker,0.38461538461538464,0.5384615384615384,0.031007751937984496,7584.0
183,183,131,13,-,random (1 permutation),0.07692307692307693,0.07692307692307693,0.2595419847328244,
183,183,131,13,as designed,v2,0.15384615384615385,0.6153846153846154,0.183206106870229,7431.0
183,183,131,13,as designed,B drop PCE<5,0.46153846153846156,0.7692307692307693,0.3282442748091603,7431.0
183,183,131,13,as designed,A2 within-paper ranker,0.23076923076923078,0.46153846153846156,0.11450381679389313,7431.0
183,183,131,13,D1: hide answer papers,v2,0.07692307692307693,0.5384615384615384,0.2900763358778626,7346.0
183,183,131,13,D1: hide answer papers,B drop PCE<5,0.5384615384615384,0.8461538461538461,0.33587786259541985,7346.0
183,183,131,13,D1: hide answer papers,A2 within-paper ranker,0.23076923076923078,0.46153846153846156,0.17557251908396945,7346.0
184,184,136,14,-,random (1 permutation),0.14285714285714285,0.14285714285714285,0.10294117647058823,
184,184,136,14,as designed,v2,0.2857142857142857,0.42857142857142855,0.022058823529411766,7647.0
184,184,136,14,as designed,B drop PCE<5,0.35714285714285715,0.42857142857142855,0.007352941176470588,7647.0
184,184,136,14,as designed,A2 within-paper ranker,0.35714285714285715,0.42857142857142855,0.007352941176470588,7647.0
184,184,136,14,D1: hide answer papers,v2,0.14285714285714285,0.35714285714285715,0.15441176470588236,7517.0
184,184,136,14,D1: hide answer papers,B drop PCE<5,0.35714285714285715,0.42857142857142855,0.007352941176470588,7517.0
184,184,136,14,D1: hide answer papers,A2 within-paper ranker,0.2857142857142857,0.42857142857142855,0.8970588235294118,7517.0
185,185,136,14,-,random (1 permutation),0.14285714285714285,0.21428571428571427,0.7352941176470589,
185,185,136,14,as designed,v2,0.6428571428571429,0.6428571428571429,0.03676470588235294,7887.0
185,185,136,14,as designed,B drop PCE<5,0.5,0.6428571428571429,0.014705882352941176,7887.0
185,185,136,14,as designed,A2 within-paper ranker,0.35714285714285715,0.42857142857142855,0.03676470588235294,7887.0
185,185,136,14,D1: hide answer papers,v2,0.42857142857142855,0.5714285714285714,0.5367647058823529,7785.0
185,185,136,14,D1: hide answer papers,B drop PCE<5,0.5,0.5714285714285714,0.03676470588235294,7785.0
185,185,136,14,D1: hide answer papers,A2 within-paper ranker,0.21428571428571427,0.42857142857142855,0.16911764705882354,7785.0
186,186,138,14,-,random (1 permutation),0.07142857142857142,0.07142857142857142,0.9130434782608695,
186,186,138,14,as designed,v2,0.35714285714285715,0.6428571428571429,0.007246376811594203,7507.0
186,186,138,14,as designed,B drop PCE<5,0.35714285714285715,0.7857142857142857,0.014492753623188406,7507.0
186,186,138,14,as designed,A2 within-paper ranker,0.2857142857142857,0.42857142857142855,0.4782608695652174,7507.0
186,186,138,14,D1: hide answer papers,v2,0.35714285714285715,0.5714285714285714,0.2826086956521739,7386.0
186,186,138,14,D1: hide answer papers,B drop PCE<5,0.35714285714285715,0.7142857142857143,0.014492753623188406,7386.0
186,186,138,14,D1: hide answer papers,A2 within-paper ranker,0.2857142857142857,0.35714285714285715,0.7608695652173914,7386.0
187,187,138,14,-,random (1 permutation),0.07142857142857142,0.21428571428571427,0.9492753623188406,
187,187,138,14,as designed,v2,0.35714285714285715,0.6428571428571429,0.007246376811594203,7799.0
187,187,138,14,as designed,B drop PCE<5,0.21428571428571427,0.6428571428571429,0.007246376811594203,7799.0
187,187,138,14,as designed,A2 within-paper ranker,0.14285714285714285,0.35714285714285715,0.15217391304347827,7799.0
187,187,138,14,D1: hide answer papers,v2,0.2857142857142857,0.5714285714285714,0.16666666666666666,7692.0
187,187,138,14,D1: hide answer papers,B drop PCE<5,0.2857142857142857,0.5714285714285714,0.13043478260869565,7692.0
187,187,138,14,D1: hide answer papers,A2 within-paper ranker,0.2857142857142857,0.35714285714285715,0.38405797101449274,7692.0
188,188,128,13,-,random (1 permutation),0.0,0.0,0.2421875,
188,188,128,13,as designed,v2,0.3076923076923077,0.6153846153846154,0.171875,7667.0
188,188,128,13,as designed,B drop PCE<5,0.38461538461538464,0.5384615384615384,0.0078125,7667.0
188,188,128,13,as designed,A2 within-paper ranker,0.23076923076923078,0.46153846153846156,0.03125,7667.0
188,188,128,13,D1: hide answer papers,v2,0.38461538461538464,0.6153846153846154,0.859375,7598.0
188,188,128,13,D1: hide answer papers,B drop PCE<5,0.3076923076923077,0.5384615384615384,0.40625,7598.0
188,188,128,13,D1: hide answer papers,A2 within-paper ranker,0.23076923076923078,0.38461538461538464,0.015625,7598.0
189,189,127,13,-,random (1 permutation),0.07692307692307693,0.07692307692307693,0.7795275590551181,
189,189,127,13,as designed,v2,0.38461538461538464,0.5384615384615384,0.09448818897637795,7906.0
189,189,127,13,as designed,B drop PCE<5,0.3076923076923077,0.6153846153846154,0.13385826771653545,7906.0
189,189,127,13,as designed,A2 within-paper ranker,0.23076923076923078,0.38461538461538464,0.36220472440944884,7906.0
189,189,127,13,D1: hide answer papers,v2,0.23076923076923078,0.5384615384615384,0.11023622047244094,7898.0
189,189,127,13,D1: hide answer papers,B drop PCE<5,0.38461538461538464,0.6923076923076923,0.13385826771653545,7898.0
189,189,127,13,D1: hide answer papers,A2 within-paper ranker,0.23076923076923078,0.38461538461538464,0.2755905511811024,7898.0
190,190,141,14,-,random (1 permutation),0.07142857142857142,0.14285714285714285,0.9716312056737588,
190,190,141,14,as designed,v2,0.2857142857142857,0.42857142857142855,0.16312056737588654,8020.0
190,190,141,14,as designed,B drop PCE<5,0.42857142857142855,0.5,0.0070921985815602835,8020.0
190,190,141,14,as designed,A2 within-paper ranker,0.2857142857142857,0.5714285714285714,0.28368794326241137,8020.0
190,190,141,14,D1: hide answer papers,v2,0.2857142857142857,0.42857142857142855,0.1773049645390071,7885.0
190,190,141,14,D1: hide answer papers,B drop PCE<5,0.2857142857142857,0.42857142857142855,0.0070921985815602835,7885.0
190,190,141,14,D1: hide answer papers,A2 within-paper ranker,0.14285714285714285,0.42857142857142855,0.425531914893617,7885.0
191,191,136,14,-,random (1 permutation),0.14285714285714285,0.21428571428571427,0.6838235294117647,
191,191,136,14,as designed,v2,0.5,0.7857142857142857,0.19852941176470587,7894.0
191,191,136,14,as designed,B drop PCE<5,0.5,0.6428571428571429,0.2867647058823529,7894.0
191,191,136,14,as designed,A2 within-paper ranker,0.42857142857142855,0.5,0.051470588235294115,7894.0
191,191,136,14,D1: hide answer papers,v2,0.42857142857142855,0.7857142857142857,0.19117647058823528,7695.0
191,191,136,14,D1: hide answer papers,B drop PCE<5,0.35714285714285715,0.7142857142857143,0.4264705882352941,7695.0
191,191,136,14,D1: hide answer papers,A2 within-paper ranker,0.35714285714285715,0.42857142857142855,0.058823529411764705,7695.0
192,192,137,14,-,random (1 permutation),0.07142857142857142,0.2857142857142857,0.5401459854014599,
192,192,137,14,as designed,v2,0.2857142857142857,0.35714285714285715,0.0364963503649635,7823.0
192,192,137,14,as designed,B drop PCE<5,0.42857142857142855,0.42857142857142855,0.0072992700729927005,7823.0
192,192,137,14,as designed,A2 within-paper ranker,0.35714285714285715,0.5,0.13138686131386862,7823.0
192,192,137,14,D1: hide answer papers,v2,0.2857142857142857,0.2857142857142857,0.0072992700729927005,7730.0
192,192,137,14,D1: hide answer papers,B drop PCE<5,0.2857142857142857,0.42857142857142855,0.0072992700729927005,7730.0
192,192,137,14,D1: hide answer papers,A2 within-paper ranker,0.21428571428571427,0.42857142857142855,0.029197080291970802,7730.0
193,193,139,14,-,random (1 permutation),0.07142857142857142,0.07142857142857142,0.014388489208633094,
193,193,139,14,as designed,v2,0.42857142857142855,0.6428571428571429,0.1079136690647482,7743.0
193,193,139,14,as designed,B drop PCE<5,0.5714285714285714,0.7142857142857143,0.007194244604316547,7743.0
193,193,139,14,as designed,A2 within-paper ranker,0.5714285714285714,0.6428571428571429,0.02158273381294964,7743.0
193,193,139,14,D1: hide answer papers,v2,0.35714285714285715,0.5714285714285714,0.6690647482014388,7622.0
193,193,139,14,D1: hide answer papers,B drop PCE<5,0.5,0.6428571428571429,0.007194244604316547,7622.0
193,193,139,14,D1: hide answer papers,A2 within-paper ranker,0.42857142857142855,0.6428571428571429,0.02158273381294964,7622.0
194,194,131,13,-,random (1 permutation),0.15384615384615385,0.15384615384615385,0.7099236641221374,
194,194,131,13,as designed,v2,0.38461538461538464,0.46153846153846156,0.022900763358778626,7687.0
194,194,131,13,as designed,B drop PCE<5,0.3076923076923077,0.5384615384615384,0.022900763358778626,7687.0
194,194,131,13,as designed,A2 within-paper ranker,0.38461538461538464,0.38461538461538464,0.030534351145038167,7687.0
194,194,131,13,D1: hide answer papers,v2,0.3076923076923077,0.38461538461538464,0.06870229007633588,7606.0
194,194,131,13,D1: hide answer papers,B drop PCE<5,0.3076923076923077,0.38461538461538464,0.09923664122137404,7606.0
194,194,131,13,D1: hide answer papers,A2 within-paper ranker,0.38461538461538464,0.38461538461538464,0.03816793893129771,7606.0
195,195,132,13,-,random (1 permutation),0.07692307692307693,0.23076923076923078,0.5681818181818182,
195,195,132,13,as designed,v2,0.38461538461538464,0.6153846153846154,0.13636363636363635,7719.0
195,195,132,13,as designed,B drop PCE<5,0.38461538461538464,0.5384615384615384,0.03787878787878788,7719.0
195,195,132,13,as designed,A2 within-paper ranker,0.23076923076923078,0.46153846153846156,0.03787878787878788,7719.0
195,195,132,13,D1: hide answer papers,v2,0.23076923076923078,0.5384615384615384,0.13636363636363635,7614.0
195,195,132,13,D1: hide answer papers,B drop PCE<5,0.38461538461538464,0.46153846153846156,0.045454545454545456,7614.0
195,195,132,13,D1: hide answer papers,A2 within-paper ranker,0.23076923076923078,0.3076923076923077,0.05303030303030303,7614.0
196,196,129,13,-,random (1 permutation),0.15384615384615385,0.23076923076923078,0.031007751937984496,
196,196,129,13,as designed,v2,0.38461538461538464,0.6153846153846154,0.015503875968992248,7766.0
196,196,129,13,as designed,B drop PCE<5,0.3076923076923077,0.38461538461538464,0.23255813953488372,7766.0
196,196,129,13,as designed,A2 within-paper ranker,0.5384615384615384,0.5384615384615384,0.06976744186046512,7766.0
196,196,129,13,D1: hide answer papers,v2,0.38461538461538464,0.6153846153846154,0.046511627906976744,7730.0
196,196,129,13,D1: hide answer papers,B drop PCE<5,0.3076923076923077,0.5384615384615384,0.27906976744186046,7730.0
196,196,129,13,D1: hide answer papers,A2 within-paper ranker,0.5384615384615384,0.5384615384615384,0.06201550387596899,7730.0
197,197,139,14,-,random (1 permutation),0.07142857142857142,0.07142857142857142,0.4244604316546763,
197,197,139,14,as designed,v2,0.42857142857142855,0.7142857142857143,0.050359712230215826,7895.0
197,197,139,14,as designed,B drop PCE<5,0.21428571428571427,0.5714285714285714,0.1079136690647482,7895.0
197,197,139,14,as designed,A2 within-paper ranker,0.35714285714285715,0.42857142857142855,0.5179856115107914,7895.0
197,197,139,14,D1: hide answer papers,v2,0.2857142857142857,0.5714285714285714,0.05755395683453238,7809.0
197,197,139,14,D1: hide answer papers,B drop PCE<5,0.21428571428571427,0.35714285714285715,0.11510791366906475,7809.0
197,197,139,14,D1: hide answer papers,A2 within-paper ranker,0.35714285714285715,0.42857142857142855,0.6474820143884892,7809.0
198,198,133,13,-,random (1 permutation),0.15384615384615385,0.3076923076923077,0.06766917293233082,
198,198,133,13,as designed,v2,0.46153846153846156,0.7692307692307693,0.05263157894736842,7987.0
198,198,133,13,as designed,B drop PCE<5,0.46153846153846156,0.6153846153846154,0.007518796992481203,7987.0
198,198,133,13,as designed,A2 within-paper ranker,0.38461538461538464,0.8461538461538461,0.015037593984962405,7987.0
198,198,133,13,D1: hide answer papers,v2,0.38461538461538464,0.6153846153846154,0.6090225563909775,7827.0
198,198,133,13,D1: hide answer papers,B drop PCE<5,0.46153846153846156,0.6923076923076923,0.07518796992481203,7827.0
198,198,133,13,D1: hide answer papers,A2 within-paper ranker,0.38461538461538464,0.6153846153846154,0.7969924812030075,7827.0
199,199,134,13,-,random (1 permutation),0.07692307692307693,0.38461538461538464,0.05223880597014925,
199,199,134,13,as designed,v2,0.46153846153846156,0.7692307692307693,0.007462686567164179,8021.0
199,199,134,13,as designed,B drop PCE<5,0.46153846153846156,0.7692307692307693,0.007462686567164179,8021.0
199,199,134,13,as designed,A2 within-paper ranker,0.6153846153846154,0.6923076923076923,0.007462686567164179,8021.0
199,199,134,13,D1: hide answer papers,v2,0.3076923076923077,0.6153846153846154,0.22388059701492538,7972.0
199,199,134,13,D1: hide answer papers,B drop PCE<5,0.38461538461538464,0.6923076923076923,0.12686567164179105,7972.0
199,199,134,13,D1: hide answer papers,A2 within-paper ranker,0.5384615384615384,0.6923076923076923,0.007462686567164179,7972.0
