rep,seed,setting,method,n_candidates,n_answers,train_rows,ridge_alpha,top10_share,top20_recall,best_rank_pct
-1,0,as designed,v2,198,20,7857,,0.4,0.65,0.12121212121212122
-1,0,as designed,Ridge,198,20,7857,100.0,0.35,0.45,0.22727272727272727
-1,0,as designed,kNN k=5,198,20,7857,,0.3,0.6,0.1919191919191919
-1,0,D1: hide answer papers,v2,198,20,7774,,0.4,0.6,0.045454545454545456
-1,0,D1: hide answer papers,Ridge,198,20,7774,10.0,0.3,0.5,0.2777777777777778
-1,0,D1: hide answer papers,kNN k=5,198,20,7774,,0.25,0.55,0.18686868686868688
0,0,as designed,v2,141,14,7780,,0.42857142857142855,0.5,0.014184397163120567
0,0,as designed,Ridge,141,14,7780,10.0,0.42857142857142855,0.6428571428571429,0.0070921985815602835
0,0,as designed,kNN k=5,141,14,7780,,0.14285714285714285,0.42857142857142855,0.0070921985815602835
0,0,D1: hide answer papers,v2,141,14,7620,,0.2857142857142857,0.42857142857142855,0.0070921985815602835
0,0,D1: hide answer papers,Ridge,141,14,7620,10.0,0.42857142857142855,0.6428571428571429,0.02127659574468085
0,0,D1: hide answer papers,kNN k=5,141,14,7620,,0.07142857142857142,0.35714285714285715,0.0070921985815602835
1,1,as designed,v2,124,12,7889,,0.25,0.6666666666666666,0.04032258064516129
1,1,as designed,Ridge,124,12,7889,10.0,0.3333333333333333,0.4166666666666667,0.23387096774193547
1,1,as designed,kNN k=5,124,12,7889,,0.3333333333333333,0.4166666666666667,0.024193548387096774
1,1,D1: hide answer papers,v2,124,12,7758,,0.16666666666666666,0.6666666666666666,0.1693548387096774
1,1,D1: hide answer papers,Ridge,124,12,7758,10.0,0.25,0.5,0.24193548387096775
1,1,D1: hide answer papers,kNN k=5,124,12,7758,,0.25,0.3333333333333333,0.3064516129032258
2,2,as designed,v2,139,14,7841,,0.35714285714285715,0.5714285714285714,0.03597122302158273
2,2,as designed,Ridge,139,14,7841,1.0,0.2857142857142857,0.6428571428571429,0.17985611510791366
2,2,as designed,kNN k=5,139,14,7841,,0.21428571428571427,0.42857142857142855,0.2733812949640288
2,2,D1: hide answer papers,v2,139,14,7572,,0.2857142857142857,0.35714285714285715,0.04316546762589928
2,2,D1: hide answer papers,Ridge,139,14,7572,1.0,0.2857142857142857,0.5,0.19424460431654678
2,2,D1: hide answer papers,kNN k=5,139,14,7572,,0.14285714285714285,0.35714285714285715,0.2733812949640288
3,3,as designed,v2,135,14,7581,,0.2857142857142857,0.5,0.014814814814814815
3,3,as designed,Ridge,135,14,7581,1.0,0.2857142857142857,0.5,0.15555555555555556
3,3,as designed,kNN k=5,135,14,7581,,0.35714285714285715,0.42857142857142855,0.022222222222222223
3,3,D1: hide answer papers,v2,135,14,7470,,0.2857142857142857,0.42857142857142855,0.007407407407407408
3,3,D1: hide answer papers,Ridge,135,14,7470,10.0,0.2857142857142857,0.35714285714285715,0.16296296296296298
3,3,D1: hide answer papers,kNN k=5,135,14,7470,,0.2857142857142857,0.42857142857142855,0.022222222222222223
4,4,as designed,v2,128,13,7576,,0.3076923076923077,0.46153846153846156,0.046875
4,4,as designed,Ridge,128,13,7576,1.0,0.3076923076923077,0.5384615384615384,0.0546875
4,4,as designed,kNN k=5,128,13,7576,,0.15384615384615385,0.38461538461538464,0.1328125
4,4,D1: hide answer papers,v2,128,13,7470,,0.38461538461538464,0.46153846153846156,0.2421875
4,4,D1: hide answer papers,Ridge,128,13,7470,1.0,0.23076923076923078,0.38461538461538464,0.3359375
4,4,D1: hide answer papers,kNN k=5,128,13,7470,,0.15384615384615385,0.5384615384615384,0.1484375
5,5,as designed,v2,144,14,8046,,0.14285714285714285,0.2857142857142857,0.25
5,5,as designed,Ridge,144,14,8046,10.0,0.14285714285714285,0.2857142857142857,0.3125
5,5,as designed,kNN k=5,144,14,8046,,0.14285714285714285,0.21428571428571427,0.4166666666666667
5,5,D1: hide answer papers,v2,144,14,7906,,0.07142857142857142,0.21428571428571427,0.4027777777777778
5,5,D1: hide answer papers,Ridge,144,14,7906,10.0,0.14285714285714285,0.2857142857142857,0.4305555555555556
5,5,D1: hide answer papers,kNN k=5,144,14,7906,,0.07142857142857142,0.21428571428571427,0.4166666666666667
6,6,as designed,v2,133,13,7530,,0.5384615384615384,0.6153846153846154,0.03759398496240601
6,6,as designed,Ridge,133,13,7530,0.1,0.46153846153846156,0.6923076923076923,0.16541353383458646
6,6,as designed,kNN k=5,133,13,7530,,0.23076923076923078,0.6153846153846154,0.10526315789473684
6,6,D1: hide answer papers,v2,133,13,7465,,0.38461538461538464,0.5384615384615384,0.40601503759398494
6,6,D1: hide answer papers,Ridge,133,13,7465,1.0,0.46153846153846156,0.6923076923076923,0.16541353383458646
6,6,D1: hide answer papers,kNN k=5,133,13,7465,,0.3076923076923077,0.6153846153846154,0.09774436090225563
7,7,as designed,v2,136,14,7651,,0.42857142857142855,0.6428571428571429,0.007352941176470588
7,7,as designed,Ridge,136,14,7651,0.1,0.42857142857142855,0.5714285714285714,0.029411764705882353
7,7,as designed,kNN k=5,136,14,7651,,0.5,0.5714285714285714,0.3014705882352941
7,7,D1: hide answer papers,v2,136,14,7547,,0.5,0.6428571428571429,0.03676470588235294
7,7,D1: hide answer papers,Ridge,136,14,7547,0.1,0.42857142857142855,0.6428571428571429,0.03676470588235294
7,7,D1: hide answer papers,kNN k=5,136,14,7547,,0.35714285714285715,0.5,0.40441176470588236
8,8,as designed,v2,133,13,7995,,0.38461538461538464,0.6923076923076923,0.2706766917293233
8,8,as designed,Ridge,133,13,7995,10.0,0.23076923076923078,0.5384615384615384,0.06766917293233082
8,8,as designed,kNN k=5,133,13,7995,,0.38461538461538464,0.46153846153846156,0.37593984962406013
8,8,D1: hide answer papers,v2,133,13,7878,,0.23076923076923078,0.6153846153846154,0.14285714285714285
8,8,D1: hide answer papers,Ridge,133,13,7878,1.0,0.15384615384615385,0.46153846153846156,0.12030075187969924
8,8,D1: hide answer papers,kNN k=5,133,13,7878,,0.3076923076923077,0.46153846153846156,0.3609022556390977
9,9,as designed,v2,138,14,7733,,0.2857142857142857,0.5,0.036231884057971016
9,9,as designed,Ridge,138,14,7733,10.0,0.2857142857142857,0.5,0.13043478260869565
9,9,as designed,kNN k=5,138,14,7733,,0.14285714285714285,0.2857142857142857,0.2608695652173913
9,9,D1: hide answer papers,v2,138,14,7616,,0.35714285714285715,0.6428571428571429,0.057971014492753624
9,9,D1: hide answer papers,Ridge,138,14,7616,10.0,0.2857142857142857,0.5,0.18115942028985507
9,9,D1: hide answer papers,kNN k=5,138,14,7616,,0.21428571428571427,0.2857142857142857,0.427536231884058
10,10,as designed,v2,146,15,7629,,0.5333333333333333,0.7333333333333333,0.02054794520547945
10,10,as designed,Ridge,146,15,7629,10.0,0.26666666666666666,0.6666666666666666,0.00684931506849315
10,10,as designed,kNN k=5,146,15,7629,,0.2,0.6,0.1643835616438356
10,10,D1: hide answer papers,v2,146,15,7542,,0.3333333333333333,0.5333333333333333,0.06164383561643835
10,10,D1: hide answer papers,Ridge,146,15,7542,1.0,0.26666666666666666,0.6666666666666666,0.00684931506849315
10,10,D1: hide answer papers,kNN k=5,146,15,7542,,0.2,0.6,0.1643835616438356
11,11,as designed,v2,128,13,7825,,0.3076923076923077,0.6153846153846154,0.0078125
11,11,as designed,Ridge,128,13,7825,0.1,0.3076923076923077,0.6153846153846154,0.078125
11,11,as designed,kNN k=5,128,13,7825,,0.07692307692307693,0.38461538461538464,0.2265625
11,11,D1: hide answer papers,v2,128,13,7720,,0.23076923076923078,0.46153846153846156,0.078125
11,11,D1: hide answer papers,Ridge,128,13,7720,0.1,0.3076923076923077,0.5384615384615384,0.1484375
11,11,D1: hide answer papers,kNN k=5,128,13,7720,,0.15384615384615385,0.38461538461538464,0.2265625
12,12,as designed,v2,132,13,7827,,0.46153846153846156,0.7692307692307693,0.12121212121212122
12,12,as designed,Ridge,132,13,7827,1.0,0.3076923076923077,0.5384615384615384,0.25
12,12,as designed,kNN k=5,132,13,7827,,0.15384615384615385,0.46153846153846156,0.32575757575757575
12,12,D1: hide answer papers,v2,132,13,7738,,0.23076923076923078,0.6153846153846154,0.22727272727272727
12,12,D1: hide answer papers,Ridge,132,13,7738,10.0,0.3076923076923077,0.5384615384615384,0.30303030303030304
12,12,D1: hide answer papers,kNN k=5,132,13,7738,,0.07692307692307693,0.46153846153846156,0.3333333333333333
13,13,as designed,v2,141,14,7615,,0.5,0.6428571428571429,0.09929078014184398
13,13,as designed,Ridge,141,14,7615,0.1,0.35714285714285715,0.42857142857142855,0.3262411347517731
13,13,as designed,kNN k=5,141,14,7615,,0.35714285714285715,0.5,0.22695035460992907
13,13,D1: hide answer papers,v2,141,14,7519,,0.2857142857142857,0.5714285714285714,0.1702127659574468
13,13,D1: hide answer papers,Ridge,141,14,7519,1.0,0.2857142857142857,0.42857142857142855,0.5035460992907801
13,13,D1: hide answer papers,kNN k=5,141,14,7519,,0.35714285714285715,0.35714285714285715,0.2198581560283688
14,14,as designed,v2,138,14,7638,,0.5714285714285714,0.7142857142857143,0.050724637681159424
14,14,as designed,Ridge,138,14,7638,10.0,0.5,0.5714285714285714,0.34057971014492755
14,14,as designed,kNN k=5,138,14,7638,,0.21428571428571427,0.5,0.13768115942028986
14,14,D1: hide answer papers,v2,138,14,7537,,0.5,0.6428571428571429,0.028985507246376812
14,14,D1: hide answer papers,Ridge,138,14,7537,10.0,0.42857142857142855,0.5,0.3333333333333333
14,14,D1: hide answer papers,kNN k=5,138,14,7537,,0.14285714285714285,0.35714285714285715,0.14492753623188406
15,15,as designed,v2,135,14,7576,,0.35714285714285715,0.5714285714285714,0.044444444444444446
15,15,as designed,Ridge,135,14,7576,10.0,0.21428571428571427,0.5714285714285714,0.037037037037037035
15,15,as designed,kNN k=5,135,14,7576,,0.21428571428571427,0.5,0.08148148148148149
15,15,D1: hide answer papers,v2,135,14,7420,,0.35714285714285715,0.42857142857142855,0.0962962962962963
15,15,D1: hide answer papers,Ridge,135,14,7420,10.0,0.21428571428571427,0.42857142857142855,0.17037037037037037
15,15,D1: hide answer papers,kNN k=5,135,14,7420,,0.14285714285714285,0.5,0.16296296296296298
16,16,as designed,v2,134,13,8179,,0.46153846153846156,0.6923076923076923,0.12686567164179105
16,16,as designed,Ridge,134,13,8179,1.0,0.23076923076923078,0.3076923076923077,0.2537313432835821
16,16,as designed,kNN k=5,134,13,8179,,0.3076923076923077,0.38461538461538464,0.23880597014925373
16,16,D1: hide answer papers,v2,134,13,8036,,0.3076923076923077,0.6153846153846154,0.16417910447761194
16,16,D1: hide answer papers,Ridge,134,13,8036,10.0,0.23076923076923078,0.38461538461538464,0.373134328358209
16,16,D1: hide answer papers,kNN k=5,134,13,8036,,0.23076923076923078,0.38461538461538464,0.2537313432835821
17,17,as designed,v2,141,14,7774,,0.5,0.7142857142857143,0.0425531914893617
17,17,as designed,Ridge,141,14,7774,10.0,0.2857142857142857,0.5714285714285714,0.07801418439716312
17,17,as designed,kNN k=5,141,14,7774,,0.21428571428571427,0.35714285714285715,0.2553191489361702
17,17,D1: hide answer papers,v2,141,14,7632,,0.35714285714285715,0.5,0.16312056737588654
17,17,D1: hide answer papers,Ridge,141,14,7632,1.0,0.21428571428571427,0.35714285714285715,0.19148936170212766
17,17,D1: hide answer papers,kNN k=5,141,14,7632,,0.14285714285714285,0.2857142857142857,0.24822695035460993
18,18,as designed,v2,137,14,7792,,0.35714285714285715,0.5,0.0072992700729927005
18,18,as designed,Ridge,137,14,7792,1.0,0.42857142857142855,0.42857142857142855,0.20437956204379562
18,18,as designed,kNN k=5,137,14,7792,,0.35714285714285715,0.35714285714285715,0.2116788321167883
18,18,D1: hide answer papers,v2,137,14,7696,,0.2857142857142857,0.42857142857142855,0.36496350364963503
18,18,D1: hide answer papers,Ridge,137,14,7696,1.0,0.42857142857142855,0.42857142857142855,0.7372262773722628
18,18,D1: hide answer papers,kNN k=5,137,14,7696,,0.2857142857142857,0.35714285714285715,0.2116788321167883
19,19,as designed,v2,132,13,7805,,0.46153846153846156,0.6923076923076923,0.36363636363636365
19,19,as designed,Ridge,132,13,7805,1.0,0.23076923076923078,0.46153846153846156,0.5
19,19,as designed,kNN k=5,132,13,7805,,0.46153846153846156,0.5384615384615384,0.4166666666666667
19,19,D1: hide answer papers,v2,132,13,7714,,0.3076923076923077,0.5384615384615384,0.44696969696969696
19,19,D1: hide answer papers,Ridge,132,13,7714,1.0,0.07692307692307693,0.46153846153846156,0.5
19,19,D1: hide answer papers,kNN k=5,132,13,7714,,0.3076923076923077,0.6153846153846154,0.4166666666666667
20,20,as designed,v2,131,13,7603,,0.38461538461538464,0.46153846153846156,0.061068702290076333
20,20,as designed,Ridge,131,13,7603,1.0,0.3076923076923077,0.6153846153846154,0.2366412213740458
20,20,as designed,kNN k=5,131,13,7603,,0.23076923076923078,0.6153846153846154,0.1984732824427481
20,20,D1: hide answer papers,v2,131,13,7445,,0.23076923076923078,0.46153846153846156,0.10687022900763359
20,20,D1: hide answer papers,Ridge,131,13,7445,0.1,0.23076923076923078,0.38461538461538464,0.25190839694656486
20,20,D1: hide answer papers,kNN k=5,131,13,7445,,0.23076923076923078,0.5384615384615384,0.183206106870229
21,21,as designed,v2,125,12,7788,,0.4166666666666667,0.75,0.072
21,21,as designed,Ridge,125,12,7788,1.0,0.3333333333333333,0.5833333333333334,0.008
21,21,as designed,kNN k=5,125,12,7788,,0.4166666666666667,0.5,0.392
21,21,D1: hide answer papers,v2,125,12,7656,,0.25,0.5833333333333334,0.16
21,21,D1: hide answer papers,Ridge,125,12,7656,1.0,0.3333333333333333,0.5833333333333334,0.008
21,21,D1: hide answer papers,kNN k=5,125,12,7656,,0.25,0.4166666666666667,0.256
22,22,as designed,v2,129,13,7850,,0.3076923076923077,0.6153846153846154,0.11627906976744186
22,22,as designed,Ridge,129,13,7850,1.0,0.3076923076923077,0.5384615384615384,0.031007751937984496
22,22,as designed,kNN k=5,129,13,7850,,0.0,0.3076923076923077,0.5813953488372093
22,22,D1: hide answer papers,v2,129,13,7807,,0.38461538461538464,0.38461538461538464,0.32558139534883723
22,22,D1: hide answer papers,Ridge,129,13,7807,10.0,0.3076923076923077,0.5384615384615384,0.023255813953488372
22,22,D1: hide answer papers,kNN k=5,129,13,7807,,0.0,0.38461538461538464,0.5813953488372093
23,23,as designed,v2,131,13,7756,,0.38461538461538464,0.46153846153846156,0.25190839694656486
23,23,as designed,Ridge,131,13,7756,1.0,0.38461538461538464,0.46153846153846156,0.2748091603053435
23,23,as designed,kNN k=5,131,13,7756,,0.15384615384615385,0.38461538461538464,0.16030534351145037
23,23,D1: hide answer papers,v2,131,13,7614,,0.38461538461538464,0.6153846153846154,0.1450381679389313
23,23,D1: hide answer papers,Ridge,131,13,7614,10.0,0.38461538461538464,0.46153846153846156,0.31297709923664124
23,23,D1: hide answer papers,kNN k=5,131,13,7614,,0.15384615384615385,0.38461538461538464,0.16030534351145037
24,24,as designed,v2,133,13,7904,,0.23076923076923078,0.46153846153846156,0.08270676691729323
24,24,as designed,Ridge,133,13,7904,100.0,0.23076923076923078,0.38461538461538464,0.10526315789473684
24,24,as designed,kNN k=5,133,13,7904,,0.07692307692307693,0.38461538461538464,0.18045112781954886
24,24,D1: hide answer papers,v2,133,13,7831,,0.23076923076923078,0.3076923076923077,0.3308270676691729
24,24,D1: hide answer papers,Ridge,133,13,7831,10.0,0.23076923076923078,0.3076923076923077,0.24812030075187969
24,24,D1: hide answer papers,kNN k=5,133,13,7831,,0.07692307692307693,0.38461538461538464,0.15037593984962405
25,25,as designed,v2,130,13,8155,,0.46153846153846156,0.6153846153846154,0.07692307692307693
25,25,as designed,Ridge,130,13,8155,0.1,0.23076923076923078,0.38461538461538464,0.19230769230769232
25,25,as designed,kNN k=5,130,13,8155,,0.15384615384615385,0.46153846153846156,0.2692307692307692
25,25,D1: hide answer papers,v2,130,13,8092,,0.23076923076923078,0.5384615384615384,0.023076923076923078
25,25,D1: hide answer papers,Ridge,130,13,8092,0.1,0.23076923076923078,0.3076923076923077,0.19230769230769232
25,25,D1: hide answer papers,kNN k=5,130,13,8092,,0.07692307692307693,0.3076923076923077,0.24615384615384617
26,26,as designed,v2,133,13,8084,,0.5384615384615384,0.6153846153846154,0.03759398496240601
26,26,as designed,Ridge,133,13,8084,10.0,0.23076923076923078,0.5384615384615384,0.12030075187969924
26,26,as designed,kNN k=5,133,13,8084,,0.23076923076923078,0.6153846153846154,0.007518796992481203
26,26,D1: hide answer papers,v2,133,13,8051,,0.46153846153846156,0.6153846153846154,0.06766917293233082
26,26,D1: hide answer papers,Ridge,133,13,8051,10.0,0.23076923076923078,0.46153846153846156,0.12781954887218044
26,26,D1: hide answer papers,kNN k=5,133,13,8051,,0.23076923076923078,0.5384615384615384,0.007518796992481203
27,27,as designed,v2,131,13,7962,,0.23076923076923078,0.38461538461538464,0.007633587786259542
27,27,as designed,Ridge,131,13,7962,10.0,0.3076923076923077,0.5384615384615384,0.11450381679389313
27,27,as designed,kNN k=5,131,13,7962,,0.46153846153846156,0.6153846153846154,0.12213740458015267
27,27,D1: hide answer papers,v2,131,13,7801,,0.3076923076923077,0.46153846153846156,0.04580152671755725
27,27,D1: hide answer papers,Ridge,131,13,7801,10.0,0.3076923076923077,0.5384615384615384,0.17557251908396945
27,27,D1: hide answer papers,kNN k=5,131,13,7801,,0.23076923076923078,0.3076923076923077,0.17557251908396945
28,28,as designed,v2,136,14,8159,,0.42857142857142855,0.6428571428571429,0.014705882352941176
28,28,as designed,Ridge,136,14,8159,1.0,0.2857142857142857,0.35714285714285715,0.022058823529411766
28,28,as designed,kNN k=5,136,14,8159,,0.07142857142857142,0.35714285714285715,0.18382352941176472
28,28,D1: hide answer papers,v2,136,14,8040,,0.35714285714285715,0.6428571428571429,0.16911764705882354
28,28,D1: hide answer papers,Ridge,136,14,8040,10.0,0.2857142857142857,0.2857142857142857,0.051470588235294115
28,28,D1: hide answer papers,kNN k=5,136,14,8040,,0.07142857142857142,0.2857142857142857,0.27205882352941174
29,29,as designed,v2,140,14,7811,,0.35714285714285715,0.6428571428571429,0.15
29,29,as designed,Ridge,140,14,7811,1.0,0.42857142857142855,0.5,0.2
29,29,as designed,kNN k=5,140,14,7811,,0.21428571428571427,0.42857142857142855,0.2785714285714286
29,29,D1: hide answer papers,v2,140,14,7737,,0.2857142857142857,0.5,0.20714285714285716
29,29,D1: hide answer papers,Ridge,140,14,7737,0.1,0.42857142857142855,0.42857142857142855,0.2571428571428571
29,29,D1: hide answer papers,kNN k=5,140,14,7737,,0.14285714285714285,0.21428571428571427,0.25
30,30,as designed,v2,140,14,7928,,0.2857142857142857,0.5,0.02142857142857143
30,30,as designed,Ridge,140,14,7928,10.0,0.21428571428571427,0.35714285714285715,0.15714285714285714
30,30,as designed,kNN k=5,140,14,7928,,0.21428571428571427,0.42857142857142855,0.12857142857142856
30,30,D1: hide answer papers,v2,140,14,7867,,0.35714285714285715,0.42857142857142855,0.007142857142857143
30,30,D1: hide answer papers,Ridge,140,14,7867,10.0,0.21428571428571427,0.35714285714285715,0.14285714285714285
30,30,D1: hide answer papers,kNN k=5,140,14,7867,,0.14285714285714285,0.35714285714285715,0.12857142857142856
31,31,as designed,v2,136,14,8004,,0.42857142857142855,0.6428571428571429,0.04411764705882353
31,31,as designed,Ridge,136,14,8004,0.1,0.2857142857142857,0.5,0.058823529411764705
31,31,as designed,kNN k=5,136,14,8004,,0.14285714285714285,0.2857142857142857,0.5294117647058824
31,31,D1: hide answer papers,v2,136,14,7860,,0.35714285714285715,0.5,0.09558823529411764
31,31,D1: hide answer papers,Ridge,136,14,7860,0.1,0.21428571428571427,0.42857142857142855,0.16176470588235295
31,31,D1: hide answer papers,kNN k=5,136,14,7860,,0.14285714285714285,0.2857142857142857,0.5294117647058824
32,32,as designed,v2,131,13,8205,,0.5384615384615384,0.6153846153846154,0.04580152671755725
32,32,as designed,Ridge,131,13,8205,10.0,0.38461538461538464,0.6923076923076923,0.183206106870229
32,32,as designed,kNN k=5,131,13,8205,,0.15384615384615385,0.46153846153846156,0.37404580152671757
32,32,D1: hide answer papers,v2,131,13,8162,,0.38461538461538464,0.6923076923076923,0.183206106870229
32,32,D1: hide answer papers,Ridge,131,13,8162,10.0,0.38461538461538464,0.6153846153846154,0.1984732824427481
32,32,D1: hide answer papers,kNN k=5,131,13,8162,,0.15384615384615385,0.38461538461538464,0.37404580152671757
33,33,as designed,v2,136,14,7818,,0.21428571428571427,0.6428571428571429,0.007352941176470588
33,33,as designed,Ridge,136,14,7818,10.0,0.2857142857142857,0.35714285714285715,0.022058823529411766
33,33,as designed,kNN k=5,136,14,7818,,0.14285714285714285,0.21428571428571427,0.007352941176470588
33,33,D1: hide answer papers,v2,136,14,7723,,0.35714285714285715,0.5,0.03676470588235294
33,33,D1: hide answer papers,Ridge,136,14,7723,10.0,0.2857142857142857,0.35714285714285715,0.022058823529411766
33,33,D1: hide answer papers,kNN k=5,136,14,7723,,0.07142857142857142,0.35714285714285715,0.17647058823529413
34,34,as designed,v2,134,13,7582,,0.38461538461538464,0.6153846153846154,0.1044776119402985
34,34,as designed,Ridge,134,13,7582,1.0,0.38461538461538464,0.5384615384615384,0.1417910447761194
34,34,as designed,kNN k=5,134,13,7582,,0.15384615384615385,0.46153846153846156,0.3805970149253731
34,34,D1: hide answer papers,v2,134,13,7490,,0.38461538461538464,0.46153846153846156,0.44776119402985076
34,34,D1: hide answer papers,Ridge,134,13,7490,10.0,0.38461538461538464,0.46153846153846156,0.1791044776119403
34,34,D1: hide answer papers,kNN k=5,134,13,7490,,0.15384615384615385,0.46153846153846156,0.3805970149253731
35,35,as designed,v2,133,13,8006,,0.46153846153846156,0.6923076923076923,0.03007518796992481
35,35,as designed,Ridge,133,13,8006,0.1,0.23076923076923078,0.6153846153846154,0.06015037593984962
35,35,as designed,kNN k=5,133,13,8006,,0.38461538461538464,0.6153846153846154,0.007518796992481203
35,35,D1: hide answer papers,v2,133,13,7878,,0.38461538461538464,0.6153846153846154,0.13533834586466165
35,35,D1: hide answer papers,Ridge,133,13,7878,0.1,0.15384615384615385,0.6153846153846154,0.19548872180451127
35,35,D1: hide answer papers,kNN k=5,133,13,7878,,0.3076923076923077,0.5384615384615384,0.007518796992481203
36,36,as designed,v2,139,14,7696,,0.42857142857142855,0.7142857142857143,0.05755395683453238
36,36,as designed,Ridge,139,14,7696,10.0,0.35714285714285715,0.5714285714285714,0.23741007194244604
36,36,as designed,kNN k=5,139,14,7696,,0.21428571428571427,0.42857142857142855,0.08633093525179857
36,36,D1: hide answer papers,v2,139,14,7604,,0.2857142857142857,0.6428571428571429,0.1223021582733813
36,36,D1: hide answer papers,Ridge,139,14,7604,10.0,0.35714285714285715,0.5714285714285714,0.2446043165467626
36,36,D1: hide answer papers,kNN k=5,139,14,7604,,0.2857142857142857,0.5714285714285714,0.07913669064748201
37,37,as designed,v2,126,13,7870,,0.38461538461538464,0.6153846153846154,0.20634920634920634
37,37,as designed,Ridge,126,13,7870,10.0,0.15384615384615385,0.15384615384615385,0.3968253968253968
37,37,as designed,kNN k=5,126,13,7870,,0.15384615384615385,0.38461538461538464,0.42063492063492064
37,37,D1: hide answer papers,v2,126,13,7811,,0.38461538461538464,0.5384615384615384,0.35714285714285715
37,37,D1: hide answer papers,Ridge,126,13,7811,10.0,0.15384615384615385,0.15384615384615385,0.48412698412698413
37,37,D1: hide answer papers,kNN k=5,126,13,7811,,0.23076923076923078,0.38461538461538464,0.4126984126984127
38,38,as designed,v2,139,14,7697,,0.42857142857142855,0.7857142857142857,0.2014388489208633
38,38,as designed,Ridge,139,14,7697,1.0,0.21428571428571427,0.42857142857142855,0.381294964028777
38,38,as designed,kNN k=5,139,14,7697,,0.2857142857142857,0.7142857142857143,0.15827338129496402
38,38,D1: hide answer papers,v2,139,14,7592,,0.5714285714285714,0.7142857142857143,0.38848920863309355
38,38,D1: hide answer papers,Ridge,139,14,7592,10.0,0.2857142857142857,0.5,0.35251798561151076
38,38,D1: hide answer papers,kNN k=5,139,14,7592,,0.2857142857142857,0.6428571428571429,0.15827338129496402
39,39,as designed,v2,140,14,7814,,0.2857142857142857,0.5,0.10714285714285714
39,39,as designed,Ridge,140,14,7814,1.0,0.42857142857142855,0.6428571428571429,0.14285714285714285
39,39,as designed,kNN k=5,140,14,7814,,0.14285714285714285,0.42857142857142855,0.10714285714285714
39,39,D1: hide answer papers,v2,140,14,7666,,0.21428571428571427,0.42857142857142855,0.16428571428571428
39,39,D1: hide answer papers,Ridge,140,14,7666,10.0,0.42857142857142855,0.5714285714285714,0.20714285714285716
39,39,D1: hide answer papers,kNN k=5,140,14,7666,,0.14285714285714285,0.42857142857142855,0.1
40,40,as designed,v2,137,14,7972,,0.42857142857142855,0.7142857142857143,0.1386861313868613
40,40,as designed,Ridge,137,14,7972,0.1,0.5,0.6428571428571429,0.24817518248175183
40,40,as designed,kNN k=5,137,14,7972,,0.21428571428571427,0.2857142857142857,0.24087591240875914
40,40,D1: hide answer papers,v2,137,14,7805,,0.5,0.5714285714285714,0.45985401459854014
40,40,D1: hide answer papers,Ridge,137,14,7805,0.1,0.42857142857142855,0.6428571428571429,0.3284671532846715
40,40,D1: hide answer papers,kNN k=5,137,14,7805,,0.21428571428571427,0.35714285714285715,0.23357664233576642
41,41,as designed,v2,133,13,7543,,0.38461538461538464,0.5384615384615384,0.007518796992481203
41,41,as designed,Ridge,133,13,7543,1.0,0.38461538461538464,0.46153846153846156,0.022556390977443608
41,41,as designed,kNN k=5,133,13,7543,,0.46153846153846156,0.6153846153846154,0.03007518796992481
41,41,D1: hide answer papers,v2,133,13,7407,,0.23076923076923078,0.46153846153846156,0.46616541353383456
41,41,D1: hide answer papers,Ridge,133,13,7407,0.1,0.3076923076923077,0.38461538461538464,0.2556390977443609
41,41,D1: hide answer papers,kNN k=5,133,13,7407,,0.46153846153846156,0.6153846153846154,0.03007518796992481
42,42,as designed,v2,138,14,7916,,0.2857142857142857,0.5714285714285714,0.036231884057971016
42,42,as designed,Ridge,138,14,7916,1.0,0.42857142857142855,0.5714285714285714,0.08695652173913043
42,42,as designed,kNN k=5,138,14,7916,,0.35714285714285715,0.5,0.10144927536231885
42,42,D1: hide answer papers,v2,138,14,7798,,0.21428571428571427,0.5,0.14492753623188406
42,42,D1: hide answer papers,Ridge,138,14,7798,10.0,0.35714285714285715,0.5714285714285714,0.2028985507246377
42,42,D1: hide answer papers,kNN k=5,138,14,7798,,0.5,0.5,0.10144927536231885
43,43,as designed,v2,134,13,7736,,0.46153846153846156,0.6153846153846154,0.26119402985074625
43,43,as designed,Ridge,134,13,7736,10.0,0.46153846153846156,0.5384615384615384,0.029850746268656716
43,43,as designed,kNN k=5,134,13,7736,,0.23076923076923078,0.38461538461538464,0.21641791044776118
43,43,D1: hide answer papers,v2,134,13,7629,,0.38461538461538464,0.6153846153846154,0.2537313432835821
43,43,D1: hide answer papers,Ridge,134,13,7629,0.1,0.46153846153846156,0.5384615384615384,0.029850746268656716
43,43,D1: hide answer papers,kNN k=5,134,13,7629,,0.23076923076923078,0.46153846153846156,0.17164179104477612
44,44,as designed,v2,140,14,7608,,0.2857142857142857,0.5714285714285714,0.007142857142857143
44,44,as designed,Ridge,140,14,7608,10.0,0.35714285714285715,0.6428571428571429,0.014285714285714285
44,44,as designed,kNN k=5,140,14,7608,,0.42857142857142855,0.5714285714285714,0.05
44,44,D1: hide answer papers,v2,140,14,7502,,0.35714285714285715,0.6428571428571429,0.08571428571428572
44,44,D1: hide answer papers,Ridge,140,14,7502,10.0,0.35714285714285715,0.6428571428571429,0.35714285714285715
44,44,D1: hide answer papers,kNN k=5,140,14,7502,,0.35714285714285715,0.5,0.07857142857142857
45,45,as designed,v2,133,13,7908,,0.46153846153846156,0.7692307692307693,0.09022556390977443
45,45,as designed,Ridge,133,13,7908,1.0,0.3076923076923077,0.6923076923076923,0.05263157894736842
45,45,as designed,kNN k=5,133,13,7908,,0.3076923076923077,0.46153846153846156,0.41353383458646614
45,45,D1: hide answer papers,v2,133,13,7817,,0.38461538461538464,0.6923076923076923,0.09022556390977443
45,45,D1: hide answer papers,Ridge,133,13,7817,10.0,0.3076923076923077,0.6923076923076923,0.045112781954887216
45,45,D1: hide answer papers,kNN k=5,133,13,7817,,0.23076923076923078,0.5384615384615384,0.42105263157894735
46,46,as designed,v2,134,13,8086,,0.38461538461538464,0.6923076923076923,0.07462686567164178
46,46,as designed,Ridge,134,13,8086,1.0,0.38461538461538464,0.6923076923076923,0.20149253731343283
46,46,as designed,kNN k=5,134,13,8086,,0.46153846153846156,0.6153846153846154,0.029850746268656716
46,46,D1: hide answer papers,v2,134,13,7985,,0.3076923076923077,0.6923076923076923,0.3582089552238806
46,46,D1: hide answer papers,Ridge,134,13,7985,1.0,0.38461538461538464,0.6153846153846154,0.3805970149253731
46,46,D1: hide answer papers,kNN k=5,134,13,7985,,0.38461538461538464,0.6153846153846154,0.022388059701492536
47,47,as designed,v2,144,14,7736,,0.14285714285714285,0.42857142857142855,0.10416666666666667
47,47,as designed,Ridge,144,14,7736,10.0,0.42857142857142855,0.5,0.1875
47,47,as designed,kNN k=5,144,14,7736,,0.2857142857142857,0.42857142857142855,0.06944444444444445
47,47,D1: hide answer papers,v2,144,14,7634,,0.07142857142857142,0.2857142857142857,0.125
47,47,D1: hide answer papers,Ridge,144,14,7634,10.0,0.21428571428571427,0.42857142857142855,0.22916666666666666
47,47,D1: hide answer papers,kNN k=5,144,14,7634,,0.14285714285714285,0.35714285714285715,0.09722222222222222
48,48,as designed,v2,145,14,7953,,0.42857142857142855,0.7857142857142857,0.034482758620689655
48,48,as designed,Ridge,145,14,7953,0.1,0.2857142857142857,0.35714285714285715,0.2620689655172414
48,48,as designed,kNN k=5,145,14,7953,,0.21428571428571427,0.5,0.2689655172413793
48,48,D1: hide answer papers,v2,145,14,7852,,0.21428571428571427,0.6428571428571429,0.1724137931034483
48,48,D1: hide answer papers,Ridge,145,14,7852,0.1,0.21428571428571427,0.35714285714285715,0.2689655172413793
48,48,D1: hide answer papers,kNN k=5,145,14,7852,,0.14285714285714285,0.42857142857142855,0.2620689655172414
49,49,as designed,v2,134,13,7980,,0.38461538461538464,0.6153846153846154,0.022388059701492536
49,49,as designed,Ridge,134,13,7980,0.1,0.23076923076923078,0.7692307692307693,0.014925373134328358
49,49,as designed,kNN k=5,134,13,7980,,0.15384615384615385,0.38461538461538464,0.09701492537313433
49,49,D1: hide answer papers,v2,134,13,7799,,0.38461538461538464,0.6153846153846154,0.3582089552238806
49,49,D1: hide answer papers,Ridge,134,13,7799,0.1,0.15384615384615385,0.6923076923076923,0.30597014925373134
49,49,D1: hide answer papers,kNN k=5,134,13,7799,,0.07692307692307693,0.46153846153846156,0.11940298507462686
50,50,as designed,v2,134,13,7815,,0.15384615384615385,0.5384615384615384,0.06716417910447761
50,50,as designed,Ridge,134,13,7815,1.0,0.15384615384615385,0.6153846153846154,0.14925373134328357
50,50,as designed,kNN k=5,134,13,7815,,0.23076923076923078,0.3076923076923077,0.291044776119403
50,50,D1: hide answer papers,v2,134,13,7751,,0.23076923076923078,0.38461538461538464,0.1865671641791045
50,50,D1: hide answer papers,Ridge,134,13,7751,1.0,0.23076923076923078,0.38461538461538464,0.3283582089552239
50,50,D1: hide answer papers,kNN k=5,134,13,7751,,0.23076923076923078,0.3076923076923077,0.291044776119403
51,51,as designed,v2,132,13,8089,,0.5384615384615384,0.6153846153846154,0.007575757575757576
51,51,as designed,Ridge,132,13,8089,10.0,0.3076923076923077,0.5384615384615384,0.3409090909090909
51,51,as designed,kNN k=5,132,13,8089,,0.3076923076923077,0.6923076923076923,0.16666666666666666
51,51,D1: hide answer papers,v2,132,13,8007,,0.38461538461538464,0.6153846153846154,0.030303030303030304
51,51,D1: hide answer papers,Ridge,132,13,8007,10.0,0.38461538461538464,0.46153846153846156,0.3712121212121212
51,51,D1: hide answer papers,kNN k=5,132,13,8007,,0.3076923076923077,0.6153846153846154,0.1590909090909091
52,52,as designed,v2,133,13,7373,,0.23076923076923078,0.46153846153846156,0.007518796992481203
52,52,as designed,Ridge,133,13,7373,10.0,0.3076923076923077,0.46153846153846156,0.007518796992481203
52,52,as designed,kNN k=5,133,13,7373,,0.23076923076923078,0.46153846153846156,0.06015037593984962
52,52,D1: hide answer papers,v2,133,13,7266,,0.15384615384615385,0.23076923076923078,0.007518796992481203
52,52,D1: hide answer papers,Ridge,133,13,7266,0.1,0.23076923076923078,0.5384615384615384,0.007518796992481203
52,52,D1: hide answer papers,kNN k=5,133,13,7266,,0.23076923076923078,0.46153846153846156,0.06015037593984962
53,53,as designed,v2,132,13,7631,,0.23076923076923078,0.5384615384615384,0.007575757575757576
53,53,as designed,Ridge,132,13,7631,10.0,0.23076923076923078,0.3076923076923077,0.07575757575757576
53,53,as designed,kNN k=5,132,13,7631,,0.3076923076923077,0.46153846153846156,0.09848484848484848
53,53,D1: hide answer papers,v2,132,13,7570,,0.38461538461538464,0.5384615384615384,0.030303030303030304
53,53,D1: hide answer papers,Ridge,132,13,7570,10.0,0.23076923076923078,0.3076923076923077,0.13636363636363635
53,53,D1: hide answer papers,kNN k=5,132,13,7570,,0.3076923076923077,0.46153846153846156,0.09848484848484848
54,54,as designed,v2,139,14,7940,,0.35714285714285715,0.5714285714285714,0.05755395683453238
54,54,as designed,Ridge,139,14,7940,1.0,0.35714285714285715,0.5,0.302158273381295
54,54,as designed,kNN k=5,139,14,7940,,0.35714285714285715,0.5,0.1079136690647482
54,54,D1: hide answer papers,v2,139,14,7855,,0.2857142857142857,0.5714285714285714,0.12949640287769784
54,54,D1: hide answer papers,Ridge,139,14,7855,1.0,0.35714285714285715,0.42857142857142855,0.34532374100719426
54,54,D1: hide answer papers,kNN k=5,139,14,7855,,0.35714285714285715,0.35714285714285715,0.2517985611510791
55,55,as designed,v2,147,15,8037,,0.4,0.4666666666666667,0.027210884353741496
55,55,as designed,Ridge,147,15,8037,10.0,0.4,0.4666666666666667,0.08163265306122448
55,55,as designed,kNN k=5,147,15,8037,,0.3333333333333333,0.5333333333333333,0.04081632653061224
55,55,D1: hide answer papers,v2,147,15,7997,,0.3333333333333333,0.4666666666666667,0.02040816326530612
55,55,D1: hide answer papers,Ridge,147,15,7997,10.0,0.4,0.4666666666666667,0.08163265306122448
55,55,D1: hide answer papers,kNN k=5,147,15,7997,,0.3333333333333333,0.6,0.04081632653061224
56,56,as designed,v2,135,14,8000,,0.35714285714285715,0.6428571428571429,0.007407407407407408
56,56,as designed,Ridge,135,14,8000,10.0,0.42857142857142855,0.5,0.02962962962962963
56,56,as designed,kNN k=5,135,14,8000,,0.14285714285714285,0.35714285714285715,0.05185185185185185
56,56,D1: hide answer papers,v2,135,14,7894,,0.35714285714285715,0.42857142857142855,0.1037037037037037
56,56,D1: hide answer papers,Ridge,135,14,7894,1.0,0.2857142857142857,0.5,0.26666666666666666
56,56,D1: hide answer papers,kNN k=5,135,14,7894,,0.14285714285714285,0.2857142857142857,0.05185185185185185
57,57,as designed,v2,126,13,7672,,0.38461538461538464,0.6923076923076923,0.19047619047619047
57,57,as designed,Ridge,126,13,7672,10.0,0.15384615384615385,0.46153846153846156,0.007936507936507936
57,57,as designed,kNN k=5,126,13,7672,,0.3076923076923077,0.3076923076923077,0.29365079365079366
57,57,D1: hide answer papers,v2,126,13,7608,,0.46153846153846156,0.6923076923076923,0.10317460317460317
57,57,D1: hide answer papers,Ridge,126,13,7608,10.0,0.15384615384615385,0.38461538461538464,0.007936507936507936
57,57,D1: hide answer papers,kNN k=5,126,13,7608,,0.23076923076923078,0.38461538461538464,0.30952380952380953
58,58,as designed,v2,148,15,8046,,0.4,0.5333333333333333,0.08108108108108109
58,58,as designed,Ridge,148,15,8046,10.0,0.4,0.5333333333333333,0.12837837837837837
58,58,as designed,kNN k=5,148,15,8046,,0.13333333333333333,0.4,0.21621621621621623
58,58,D1: hide answer papers,v2,148,15,7940,,0.2,0.4666666666666667,0.1554054054054054
58,58,D1: hide answer papers,Ridge,148,15,7940,10.0,0.3333333333333333,0.5333333333333333,0.16216216216216217
58,58,D1: hide answer papers,kNN k=5,148,15,7940,,0.2,0.3333333333333333,0.22297297297297297
59,59,as designed,v2,141,14,7900,,0.5,0.7142857142857143,0.028368794326241134
59,59,as designed,Ridge,141,14,7900,10.0,0.42857142857142855,0.6428571428571429,0.15602836879432624
59,59,as designed,kNN k=5,141,14,7900,,0.35714285714285715,0.5714285714285714,0.09929078014184398
59,59,D1: hide answer papers,v2,141,14,7835,,0.5,0.6428571428571429,0.06382978723404255
59,59,D1: hide answer papers,Ridge,141,14,7835,10.0,0.42857142857142855,0.5714285714285714,0.22695035460992907
59,59,D1: hide answer papers,kNN k=5,141,14,7835,,0.35714285714285715,0.5714285714285714,0.09929078014184398
60,60,as designed,v2,134,13,7582,,0.3076923076923077,0.46153846153846156,0.14925373134328357
60,60,as designed,Ridge,134,13,7582,1.0,0.23076923076923078,0.3076923076923077,0.2835820895522388
60,60,as designed,kNN k=5,134,13,7582,,0.07692307692307693,0.23076923076923078,0.3208955223880597
60,60,D1: hide answer papers,v2,134,13,7460,,0.23076923076923078,0.46153846153846156,0.09701492537313433
60,60,D1: hide answer papers,Ridge,134,13,7460,10.0,0.23076923076923078,0.3076923076923077,0.3283582089552239
60,60,D1: hide answer papers,kNN k=5,134,13,7460,,0.07692307692307693,0.23076923076923078,0.3358208955223881
61,61,as designed,v2,136,14,7831,,0.14285714285714285,0.42857142857142855,0.15441176470588236
61,61,as designed,Ridge,136,14,7831,10.0,0.2857142857142857,0.5,0.1323529411764706
61,61,as designed,kNN k=5,136,14,7831,,0.21428571428571427,0.2857142857142857,0.25
61,61,D1: hide answer papers,v2,136,14,7690,,0.14285714285714285,0.2857142857142857,0.125
61,61,D1: hide answer papers,Ridge,136,14,7690,10.0,0.21428571428571427,0.42857142857142855,0.2426470588235294
61,61,D1: hide answer papers,kNN k=5,136,14,7690,,0.2857142857142857,0.35714285714285715,0.2867647058823529
62,62,as designed,v2,135,14,7669,,0.42857142857142855,0.7142857142857143,0.08888888888888889
62,62,as designed,Ridge,135,14,7669,10.0,0.35714285714285715,0.7142857142857143,0.13333333333333333
62,62,as designed,kNN k=5,135,14,7669,,0.5,0.7142857142857143,0.14814814814814814
62,62,D1: hide answer papers,v2,135,14,7508,,0.35714285714285715,0.5714285714285714,0.562962962962963
62,62,D1: hide answer papers,Ridge,135,14,7508,0.1,0.2857142857142857,0.6428571428571429,0.2074074074074074
62,62,D1: hide answer papers,kNN k=5,135,14,7508,,0.42857142857142855,0.7857142857142857,0.14814814814814814
63,63,as designed,v2,143,14,8254,,0.35714285714285715,0.42857142857142855,0.32167832167832167
63,63,as designed,Ridge,143,14,8254,10.0,0.2857142857142857,0.5,0.3706293706293706
63,63,as designed,kNN k=5,143,14,8254,,0.07142857142857142,0.14285714285714285,0.36363636363636365
63,63,D1: hide answer papers,v2,143,14,8146,,0.42857142857142855,0.5,0.34265734265734266
63,63,D1: hide answer papers,Ridge,143,14,8146,10.0,0.2857142857142857,0.5,0.4195804195804196
63,63,D1: hide answer papers,kNN k=5,143,14,8146,,0.07142857142857142,0.14285714285714285,0.36363636363636365
64,64,as designed,v2,125,12,8260,,0.5,0.6666666666666666,0.056
64,64,as designed,Ridge,125,12,8260,10.0,0.3333333333333333,0.5,0.296
64,64,as designed,kNN k=5,125,12,8260,,0.5,0.5833333333333334,0.072
64,64,D1: hide answer papers,v2,125,12,8102,,0.3333333333333333,0.5,0.04
64,64,D1: hide answer papers,Ridge,125,12,8102,10.0,0.25,0.4166666666666667,0.36
64,64,D1: hide answer papers,kNN k=5,125,12,8102,,0.4166666666666667,0.5,0.064
65,65,as designed,v2,138,14,7577,,0.5,0.6428571428571429,0.07971014492753623
65,65,as designed,Ridge,138,14,7577,10.0,0.35714285714285715,0.5714285714285714,0.18115942028985507
65,65,as designed,kNN k=5,138,14,7577,,0.35714285714285715,0.42857142857142855,0.07971014492753623
65,65,D1: hide answer papers,v2,138,14,7281,,0.2857142857142857,0.5714285714285714,0.11594202898550725
65,65,D1: hide answer papers,Ridge,138,14,7281,10.0,0.21428571428571427,0.5,0.1956521739130435
65,65,D1: hide answer papers,kNN k=5,138,14,7281,,0.2857142857142857,0.35714285714285715,0.07246376811594203
66,66,as designed,v2,132,13,7638,,0.46153846153846156,0.6923076923076923,0.022727272727272728
66,66,as designed,Ridge,132,13,7638,0.1,0.23076923076923078,0.6923076923076923,0.11363636363636363
66,66,as designed,kNN k=5,132,13,7638,,0.46153846153846156,0.5384615384615384,0.23484848484848486
66,66,D1: hide answer papers,v2,132,13,7576,,0.38461538461538464,0.6153846153846154,0.06818181818181818
66,66,D1: hide answer papers,Ridge,132,13,7576,0.1,0.3076923076923077,0.6923076923076923,0.1893939393939394
66,66,D1: hide answer papers,kNN k=5,132,13,7576,,0.46153846153846156,0.5384615384615384,0.22727272727272727
67,67,as designed,v2,128,13,7712,,0.46153846153846156,0.7692307692307693,0.0390625
67,67,as designed,Ridge,128,13,7712,10.0,0.38461538461538464,0.5384615384615384,0.2265625
67,67,as designed,kNN k=5,128,13,7712,,0.3076923076923077,0.46153846153846156,0.2421875
67,67,D1: hide answer papers,v2,128,13,7653,,0.46153846153846156,0.6153846153846154,0.046875
67,67,D1: hide answer papers,Ridge,128,13,7653,10.0,0.3076923076923077,0.46153846153846156,0.2734375
67,67,D1: hide answer papers,kNN k=5,128,13,7653,,0.3076923076923077,0.46153846153846156,0.25
68,68,as designed,v2,131,13,7935,,0.46153846153846156,0.7692307692307693,0.007633587786259542
68,68,as designed,Ridge,131,13,7935,10.0,0.38461538461538464,0.6153846153846154,0.0916030534351145
68,68,as designed,kNN k=5,131,13,7935,,0.38461538461538464,0.6923076923076923,0.183206106870229
68,68,D1: hide answer papers,v2,131,13,7886,,0.46153846153846156,0.6923076923076923,0.007633587786259542
68,68,D1: hide answer papers,Ridge,131,13,7886,10.0,0.38461538461538464,0.6153846153846154,0.08396946564885496
68,68,D1: hide answer papers,kNN k=5,131,13,7886,,0.38461538461538464,0.6153846153846154,0.17557251908396945
69,69,as designed,v2,138,14,8041,,0.21428571428571427,0.42857142857142855,0.10869565217391304
69,69,as designed,Ridge,138,14,8041,0.1,0.2857142857142857,0.5,0.2608695652173913
69,69,as designed,kNN k=5,138,14,8041,,0.07142857142857142,0.14285714285714285,0.2536231884057971
69,69,D1: hide answer papers,v2,138,14,7984,,0.2857142857142857,0.42857142857142855,0.4492753623188406
69,69,D1: hide answer papers,Ridge,138,14,7984,0.1,0.2857142857142857,0.5714285714285714,0.2826086956521739
69,69,D1: hide answer papers,kNN k=5,138,14,7984,,0.07142857142857142,0.14285714285714285,0.2536231884057971
70,70,as designed,v2,126,13,7621,,0.5384615384615384,0.7692307692307693,0.007936507936507936
70,70,as designed,Ridge,126,13,7621,0.1,0.46153846153846156,0.6153846153846154,0.09523809523809523
70,70,as designed,kNN k=5,126,13,7621,,0.15384615384615385,0.38461538461538464,0.2222222222222222
70,70,D1: hide answer papers,v2,126,13,7481,,0.38461538461538464,0.6153846153846154,0.19047619047619047
70,70,D1: hide answer papers,Ridge,126,13,7481,0.1,0.46153846153846156,0.6153846153846154,0.15079365079365079
70,70,D1: hide answer papers,kNN k=5,126,13,7481,,0.23076923076923078,0.3076923076923077,0.2222222222222222
71,71,as designed,v2,141,14,7883,,0.5,0.5714285714285714,0.028368794326241134
71,71,as designed,Ridge,141,14,7883,10.0,0.2857142857142857,0.5,0.11347517730496454
71,71,as designed,kNN k=5,141,14,7883,,0.42857142857142855,0.5714285714285714,0.0851063829787234
71,71,D1: hide answer papers,v2,141,14,7744,,0.42857142857142855,0.6428571428571429,0.07801418439716312
71,71,D1: hide answer papers,Ridge,141,14,7744,10.0,0.2857142857142857,0.5,0.20567375886524822
71,71,D1: hide answer papers,kNN k=5,141,14,7744,,0.5,0.5714285714285714,0.09929078014184398
72,72,as designed,v2,134,13,7855,,0.38461538461538464,0.7692307692307693,0.09701492537313433
72,72,as designed,Ridge,134,13,7855,10.0,0.46153846153846156,0.6153846153846154,0.291044776119403
72,72,as designed,kNN k=5,134,13,7855,,0.38461538461538464,0.38461538461538464,0.3656716417910448
72,72,D1: hide answer papers,v2,134,13,7787,,0.46153846153846156,0.6923076923076923,0.11940298507462686
72,72,D1: hide answer papers,Ridge,134,13,7787,10.0,0.46153846153846156,0.5384615384615384,0.3208955223880597
72,72,D1: hide answer papers,kNN k=5,134,13,7787,,0.38461538461538464,0.38461538461538464,0.3656716417910448
73,73,as designed,v2,133,13,7610,,0.38461538461538464,0.5384615384615384,0.015037593984962405
73,73,as designed,Ridge,133,13,7610,10.0,0.5384615384615384,0.5384615384615384,0.022556390977443608
73,73,as designed,kNN k=5,133,13,7610,,0.3076923076923077,0.46153846153846156,0.015037593984962405
73,73,D1: hide answer papers,v2,133,13,7546,,0.3076923076923077,0.5384615384615384,0.015037593984962405
73,73,D1: hide answer papers,Ridge,133,13,7546,10.0,0.46153846153846156,0.5384615384615384,0.2631578947368421
73,73,D1: hide answer papers,kNN k=5,133,13,7546,,0.38461538461538464,0.46153846153846156,0.015037593984962405
74,74,as designed,v2,142,14,8134,,0.5714285714285714,0.6428571428571429,0.04225352112676056
74,74,as designed,Ridge,142,14,8134,10.0,0.42857142857142855,0.5,0.34507042253521125
74,74,as designed,kNN k=5,142,14,8134,,0.2857142857142857,0.5714285714285714,0.007042253521126761
74,74,D1: hide answer papers,v2,142,14,8066,,0.5,0.6428571428571429,0.007042253521126761
74,74,D1: hide answer papers,Ridge,142,14,8066,10.0,0.35714285714285715,0.5714285714285714,0.352112676056338
74,74,D1: hide answer papers,kNN k=5,142,14,8066,,0.2857142857142857,0.5714285714285714,0.007042253521126761
75,75,as designed,v2,145,14,8009,,0.35714285714285715,0.7142857142857143,0.006896551724137931
75,75,as designed,Ridge,145,14,8009,10.0,0.2857142857142857,0.5714285714285714,0.027586206896551724
75,75,as designed,kNN k=5,145,14,8009,,0.14285714285714285,0.35714285714285715,0.21379310344827587
75,75,D1: hide answer papers,v2,145,14,7909,,0.35714285714285715,0.5714285714285714,0.034482758620689655
75,75,D1: hide answer papers,Ridge,145,14,7909,10.0,0.2857142857142857,0.5,0.10344827586206896
75,75,D1: hide answer papers,kNN k=5,145,14,7909,,0.14285714285714285,0.42857142857142855,0.10344827586206896
76,76,as designed,v2,132,13,7734,,0.6153846153846154,0.6923076923076923,0.07575757575757576
76,76,as designed,Ridge,132,13,7734,0.1,0.3076923076923077,0.5384615384615384,0.32575757575757575
76,76,as designed,kNN k=5,132,13,7734,,0.38461538461538464,0.5384615384615384,0.06060606060606061
76,76,D1: hide answer papers,v2,132,13,7636,,0.38461538461538464,0.7692307692307693,0.5303030303030303
76,76,D1: hide answer papers,Ridge,132,13,7636,0.1,0.3076923076923077,0.6153846153846154,0.3181818181818182
76,76,D1: hide answer papers,kNN k=5,132,13,7636,,0.3076923076923077,0.46153846153846156,0.05303030303030303
77,77,as designed,v2,135,14,7696,,0.35714285714285715,0.6428571428571429,0.4148148148148148
77,77,as designed,Ridge,135,14,7696,1.0,0.35714285714285715,0.7142857142857143,0.02962962962962963
77,77,as designed,kNN k=5,135,14,7696,,0.35714285714285715,0.7857142857142857,0.02962962962962963
77,77,D1: hide answer papers,v2,135,14,7546,,0.2857142857142857,0.5714285714285714,0.5777777777777777
77,77,D1: hide answer papers,Ridge,135,14,7546,1.0,0.5,0.7142857142857143,0.02962962962962963
77,77,D1: hide answer papers,kNN k=5,135,14,7546,,0.5,0.7142857142857143,0.05925925925925926
78,78,as designed,v2,132,13,8020,,0.38461538461538464,0.6153846153846154,0.1590909090909091
78,78,as designed,Ridge,132,13,8020,10.0,0.3076923076923077,0.5384615384615384,0.1893939393939394
78,78,as designed,kNN k=5,132,13,8020,,0.38461538461538464,0.5384615384615384,0.10606060606060606
78,78,D1: hide answer papers,v2,132,13,7968,,0.3076923076923077,0.46153846153846156,0.3939393939393939
78,78,D1: hide answer papers,Ridge,132,13,7968,10.0,0.3076923076923077,0.5384615384615384,0.25
78,78,D1: hide answer papers,kNN k=5,132,13,7968,,0.38461538461538464,0.5384615384615384,0.10606060606060606
79,79,as designed,v2,137,14,7622,,0.35714285714285715,0.5714285714285714,0.2116788321167883
79,79,as designed,Ridge,137,14,7622,1.0,0.35714285714285715,0.5714285714285714,0.39416058394160586
79,79,as designed,kNN k=5,137,14,7622,,0.2857142857142857,0.35714285714285715,0.051094890510948905
79,79,D1: hide answer papers,v2,137,14,7583,,0.42857142857142855,0.5714285714285714,0.16058394160583941
79,79,D1: hide answer papers,Ridge,137,14,7583,1.0,0.35714285714285715,0.5,0.39416058394160586
79,79,D1: hide answer papers,kNN k=5,137,14,7583,,0.2857142857142857,0.35714285714285715,0.058394160583941604
80,80,as designed,v2,132,13,7841,,0.46153846153846156,0.6153846153846154,0.29545454545454547
80,80,as designed,Ridge,132,13,7841,0.1,0.46153846153846156,0.5384615384615384,0.09090909090909091
80,80,as designed,kNN k=5,132,13,7841,,0.15384615384615385,0.46153846153846156,0.24242424242424243
80,80,D1: hide answer papers,v2,132,13,7719,,0.38461538461538464,0.5384615384615384,0.30303030303030304
80,80,D1: hide answer papers,Ridge,132,13,7719,0.1,0.46153846153846156,0.6153846153846154,0.12878787878787878
80,80,D1: hide answer papers,kNN k=5,132,13,7719,,0.3076923076923077,0.46153846153846156,0.23484848484848486
81,81,as designed,v2,143,14,7410,,0.35714285714285715,0.6428571428571429,0.13286713286713286
81,81,as designed,Ridge,143,14,7410,10.0,0.35714285714285715,0.5714285714285714,0.006993006993006993
81,81,as designed,kNN k=5,143,14,7410,,0.21428571428571427,0.5,0.055944055944055944
81,81,D1: hide answer papers,v2,143,14,7335,,0.5,0.6428571428571429,0.013986013986013986
81,81,D1: hide answer papers,Ridge,143,14,7335,10.0,0.35714285714285715,0.5714285714285714,0.006993006993006993
81,81,D1: hide answer papers,kNN k=5,143,14,7335,,0.2857142857142857,0.5,0.04195804195804196
82,82,as designed,v2,135,14,7961,,0.35714285714285715,0.5714285714285714,0.2518518518518518
82,82,as designed,Ridge,135,14,7961,1.0,0.2857142857142857,0.5714285714285714,0.16296296296296298
82,82,as designed,kNN k=5,135,14,7961,,0.35714285714285715,0.5,0.1111111111111111
82,82,D1: hide answer papers,v2,135,14,7837,,0.2857142857142857,0.42857142857142855,0.08148148148148149
82,82,D1: hide answer papers,Ridge,135,14,7837,1.0,0.2857142857142857,0.5,0.2074074074074074
82,82,D1: hide answer papers,kNN k=5,135,14,7837,,0.35714285714285715,0.42857142857142855,0.1037037037037037
83,83,as designed,v2,125,12,7712,,0.25,0.4166666666666667,0.008
83,83,as designed,Ridge,125,12,7712,1.0,0.25,0.4166666666666667,0.056
83,83,as designed,kNN k=5,125,12,7712,,0.25,0.5,0.256
83,83,D1: hide answer papers,v2,125,12,7666,,0.25,0.3333333333333333,0.264
83,83,D1: hide answer papers,Ridge,125,12,7666,0.1,0.16666666666666666,0.3333333333333333,0.048
83,83,D1: hide answer papers,kNN k=5,125,12,7666,,0.25,0.5,0.256
84,84,as designed,v2,123,12,7914,,0.5,0.75,0.008130081300813009
84,84,as designed,Ridge,123,12,7914,1.0,0.4166666666666667,0.5833333333333334,0.024390243902439025
84,84,as designed,kNN k=5,123,12,7914,,0.4166666666666667,0.5833333333333334,0.0975609756097561
84,84,D1: hide answer papers,v2,123,12,7719,,0.4166666666666667,0.75,0.17073170731707318
84,84,D1: hide answer papers,Ridge,123,12,7719,10.0,0.4166666666666667,0.5,0.42276422764227645
84,84,D1: hide answer papers,kNN k=5,123,12,7719,,0.3333333333333333,0.5,0.08943089430894309
85,85,as designed,v2,129,13,7739,,0.3076923076923077,0.5384615384615384,0.007751937984496124
85,85,as designed,Ridge,129,13,7739,0.1,0.3076923076923077,0.5384615384615384,0.14728682170542637
85,85,as designed,kNN k=5,129,13,7739,,0.23076923076923078,0.46153846153846156,0.07751937984496124
85,85,D1: hide answer papers,v2,129,13,7651,,0.15384615384615385,0.46153846153846156,0.15503875968992248
85,85,D1: hide answer papers,Ridge,129,13,7651,0.1,0.38461538461538464,0.46153846153846156,0.2868217054263566
85,85,D1: hide answer papers,kNN k=5,129,13,7651,,0.3076923076923077,0.5384615384615384,0.2713178294573643
86,86,as designed,v2,138,14,7911,,0.6428571428571429,0.7857142857142857,0.07971014492753623
86,86,as designed,Ridge,138,14,7911,10.0,0.5,0.7142857142857143,0.13768115942028986
86,86,as designed,kNN k=5,138,14,7911,,0.5,0.5714285714285714,0.050724637681159424
86,86,D1: hide answer papers,v2,138,14,7826,,0.5714285714285714,0.7857142857142857,0.057971014492753624
86,86,D1: hide answer papers,Ridge,138,14,7826,10.0,0.5,0.7142857142857143,0.13768115942028986
86,86,D1: hide answer papers,kNN k=5,138,14,7826,,0.42857142857142855,0.5,0.057971014492753624
87,87,as designed,v2,130,13,7542,,0.3076923076923077,0.38461538461538464,0.007692307692307693
87,87,as designed,Ridge,130,13,7542,1.0,0.3076923076923077,0.38461538461538464,0.038461538461538464
87,87,as designed,kNN k=5,130,13,7542,,0.15384615384615385,0.23076923076923078,0.12307692307692308
87,87,D1: hide answer papers,v2,130,13,7470,,0.15384615384615385,0.46153846153846156,0.23846153846153847
87,87,D1: hide answer papers,Ridge,130,13,7470,1.0,0.3076923076923077,0.38461538461538464,0.038461538461538464
87,87,D1: hide answer papers,kNN k=5,130,13,7470,,0.15384615384615385,0.23076923076923078,0.12307692307692308
88,88,as designed,v2,130,13,7805,,0.38461538461538464,0.5384615384615384,0.023076923076923078
88,88,as designed,Ridge,130,13,7805,10.0,0.46153846153846156,0.7692307692307693,0.2
88,88,as designed,kNN k=5,130,13,7805,,0.15384615384615385,0.38461538461538464,0.09230769230769231
88,88,D1: hide answer papers,v2,130,13,7789,,0.38461538461538464,0.5384615384615384,0.05384615384615385
88,88,D1: hide answer papers,Ridge,130,13,7789,10.0,0.46153846153846156,0.6923076923076923,0.2076923076923077
88,88,D1: hide answer papers,kNN k=5,130,13,7789,,0.15384615384615385,0.38461538461538464,0.08461538461538462
89,89,as designed,v2,136,14,7357,,0.2857142857142857,0.5714285714285714,0.0661764705882353
89,89,as designed,Ridge,136,14,7357,100.0,0.2857142857142857,0.5714285714285714,0.15441176470588236
89,89,as designed,kNN k=5,136,14,7357,,0.35714285714285715,0.5714285714285714,0.014705882352941176
89,89,D1: hide answer papers,v2,136,14,7274,,0.21428571428571427,0.7857142857142857,0.16176470588235295
89,89,D1: hide answer papers,Ridge,136,14,7274,1.0,0.35714285714285715,0.5,0.20588235294117646
89,89,D1: hide answer papers,kNN k=5,136,14,7274,,0.35714285714285715,0.5714285714285714,0.19117647058823528
90,90,as designed,v2,150,15,7597,,0.4666666666666667,0.7333333333333333,0.06
90,90,as designed,Ridge,150,15,7597,10.0,0.4666666666666667,0.7333333333333333,0.08666666666666667
90,90,as designed,kNN k=5,150,15,7597,,0.3333333333333333,0.5333333333333333,0.24
90,90,D1: hide answer papers,v2,150,15,7492,,0.4,0.6,0.18666666666666668
90,90,D1: hide answer papers,Ridge,150,15,7492,10.0,0.4,0.6666666666666666,0.10666666666666667
90,90,D1: hide answer papers,kNN k=5,150,15,7492,,0.3333333333333333,0.4666666666666667,0.23333333333333334
91,91,as designed,v2,126,13,7781,,0.38461538461538464,0.46153846153846156,0.3412698412698413
91,91,as designed,Ridge,126,13,7781,10.0,0.46153846153846156,0.5384615384615384,0.4126984126984127
91,91,as designed,kNN k=5,126,13,7781,,0.15384615384615385,0.46153846153846156,0.20634920634920634
91,91,D1: hide answer papers,v2,126,13,7700,,0.3076923076923077,0.38461538461538464,0.4603174603174603
91,91,D1: hide answer papers,Ridge,126,13,7700,10.0,0.38461538461538464,0.46153846153846156,0.5714285714285714
91,91,D1: hide answer papers,kNN k=5,126,13,7700,,0.15384615384615385,0.46153846153846156,0.19047619047619047
92,92,as designed,v2,126,13,7979,,0.46153846153846156,0.5384615384615384,0.007936507936507936
92,92,as designed,Ridge,126,13,7979,10.0,0.38461538461538464,0.46153846153846156,0.023809523809523808
92,92,as designed,kNN k=5,126,13,7979,,0.15384615384615385,0.38461538461538464,0.047619047619047616
92,92,D1: hide answer papers,v2,126,13,7908,,0.46153846153846156,0.6153846153846154,0.12698412698412698
92,92,D1: hide answer papers,Ridge,126,13,7908,1.0,0.38461538461538464,0.46153846153846156,0.031746031746031744
92,92,D1: hide answer papers,kNN k=5,126,13,7908,,0.15384615384615385,0.3076923076923077,0.047619047619047616
93,93,as designed,v2,133,13,7928,,0.5384615384615384,0.6923076923076923,0.022556390977443608
93,93,as designed,Ridge,133,13,7928,10.0,0.38461538461538464,0.7692307692307693,0.06015037593984962
93,93,as designed,kNN k=5,133,13,7928,,0.5384615384615384,0.6153846153846154,0.007518796992481203
93,93,D1: hide answer papers,v2,133,13,7806,,0.5384615384615384,0.7692307692307693,0.10526315789473684
93,93,D1: hide answer papers,Ridge,133,13,7806,10.0,0.3076923076923077,0.6153846153846154,0.2781954887218045
93,93,D1: hide answer papers,kNN k=5,133,13,7806,,0.5384615384615384,0.5384615384615384,0.015037593984962405
94,94,as designed,v2,132,13,7672,,0.46153846153846156,0.5384615384615384,0.015151515151515152
94,94,as designed,Ridge,132,13,7672,1.0,0.38461538461538464,0.5384615384615384,0.03787878787878788
94,94,as designed,kNN k=5,132,13,7672,,0.38461538461538464,0.46153846153846156,0.030303030303030304
94,94,D1: hide answer papers,v2,132,13,7652,,0.38461538461538464,0.5384615384615384,0.015151515151515152
94,94,D1: hide answer papers,Ridge,132,13,7652,10.0,0.38461538461538464,0.5384615384615384,0.03787878787878788
94,94,D1: hide answer papers,kNN k=5,132,13,7652,,0.38461538461538464,0.46153846153846156,0.030303030303030304
95,95,as designed,v2,126,13,7612,,0.46153846153846156,0.6153846153846154,0.023809523809523808
95,95,as designed,Ridge,126,13,7612,1.0,0.3076923076923077,0.6153846153846154,0.1746031746031746
95,95,as designed,kNN k=5,126,13,7612,,0.23076923076923078,0.46153846153846156,0.23015873015873015
95,95,D1: hide answer papers,v2,126,13,7519,,0.46153846153846156,0.6153846153846154,0.05555555555555555
95,95,D1: hide answer papers,Ridge,126,13,7519,10.0,0.3076923076923077,0.6153846153846154,0.1984126984126984
95,95,D1: hide answer papers,kNN k=5,126,13,7519,,0.23076923076923078,0.46153846153846156,0.35714285714285715
96,96,as designed,v2,125,12,7586,,0.4166666666666667,0.5,0.008
96,96,as designed,Ridge,125,12,7586,1.0,0.4166666666666667,0.5,0.008
96,96,as designed,kNN k=5,125,12,7586,,0.08333333333333333,0.4166666666666667,0.256
96,96,D1: hide answer papers,v2,125,12,7482,,0.3333333333333333,0.4166666666666667,0.064
96,96,D1: hide answer papers,Ridge,125,12,7482,1.0,0.25,0.5,0.008
96,96,D1: hide answer papers,kNN k=5,125,12,7482,,0.08333333333333333,0.4166666666666667,0.256
97,97,as designed,v2,128,13,7798,,0.38461538461538464,0.46153846153846156,0.0390625
97,97,as designed,Ridge,128,13,7798,10.0,0.3076923076923077,0.46153846153846156,0.1796875
97,97,as designed,kNN k=5,128,13,7798,,0.3076923076923077,0.5384615384615384,0.0546875
97,97,D1: hide answer papers,v2,128,13,7708,,0.46153846153846156,0.46153846153846156,0.0390625
97,97,D1: hide answer papers,Ridge,128,13,7708,10.0,0.3076923076923077,0.38461538461538464,0.234375
97,97,D1: hide answer papers,kNN k=5,128,13,7708,,0.3076923076923077,0.46153846153846156,0.0546875
98,98,as designed,v2,128,13,7697,,0.46153846153846156,0.7692307692307693,0.3203125
98,98,as designed,Ridge,128,13,7697,0.1,0.3076923076923077,0.6153846153846154,0.28125
98,98,as designed,kNN k=5,128,13,7697,,0.46153846153846156,0.5384615384615384,0.515625
98,98,D1: hide answer papers,v2,128,13,7537,,0.46153846153846156,0.6923076923076923,0.28125
98,98,D1: hide answer papers,Ridge,128,13,7537,0.1,0.3076923076923077,0.6153846153846154,0.2890625
98,98,D1: hide answer papers,kNN k=5,128,13,7537,,0.46153846153846156,0.6153846153846154,0.515625
99,99,as designed,v2,133,13,8027,,0.23076923076923078,0.46153846153846156,0.42105263157894735
99,99,as designed,Ridge,133,13,8027,10.0,0.3076923076923077,0.38461538461538464,0.03007518796992481
99,99,as designed,kNN k=5,133,13,8027,,0.23076923076923078,0.46153846153846156,0.022556390977443608
99,99,D1: hide answer papers,v2,133,13,7893,,0.23076923076923078,0.3076923076923077,0.48872180451127817
99,99,D1: hide answer papers,Ridge,133,13,7893,10.0,0.38461538461538464,0.38461538461538464,0.08270676691729323
99,99,D1: hide answer papers,kNN k=5,133,13,7893,,0.23076923076923078,0.38461538461538464,0.022556390977443608
100,100,as designed,v2,145,14,7618,,0.2857142857142857,0.6428571428571429,0.15862068965517243
100,100,as designed,Ridge,145,14,7618,1.0,0.42857142857142855,0.5714285714285714,0.3586206896551724
100,100,as designed,kNN k=5,145,14,7618,,0.21428571428571427,0.42857142857142855,0.1793103448275862
100,100,D1: hide answer papers,v2,145,14,7553,,0.21428571428571427,0.5714285714285714,0.11724137931034483
100,100,D1: hide answer papers,Ridge,145,14,7553,1.0,0.42857142857142855,0.5,0.3931034482758621
100,100,D1: hide answer papers,kNN k=5,145,14,7553,,0.21428571428571427,0.35714285714285715,0.32413793103448274
101,101,as designed,v2,145,14,7657,,0.42857142857142855,0.5714285714285714,0.10344827586206896
101,101,as designed,Ridge,145,14,7657,10.0,0.2857142857142857,0.5,0.296551724137931
101,101,as designed,kNN k=5,145,14,7657,,0.2857142857142857,0.5714285714285714,0.1793103448275862
101,101,D1: hide answer papers,v2,145,14,7515,,0.2857142857142857,0.5714285714285714,0.15172413793103448
101,101,D1: hide answer papers,Ridge,145,14,7515,10.0,0.2857142857142857,0.5,0.3586206896551724
101,101,D1: hide answer papers,kNN k=5,145,14,7515,,0.2857142857142857,0.5714285714285714,0.18620689655172415
102,102,as designed,v2,129,13,8049,,0.46153846153846156,0.6923076923076923,0.007751937984496124
102,102,as designed,Ridge,129,13,8049,10.0,0.38461538461538464,0.38461538461538464,0.023255813953488372
102,102,as designed,kNN k=5,129,13,8049,,0.38461538461538464,0.46153846153846156,0.31007751937984496
102,102,D1: hide answer papers,v2,129,13,7935,,0.38461538461538464,0.7692307692307693,0.20155038759689922
102,102,D1: hide answer papers,Ridge,129,13,7935,10.0,0.23076923076923078,0.46153846153846156,0.023255813953488372
102,102,D1: hide answer papers,kNN k=5,129,13,7935,,0.38461538461538464,0.38461538461538464,0.3023255813953488
103,103,as designed,v2,137,14,7914,,0.21428571428571427,0.5,0.145985401459854
103,103,as designed,Ridge,137,14,7914,1.0,0.21428571428571427,0.35714285714285715,0.27007299270072993
103,103,as designed,kNN k=5,137,14,7914,,0.21428571428571427,0.2857142857142857,0.06569343065693431
103,103,D1: hide answer papers,v2,137,14,7808,,0.21428571428571427,0.5,0.16058394160583941
103,103,D1: hide answer papers,Ridge,137,14,7808,1.0,0.21428571428571427,0.35714285714285715,0.30656934306569344
103,103,D1: hide answer papers,kNN k=5,137,14,7808,,0.21428571428571427,0.2857142857142857,0.072992700729927
104,104,as designed,v2,128,13,7596,,0.3076923076923077,0.6153846153846154,0.015625
104,104,as designed,Ridge,128,13,7596,0.1,0.3076923076923077,0.38461538461538464,0.0078125
104,104,as designed,kNN k=5,128,13,7596,,0.23076923076923078,0.38461538461538464,0.671875
104,104,D1: hide answer papers,v2,128,13,7448,,0.3076923076923077,0.5384615384615384,0.03125
104,104,D1: hide answer papers,Ridge,128,13,7448,0.1,0.3076923076923077,0.3076923076923077,0.0078125
104,104,D1: hide answer papers,kNN k=5,128,13,7448,,0.15384615384615385,0.3076923076923077,0.6640625
105,105,as designed,v2,135,14,7440,,0.2857142857142857,0.42857142857142855,0.014814814814814815
105,105,as designed,Ridge,135,14,7440,1.0,0.35714285714285715,0.5,0.022222222222222223
105,105,as designed,kNN k=5,135,14,7440,,0.21428571428571427,0.5,0.022222222222222223
105,105,D1: hide answer papers,v2,135,14,7304,,0.07142857142857142,0.2857142857142857,0.22962962962962963
105,105,D1: hide answer papers,Ridge,135,14,7304,1.0,0.35714285714285715,0.5,0.022222222222222223
105,105,D1: hide answer papers,kNN k=5,135,14,7304,,0.21428571428571427,0.35714285714285715,0.05925925925925926
106,106,as designed,v2,133,13,7892,,0.3076923076923077,0.5384615384615384,0.015037593984962405
106,106,as designed,Ridge,133,13,7892,10.0,0.23076923076923078,0.6153846153846154,0.007518796992481203
106,106,as designed,kNN k=5,133,13,7892,,0.38461538461538464,0.5384615384615384,0.05263157894736842
106,106,D1: hide answer papers,v2,133,13,7759,,0.15384615384615385,0.46153846153846156,0.39849624060150374
106,106,D1: hide answer papers,Ridge,133,13,7759,10.0,0.15384615384615385,0.5384615384615384,0.015037593984962405
106,106,D1: hide answer papers,kNN k=5,133,13,7759,,0.38461538461538464,0.46153846153846156,0.05263157894736842
107,107,as designed,v2,141,14,7675,,0.5714285714285714,0.5714285714285714,0.0070921985815602835
107,107,as designed,Ridge,141,14,7675,10.0,0.35714285714285715,0.5,0.0070921985815602835
107,107,as designed,kNN k=5,141,14,7675,,0.2857142857142857,0.6428571428571429,0.1276595744680851
107,107,D1: hide answer papers,v2,141,14,7588,,0.42857142857142855,0.5,0.2907801418439716
107,107,D1: hide answer papers,Ridge,141,14,7588,10.0,0.35714285714285715,0.5,0.014184397163120567
107,107,D1: hide answer papers,kNN k=5,141,14,7588,,0.35714285714285715,0.6428571428571429,0.19858156028368795
108,108,as designed,v2,128,13,7755,,0.3076923076923077,0.6923076923076923,0.0625
108,108,as designed,Ridge,128,13,7755,10.0,0.23076923076923078,0.46153846153846156,0.171875
108,108,as designed,kNN k=5,128,13,7755,,0.3076923076923077,0.46153846153846156,0.3203125
108,108,D1: hide answer papers,v2,128,13,7644,,0.23076923076923078,0.6923076923076923,0.1796875
108,108,D1: hide answer papers,Ridge,128,13,7644,10.0,0.15384615384615385,0.38461538461538464,0.2109375
108,108,D1: hide answer papers,kNN k=5,128,13,7644,,0.3076923076923077,0.46153846153846156,0.34375
109,109,as designed,v2,131,13,7515,,0.38461538461538464,0.6153846153846154,0.007633587786259542
109,109,as designed,Ridge,131,13,7515,10.0,0.15384615384615385,0.46153846153846156,0.061068702290076333
109,109,as designed,kNN k=5,131,13,7515,,0.3076923076923077,0.38461538461538464,0.030534351145038167
109,109,D1: hide answer papers,v2,131,13,7447,,0.38461538461538464,0.6153846153846154,0.06870229007633588
109,109,D1: hide answer papers,Ridge,131,13,7447,1.0,0.23076923076923078,0.46153846153846156,0.08396946564885496
109,109,D1: hide answer papers,kNN k=5,131,13,7447,,0.23076923076923078,0.46153846153846156,0.030534351145038167
110,110,as designed,v2,128,13,7647,,0.38461538461538464,0.6923076923076923,0.015625
110,110,as designed,Ridge,128,13,7647,10.0,0.38461538461538464,0.6153846153846154,0.2265625
110,110,as designed,kNN k=5,128,13,7647,,0.15384615384615385,0.5384615384615384,0.1796875
110,110,D1: hide answer papers,v2,128,13,7527,,0.46153846153846156,0.6153846153846154,0.015625
110,110,D1: hide answer papers,Ridge,128,13,7527,10.0,0.38461538461538464,0.5384615384615384,0.2890625
110,110,D1: hide answer papers,kNN k=5,128,13,7527,,0.23076923076923078,0.5384615384615384,0.171875
111,111,as designed,v2,127,13,8166,,0.3076923076923077,0.46153846153846156,0.007874015748031496
111,111,as designed,Ridge,127,13,8166,10.0,0.38461538461538464,0.7692307692307693,0.15748031496062992
111,111,as designed,kNN k=5,127,13,8166,,0.3076923076923077,0.46153846153846156,0.047244094488188976
111,111,D1: hide answer papers,v2,127,13,8038,,0.23076923076923078,0.46153846153846156,0.3937007874015748
111,111,D1: hide answer papers,Ridge,127,13,8038,0.1,0.38461538461538464,0.6923076923076923,0.1732283464566929
111,111,D1: hide answer papers,kNN k=5,127,13,8038,,0.3076923076923077,0.6153846153846154,0.07874015748031496
112,112,as designed,v2,121,12,7914,,0.4166666666666667,0.5833333333333334,0.32231404958677684
112,112,as designed,Ridge,121,12,7914,10.0,0.3333333333333333,0.5,0.01652892561983471
112,112,as designed,kNN k=5,121,12,7914,,0.3333333333333333,0.5,0.09917355371900827
112,112,D1: hide answer papers,v2,121,12,7784,,0.3333333333333333,0.5833333333333334,0.2892561983471074
112,112,D1: hide answer papers,Ridge,121,12,7784,10.0,0.3333333333333333,0.4166666666666667,0.01652892561983471
112,112,D1: hide answer papers,kNN k=5,121,12,7784,,0.25,0.3333333333333333,0.256198347107438
113,113,as designed,v2,134,13,8054,,0.3076923076923077,0.38461538461538464,0.20149253731343283
113,113,as designed,Ridge,134,13,8054,10.0,0.38461538461538464,0.46153846153846156,0.2537313432835821
113,113,as designed,kNN k=5,134,13,8054,,0.15384615384615385,0.15384615384615385,0.43283582089552236
113,113,D1: hide answer papers,v2,134,13,7991,,0.15384615384615385,0.3076923076923077,0.31343283582089554
113,113,D1: hide answer papers,Ridge,134,13,7991,10.0,0.38461538461538464,0.46153846153846156,0.31343283582089554
113,113,D1: hide answer papers,kNN k=5,134,13,7991,,0.07692307692307693,0.15384615384615385,0.43283582089552236
114,114,as designed,v2,133,13,7876,,0.3076923076923077,0.6923076923076923,0.14285714285714285
114,114,as designed,Ridge,133,13,7876,10.0,0.3076923076923077,0.38461538461538464,0.14285714285714285
114,114,as designed,kNN k=5,133,13,7876,,0.15384615384615385,0.38461538461538464,0.2706766917293233
114,114,D1: hide answer papers,v2,133,13,7848,,0.3076923076923077,0.6153846153846154,0.22556390977443608
114,114,D1: hide answer papers,Ridge,133,13,7848,10.0,0.3076923076923077,0.38461538461538464,0.16541353383458646
114,114,D1: hide answer papers,kNN k=5,133,13,7848,,0.15384615384615385,0.38461538461538464,0.2706766917293233
115,115,as designed,v2,144,14,7897,,0.42857142857142855,0.6428571428571429,0.034722222222222224
115,115,as designed,Ridge,144,14,7897,1.0,0.35714285714285715,0.5714285714285714,0.125
115,115,as designed,kNN k=5,144,14,7897,,0.2857142857142857,0.6428571428571429,0.13194444444444445
115,115,D1: hide answer papers,v2,144,14,7834,,0.42857142857142855,0.5714285714285714,0.3333333333333333
115,115,D1: hide answer papers,Ridge,144,14,7834,1.0,0.35714285714285715,0.5714285714285714,0.2569444444444444
115,115,D1: hide answer papers,kNN k=5,144,14,7834,,0.42857142857142855,0.6428571428571429,0.125
116,116,as designed,v2,139,14,8134,,0.5,0.7142857142857143,0.1223021582733813
116,116,as designed,Ridge,139,14,8134,10.0,0.42857142857142855,0.5714285714285714,0.10071942446043165
116,116,as designed,kNN k=5,139,14,8134,,0.14285714285714285,0.6428571428571429,0.11510791366906475
116,116,D1: hide answer papers,v2,139,14,7916,,0.5,0.6428571428571429,0.34532374100719426
116,116,D1: hide answer papers,Ridge,139,14,7916,10.0,0.35714285714285715,0.5714285714285714,0.35251798561151076
116,116,D1: hide answer papers,kNN k=5,139,14,7916,,0.14285714285714285,0.5714285714285714,0.1366906474820144
117,117,as designed,v2,135,14,7688,,0.42857142857142855,0.7857142857142857,0.02962962962962963
117,117,as designed,Ridge,135,14,7688,10.0,0.42857142857142855,0.6428571428571429,0.1925925925925926
117,117,as designed,kNN k=5,135,14,7688,,0.35714285714285715,0.5,0.37777777777777777
117,117,D1: hide answer papers,v2,135,14,7567,,0.42857142857142855,0.7857142857142857,0.1259259259259259
117,117,D1: hide answer papers,Ridge,135,14,7567,10.0,0.42857142857142855,0.5714285714285714,0.26666666666666666
117,117,D1: hide answer papers,kNN k=5,135,14,7567,,0.35714285714285715,0.5,0.362962962962963
118,118,as designed,v2,131,13,7957,,0.46153846153846156,0.5384615384615384,0.09923664122137404
118,118,as designed,Ridge,131,13,7957,10.0,0.23076923076923078,0.6153846153846154,0.19083969465648856
118,118,as designed,kNN k=5,131,13,7957,,0.3076923076923077,0.5384615384615384,0.030534351145038167
118,118,D1: hide answer papers,v2,131,13,7804,,0.3076923076923077,0.38461538461538464,0.31297709923664124
118,118,D1: hide answer papers,Ridge,131,13,7804,10.0,0.23076923076923078,0.5384615384615384,0.19083969465648856
118,118,D1: hide answer papers,kNN k=5,131,13,7804,,0.23076923076923078,0.46153846153846156,0.030534351145038167
119,119,as designed,v2,138,14,8048,,0.35714285714285715,0.5714285714285714,0.021739130434782608
119,119,as designed,Ridge,138,14,8048,10.0,0.2857142857142857,0.6428571428571429,0.14492753623188406
119,119,as designed,kNN k=5,138,14,8048,,0.35714285714285715,0.5,0.043478260869565216
119,119,D1: hide answer papers,v2,138,14,7948,,0.2857142857142857,0.5,0.036231884057971016
119,119,D1: hide answer papers,Ridge,138,14,7948,10.0,0.35714285714285715,0.42857142857142855,0.2463768115942029
119,119,D1: hide answer papers,kNN k=5,138,14,7948,,0.2857142857142857,0.5,0.036231884057971016
120,120,as designed,v2,140,14,7631,,0.42857142857142855,0.7142857142857143,0.05
120,120,as designed,Ridge,140,14,7631,10.0,0.35714285714285715,0.5,0.22142857142857142
120,120,as designed,kNN k=5,140,14,7631,,0.42857142857142855,0.5,0.1
120,120,D1: hide answer papers,v2,140,14,7526,,0.2857142857142857,0.6428571428571429,0.16428571428571428
120,120,D1: hide answer papers,Ridge,140,14,7526,10.0,0.35714285714285715,0.5,0.25
120,120,D1: hide answer papers,kNN k=5,140,14,7526,,0.42857142857142855,0.5,0.08571428571428572
121,121,as designed,v2,121,12,7851,,0.4166666666666667,0.6666666666666666,0.10743801652892562
121,121,as designed,Ridge,121,12,7851,0.1,0.16666666666666666,0.4166666666666667,0.2231404958677686
121,121,as designed,kNN k=5,121,12,7851,,0.25,0.4166666666666667,0.2231404958677686
121,121,D1: hide answer papers,v2,121,12,7760,,0.4166666666666667,0.5,0.3884297520661157
121,121,D1: hide answer papers,Ridge,121,12,7760,0.1,0.16666666666666666,0.4166666666666667,0.2644628099173554
121,121,D1: hide answer papers,kNN k=5,121,12,7760,,0.16666666666666666,0.3333333333333333,0.2396694214876033
122,122,as designed,v2,138,14,7875,,0.5,0.6428571428571429,0.014492753623188406
122,122,as designed,Ridge,138,14,7875,10.0,0.35714285714285715,0.5,0.007246376811594203
122,122,as designed,kNN k=5,138,14,7875,,0.2857142857142857,0.5,0.5
122,122,D1: hide answer papers,v2,138,14,7846,,0.5714285714285714,0.6428571428571429,0.07971014492753623
122,122,D1: hide answer papers,Ridge,138,14,7846,10.0,0.35714285714285715,0.5,0.007246376811594203
122,122,D1: hide answer papers,kNN k=5,138,14,7846,,0.2857142857142857,0.5,0.4855072463768116
123,123,as designed,v2,148,15,7564,,0.5333333333333333,0.6666666666666666,0.04054054054054054
123,123,as designed,Ridge,148,15,7564,10.0,0.4,0.4,0.36486486486486486
123,123,as designed,kNN k=5,148,15,7564,,0.26666666666666666,0.4,0.14189189189189189
123,123,D1: hide answer papers,v2,148,15,7498,,0.5333333333333333,0.6666666666666666,0.10135135135135136
123,123,D1: hide answer papers,Ridge,148,15,7498,10.0,0.4,0.4,0.3783783783783784
123,123,D1: hide answer papers,kNN k=5,148,15,7498,,0.2,0.5333333333333333,0.14864864864864866
124,124,as designed,v2,134,13,7740,,0.38461538461538464,0.5384615384615384,0.12686567164179105
124,124,as designed,Ridge,134,13,7740,10.0,0.3076923076923077,0.46153846153846156,0.31343283582089554
124,124,as designed,kNN k=5,134,13,7740,,0.15384615384615385,0.38461538461538464,0.31343283582089554
124,124,D1: hide answer papers,v2,134,13,7653,,0.46153846153846156,0.5384615384615384,0.208955223880597
124,124,D1: hide answer papers,Ridge,134,13,7653,10.0,0.3076923076923077,0.38461538461538464,0.3283582089552239
124,124,D1: hide answer papers,kNN k=5,134,13,7653,,0.15384615384615385,0.38461538461538464,0.31343283582089554
125,125,as designed,v2,129,13,8348,,0.3076923076923077,0.46153846153846156,0.14728682170542637
125,125,as designed,Ridge,129,13,8348,10.0,0.23076923076923078,0.6153846153846154,0.03875968992248062
125,125,as designed,kNN k=5,129,13,8348,,0.23076923076923078,0.3076923076923077,0.12403100775193798
125,125,D1: hide answer papers,v2,129,13,8268,,0.23076923076923078,0.46153846153846156,0.05426356589147287
125,125,D1: hide answer papers,Ridge,129,13,8268,1.0,0.15384615384615385,0.6153846153846154,0.046511627906976744
125,125,D1: hide answer papers,kNN k=5,129,13,8268,,0.23076923076923078,0.3076923076923077,0.13178294573643412
126,126,as designed,v2,139,14,7610,,0.5,0.7142857142857143,0.007194244604316547
126,126,as designed,Ridge,139,14,7610,1.0,0.42857142857142855,0.6428571428571429,0.02877697841726619
126,126,as designed,kNN k=5,139,14,7610,,0.35714285714285715,0.5714285714285714,0.2517985611510791
126,126,D1: hide answer papers,v2,139,14,7502,,0.42857142857142855,0.6428571428571429,0.050359712230215826
126,126,D1: hide answer papers,Ridge,139,14,7502,1.0,0.42857142857142855,0.6428571428571429,0.02877697841726619
126,126,D1: hide answer papers,kNN k=5,139,14,7502,,0.35714285714285715,0.5714285714285714,0.2446043165467626
127,127,as designed,v2,136,14,7313,,0.5,0.5714285714285714,0.04411764705882353
127,127,as designed,Ridge,136,14,7313,1.0,0.2857142857142857,0.5,0.21323529411764705
127,127,as designed,kNN k=5,136,14,7313,,0.2857142857142857,0.2857142857142857,0.5514705882352942
127,127,D1: hide answer papers,v2,136,14,7198,,0.42857142857142855,0.5,0.0661764705882353
127,127,D1: hide answer papers,Ridge,136,14,7198,10.0,0.21428571428571427,0.5,0.3088235294117647
127,127,D1: hide answer papers,kNN k=5,136,14,7198,,0.2857142857142857,0.2857142857142857,0.5514705882352942
128,128,as designed,v2,132,13,8237,,0.23076923076923078,0.5384615384615384,0.06818181818181818
128,128,as designed,Ridge,132,13,8237,10.0,0.23076923076923078,0.46153846153846156,0.21212121212121213
128,128,as designed,kNN k=5,132,13,8237,,0.3076923076923077,0.46153846153846156,0.15151515151515152
128,128,D1: hide answer papers,v2,132,13,8120,,0.15384615384615385,0.46153846153846156,0.3560606060606061
128,128,D1: hide answer papers,Ridge,132,13,8120,10.0,0.23076923076923078,0.46153846153846156,0.2727272727272727
128,128,D1: hide answer papers,kNN k=5,132,13,8120,,0.3076923076923077,0.46153846153846156,0.1893939393939394
129,129,as designed,v2,136,14,7725,,0.5,0.6428571428571429,0.09558823529411764
129,129,as designed,Ridge,136,14,7725,10.0,0.42857142857142855,0.6428571428571429,0.21323529411764705
129,129,as designed,kNN k=5,136,14,7725,,0.42857142857142855,0.5714285714285714,0.25735294117647056
129,129,D1: hide answer papers,v2,136,14,7624,,0.2857142857142857,0.6428571428571429,0.25
129,129,D1: hide answer papers,Ridge,136,14,7624,10.0,0.42857142857142855,0.6428571428571429,0.34558823529411764
129,129,D1: hide answer papers,kNN k=5,136,14,7624,,0.5,0.5714285714285714,0.2426470588235294
130,130,as designed,v2,136,14,7669,,0.35714285714285715,0.5714285714285714,0.40441176470588236
130,130,as designed,Ridge,136,14,7669,0.1,0.21428571428571427,0.35714285714285715,0.27205882352941174
130,130,as designed,kNN k=5,136,14,7669,,0.21428571428571427,0.35714285714285715,0.21323529411764705
130,130,D1: hide answer papers,v2,136,14,7515,,0.2857142857142857,0.42857142857142855,0.35294117647058826
130,130,D1: hide answer papers,Ridge,136,14,7515,0.1,0.2857142857142857,0.2857142857142857,0.25
130,130,D1: hide answer papers,kNN k=5,136,14,7515,,0.14285714285714285,0.2857142857142857,0.27205882352941174
131,131,as designed,v2,141,14,7256,,0.42857142857142855,0.5714285714285714,0.05673758865248227
131,131,as designed,Ridge,141,14,7256,1.0,0.42857142857142855,0.6428571428571429,0.3617021276595745
131,131,as designed,kNN k=5,141,14,7256,,0.2857142857142857,0.42857142857142855,0.3120567375886525
131,131,D1: hide answer papers,v2,141,14,7145,,0.42857142857142855,0.6428571428571429,0.0851063829787234
131,131,D1: hide answer papers,Ridge,141,14,7145,0.1,0.35714285714285715,0.6428571428571429,0.3971631205673759
131,131,D1: hide answer papers,kNN k=5,141,14,7145,,0.2857142857142857,0.42857142857142855,0.3120567375886525
132,132,as designed,v2,128,13,7895,,0.46153846153846156,0.6153846153846154,0.25
132,132,as designed,Ridge,128,13,7895,10.0,0.3076923076923077,0.6923076923076923,0.0546875
132,132,as designed,kNN k=5,128,13,7895,,0.38461538461538464,0.5384615384615384,0.09375
132,132,D1: hide answer papers,v2,128,13,7869,,0.38461538461538464,0.6923076923076923,0.2734375
132,132,D1: hide answer papers,Ridge,128,13,7869,1.0,0.3076923076923077,0.6923076923076923,0.0546875
132,132,D1: hide answer papers,kNN k=5,128,13,7869,,0.46153846153846156,0.5384615384615384,0.1015625
133,133,as designed,v2,137,14,7787,,0.5714285714285714,0.7142857142857143,0.014598540145985401
133,133,as designed,Ridge,137,14,7787,0.1,0.14285714285714285,0.5,0.15328467153284672
133,133,as designed,kNN k=5,137,14,7787,,0.42857142857142855,0.6428571428571429,0.0364963503649635
133,133,D1: hide answer papers,v2,137,14,7687,,0.5714285714285714,0.7857142857142857,0.10218978102189781
133,133,D1: hide answer papers,Ridge,137,14,7687,0.1,0.21428571428571427,0.5714285714285714,0.18248175182481752
133,133,D1: hide answer papers,kNN k=5,137,14,7687,,0.42857142857142855,0.6428571428571429,0.1897810218978102
134,134,as designed,v2,143,14,7896,,0.35714285714285715,0.6428571428571429,0.06993006993006994
134,134,as designed,Ridge,143,14,7896,10.0,0.5,0.6428571428571429,0.1048951048951049
134,134,as designed,kNN k=5,143,14,7896,,0.21428571428571427,0.2857142857142857,0.32167832167832167
134,134,D1: hide answer papers,v2,143,14,7792,,0.2857142857142857,0.5714285714285714,0.09090909090909091
134,134,D1: hide answer papers,Ridge,143,14,7792,10.0,0.42857142857142855,0.6428571428571429,0.16083916083916083
134,134,D1: hide answer papers,kNN k=5,143,14,7792,,0.21428571428571427,0.2857142857142857,0.6153846153846154
135,135,as designed,v2,144,14,8017,,0.42857142857142855,0.5,0.04861111111111111
135,135,as designed,Ridge,144,14,8017,10.0,0.2857142857142857,0.5,0.25
135,135,as designed,kNN k=5,144,14,8017,,0.21428571428571427,0.35714285714285715,0.3125
135,135,D1: hide answer papers,v2,144,14,7875,,0.21428571428571427,0.42857142857142855,0.0625
135,135,D1: hide answer papers,Ridge,144,14,7875,10.0,0.2857142857142857,0.42857142857142855,0.3333333333333333
135,135,D1: hide answer papers,kNN k=5,144,14,7875,,0.14285714285714285,0.2857142857142857,0.2986111111111111
136,136,as designed,v2,134,13,7742,,0.46153846153846156,0.6153846153846154,0.022388059701492536
136,136,as designed,Ridge,134,13,7742,10.0,0.38461538461538464,0.5384615384615384,0.03731343283582089
136,136,as designed,kNN k=5,134,13,7742,,0.15384615384615385,0.38461538461538464,0.22388059701492538
136,136,D1: hide answer papers,v2,134,13,7671,,0.38461538461538464,0.5384615384615384,0.03731343283582089
136,136,D1: hide answer papers,Ridge,134,13,7671,10.0,0.38461538461538464,0.5384615384615384,0.03731343283582089
136,136,D1: hide answer papers,kNN k=5,134,13,7671,,0.23076923076923078,0.38461538461538464,0.23880597014925373
137,137,as designed,v2,133,13,7591,,0.38461538461538464,0.6923076923076923,0.03007518796992481
137,137,as designed,Ridge,133,13,7591,0.1,0.38461538461538464,0.6153846153846154,0.05263157894736842
137,137,as designed,kNN k=5,133,13,7591,,0.3076923076923077,0.6153846153846154,0.11278195488721804
137,137,D1: hide answer papers,v2,133,13,7523,,0.3076923076923077,0.5384615384615384,0.3157894736842105
137,137,D1: hide answer papers,Ridge,133,13,7523,10.0,0.38461538461538464,0.6153846153846154,0.05263157894736842
137,137,D1: hide answer papers,kNN k=5,133,13,7523,,0.3076923076923077,0.6153846153846154,0.15037593984962405
138,138,as designed,v2,133,13,7815,,0.3076923076923077,0.6153846153846154,0.13533834586466165
138,138,as designed,Ridge,133,13,7815,10.0,0.15384615384615385,0.38461538461538464,0.2857142857142857
138,138,as designed,kNN k=5,133,13,7815,,0.23076923076923078,0.46153846153846156,0.10526315789473684
138,138,D1: hide answer papers,v2,133,13,7746,,0.3076923076923077,0.38461538461538464,0.47368421052631576
138,138,D1: hide answer papers,Ridge,133,13,7746,10.0,0.15384615384615385,0.38461538461538464,0.3157894736842105
138,138,D1: hide answer papers,kNN k=5,133,13,7746,,0.23076923076923078,0.46153846153846156,0.11278195488721804
139,139,as designed,v2,133,13,7605,,0.3076923076923077,0.46153846153846156,0.45864661654135336
139,139,as designed,Ridge,133,13,7605,10.0,0.38461538461538464,0.5384615384615384,0.12781954887218044
139,139,as designed,kNN k=5,133,13,7605,,0.46153846153846156,0.6153846153846154,0.06766917293233082
139,139,D1: hide answer papers,v2,133,13,7538,,0.3076923076923077,0.46153846153846156,0.3684210526315789
139,139,D1: hide answer papers,Ridge,133,13,7538,10.0,0.38461538461538464,0.6153846153846154,0.12781954887218044
139,139,D1: hide answer papers,kNN k=5,133,13,7538,,0.38461538461538464,0.6153846153846154,0.06766917293233082
140,140,as designed,v2,145,14,7865,,0.42857142857142855,0.5,0.020689655172413793
140,140,as designed,Ridge,145,14,7865,10.0,0.2857142857142857,0.5714285714285714,0.15862068965517243
140,140,as designed,kNN k=5,145,14,7865,,0.35714285714285715,0.5714285714285714,0.1793103448275862
140,140,D1: hide answer papers,v2,145,14,7705,,0.2857142857142857,0.5714285714285714,0.13793103448275862
140,140,D1: hide answer papers,Ridge,145,14,7705,10.0,0.35714285714285715,0.5714285714285714,0.27586206896551724
140,140,D1: hide answer papers,kNN k=5,145,14,7705,,0.2857142857142857,0.42857142857142855,0.2689655172413793
141,141,as designed,v2,128,13,8030,,0.23076923076923078,0.5384615384615384,0.0078125
141,141,as designed,Ridge,128,13,8030,1.0,0.15384615384615385,0.46153846153846156,0.140625
141,141,as designed,kNN k=5,128,13,8030,,0.23076923076923078,0.38461538461538464,0.046875
141,141,D1: hide answer papers,v2,128,13,7924,,0.15384615384615385,0.5384615384615384,0.15625
141,141,D1: hide answer papers,Ridge,128,13,7924,1.0,0.15384615384615385,0.38461538461538464,0.15625
141,141,D1: hide answer papers,kNN k=5,128,13,7924,,0.23076923076923078,0.38461538461538464,0.046875
142,142,as designed,v2,133,13,7886,,0.23076923076923078,0.5384615384615384,0.39849624060150374
142,142,as designed,Ridge,133,13,7886,1.0,0.3076923076923077,0.5384615384615384,0.6766917293233082
142,142,as designed,kNN k=5,133,13,7886,,0.23076923076923078,0.46153846153846156,0.39097744360902253
142,142,D1: hide answer papers,v2,133,13,7696,,0.38461538461538464,0.46153846153846156,0.22556390977443608
142,142,D1: hide answer papers,Ridge,133,13,7696,1.0,0.3076923076923077,0.5384615384615384,0.6992481203007519
142,142,D1: hide answer papers,kNN k=5,133,13,7696,,0.23076923076923078,0.38461538461538464,0.39849624060150374
143,143,as designed,v2,139,14,7879,,0.35714285714285715,0.5714285714285714,0.050359712230215826
143,143,as designed,Ridge,139,14,7879,10.0,0.21428571428571427,0.5,0.18705035971223022
143,143,as designed,kNN k=5,139,14,7879,,0.35714285714285715,0.35714285714285715,0.5467625899280576
143,143,D1: hide answer papers,v2,139,14,7842,,0.42857142857142855,0.5,0.3669064748201439
143,143,D1: hide answer papers,Ridge,139,14,7842,10.0,0.21428571428571427,0.5714285714285714,0.19424460431654678
143,143,D1: hide answer papers,kNN k=5,139,14,7842,,0.35714285714285715,0.35714285714285715,0.5467625899280576
144,144,as designed,v2,141,14,7605,,0.2857142857142857,0.5,0.03546099290780142
144,144,as designed,Ridge,141,14,7605,10.0,0.14285714285714285,0.35714285714285715,0.3475177304964539
144,144,as designed,kNN k=5,141,14,7605,,0.14285714285714285,0.42857142857142855,0.1702127659574468
144,144,D1: hide answer papers,v2,141,14,7543,,0.21428571428571427,0.42857142857142855,0.1276595744680851
144,144,D1: hide answer papers,Ridge,141,14,7543,10.0,0.14285714285714285,0.35714285714285715,0.36879432624113473
144,144,D1: hide answer papers,kNN k=5,141,14,7543,,0.14285714285714285,0.42857142857142855,0.1773049645390071
145,145,as designed,v2,140,14,8238,,0.42857142857142855,0.6428571428571429,0.02142857142857143
145,145,as designed,Ridge,140,14,8238,1.0,0.35714285714285715,0.6428571428571429,0.08571428571428572
145,145,as designed,kNN k=5,140,14,8238,,0.2857142857142857,0.35714285714285715,0.45
145,145,D1: hide answer papers,v2,140,14,8001,,0.2857142857142857,0.5,0.2857142857142857
145,145,D1: hide answer papers,Ridge,140,14,8001,1.0,0.2857142857142857,0.5,0.3357142857142857
145,145,D1: hide answer papers,kNN k=5,140,14,8001,,0.2857142857142857,0.35714285714285715,0.5142857142857142
146,146,as designed,v2,142,14,7990,,0.21428571428571427,0.42857142857142855,0.5070422535211268
146,146,as designed,Ridge,142,14,7990,1.0,0.35714285714285715,0.5,0.07042253521126761
146,146,as designed,kNN k=5,142,14,7990,,0.2857142857142857,0.35714285714285715,0.24647887323943662
146,146,D1: hide answer papers,v2,142,14,7880,,0.21428571428571427,0.42857142857142855,0.43661971830985913
146,146,D1: hide answer papers,Ridge,142,14,7880,1.0,0.2857142857142857,0.42857142857142855,0.11971830985915492
146,146,D1: hide answer papers,kNN k=5,142,14,7880,,0.21428571428571427,0.2857142857142857,0.23943661971830985
147,147,as designed,v2,139,14,7954,,0.5714285714285714,0.7142857142857143,0.08633093525179857
147,147,as designed,Ridge,139,14,7954,0.1,0.5,0.5714285714285714,0.22302158273381295
147,147,as designed,kNN k=5,139,14,7954,,0.21428571428571427,0.42857142857142855,0.2589928057553957
147,147,D1: hide answer papers,v2,139,14,7835,,0.42857142857142855,0.6428571428571429,0.1223021582733813
147,147,D1: hide answer papers,Ridge,139,14,7835,0.1,0.42857142857142855,0.5,0.2949640287769784
147,147,D1: hide answer papers,kNN k=5,139,14,7835,,0.21428571428571427,0.42857142857142855,0.2302158273381295
148,148,as designed,v2,133,13,7962,,0.38461538461538464,0.6153846153846154,0.007518796992481203
148,148,as designed,Ridge,133,13,7962,1.0,0.15384615384615385,0.5384615384615384,0.17293233082706766
148,148,as designed,kNN k=5,133,13,7962,,0.38461538461538464,0.5384615384615384,0.06015037593984962
148,148,D1: hide answer papers,v2,133,13,7865,,0.23076923076923078,0.38461538461538464,0.2781954887218045
148,148,D1: hide answer papers,Ridge,133,13,7865,1.0,0.15384615384615385,0.38461538461538464,0.3233082706766917
148,148,D1: hide answer papers,kNN k=5,133,13,7865,,0.38461538461538464,0.46153846153846156,0.045112781954887216
149,149,as designed,v2,144,14,7855,,0.35714285714285715,0.5,0.2916666666666667
149,149,as designed,Ridge,144,14,7855,10.0,0.21428571428571427,0.42857142857142855,0.006944444444444444
149,149,as designed,kNN k=5,144,14,7855,,0.21428571428571427,0.42857142857142855,0.4791666666666667
149,149,D1: hide answer papers,v2,144,14,7834,,0.2857142857142857,0.5,0.4097222222222222
149,149,D1: hide answer papers,Ridge,144,14,7834,10.0,0.21428571428571427,0.42857142857142855,0.006944444444444444
149,149,D1: hide answer papers,kNN k=5,144,14,7834,,0.21428571428571427,0.42857142857142855,0.4791666666666667
150,150,as designed,v2,142,14,7773,,0.5714285714285714,0.5714285714285714,0.014084507042253521
150,150,as designed,Ridge,142,14,7773,10.0,0.42857142857142855,0.5714285714285714,0.09154929577464789
150,150,as designed,kNN k=5,142,14,7773,,0.2857142857142857,0.5,0.14788732394366197
150,150,D1: hide answer papers,v2,142,14,7602,,0.42857142857142855,0.5714285714285714,0.014084507042253521
150,150,D1: hide answer papers,Ridge,142,14,7602,10.0,0.35714285714285715,0.5714285714285714,0.11267605633802817
150,150,D1: hide answer papers,kNN k=5,142,14,7602,,0.2857142857142857,0.42857142857142855,0.14788732394366197
151,151,as designed,v2,132,13,7546,,0.46153846153846156,0.6153846153846154,0.25757575757575757
151,151,as designed,Ridge,132,13,7546,1.0,0.38461538461538464,0.5384615384615384,0.13636363636363635
151,151,as designed,kNN k=5,132,13,7546,,0.3076923076923077,0.38461538461538464,0.17424242424242425
151,151,D1: hide answer papers,v2,132,13,7350,,0.38461538461538464,0.6153846153846154,0.7045454545454546
151,151,D1: hide answer papers,Ridge,132,13,7350,1.0,0.3076923076923077,0.5384615384615384,0.18181818181818182
151,151,D1: hide answer papers,kNN k=5,132,13,7350,,0.3076923076923077,0.38461538461538464,0.1893939393939394
152,152,as designed,v2,129,13,8427,,0.23076923076923078,0.38461538461538464,0.34108527131782945
152,152,as designed,Ridge,129,13,8427,10.0,0.3076923076923077,0.6153846153846154,0.17829457364341086
152,152,as designed,kNN k=5,129,13,8427,,0.3076923076923077,0.5384615384615384,0.07751937984496124
152,152,D1: hide answer papers,v2,129,13,8288,,0.15384615384615385,0.3076923076923077,0.4418604651162791
152,152,D1: hide answer papers,Ridge,129,13,8288,10.0,0.3076923076923077,0.46153846153846156,0.2558139534883721
152,152,D1: hide answer papers,kNN k=5,129,13,8288,,0.23076923076923078,0.5384615384615384,0.06976744186046512
153,153,as designed,v2,131,13,7463,,0.23076923076923078,0.5384615384615384,0.2824427480916031
153,153,as designed,Ridge,131,13,7463,0.1,0.3076923076923077,0.6923076923076923,0.22900763358778625
153,153,as designed,kNN k=5,131,13,7463,,0.23076923076923078,0.38461538461538464,0.5648854961832062
153,153,D1: hide answer papers,v2,131,13,7329,,0.23076923076923078,0.38461538461538464,0.2595419847328244
153,153,D1: hide answer papers,Ridge,131,13,7329,0.1,0.38461538461538464,0.6923076923076923,0.22900763358778625
153,153,D1: hide answer papers,kNN k=5,131,13,7329,,0.15384615384615385,0.3076923076923077,0.549618320610687
154,154,as designed,v2,125,12,7610,,0.5,0.75,0.288
154,154,as designed,Ridge,125,12,7610,1.0,0.4166666666666667,0.5833333333333334,0.208
154,154,as designed,kNN k=5,125,12,7610,,0.25,0.4166666666666667,0.632
154,154,D1: hide answer papers,v2,125,12,7505,,0.25,0.5,0.376
154,154,D1: hide answer papers,Ridge,125,12,7505,1.0,0.3333333333333333,0.6666666666666666,0.272
154,154,D1: hide answer papers,kNN k=5,125,12,7505,,0.25,0.4166666666666667,0.632
155,155,as designed,v2,135,14,7509,,0.5,0.7142857142857143,0.007407407407407408
155,155,as designed,Ridge,135,14,7509,0.1,0.42857142857142855,0.6428571428571429,0.037037037037037035
155,155,as designed,kNN k=5,135,14,7509,,0.2857142857142857,0.5,0.2
155,155,D1: hide answer papers,v2,135,14,7383,,0.2857142857142857,0.5714285714285714,0.13333333333333333
155,155,D1: hide answer papers,Ridge,135,14,7383,1.0,0.42857142857142855,0.5,0.07407407407407407
155,155,D1: hide answer papers,kNN k=5,135,14,7383,,0.2857142857142857,0.7142857142857143,0.17777777777777778
156,156,as designed,v2,136,14,7387,,0.42857142857142855,0.5714285714285714,0.007352941176470588
156,156,as designed,Ridge,136,14,7387,10.0,0.2857142857142857,0.5,0.014705882352941176
156,156,as designed,kNN k=5,136,14,7387,,0.35714285714285715,0.5714285714285714,0.1323529411764706
156,156,D1: hide answer papers,v2,136,14,7231,,0.35714285714285715,0.5714285714285714,0.014705882352941176
156,156,D1: hide answer papers,Ridge,136,14,7231,10.0,0.35714285714285715,0.5,0.029411764705882353
156,156,D1: hide answer papers,kNN k=5,136,14,7231,,0.2857142857142857,0.5,0.125
157,157,as designed,v2,135,14,7826,,0.35714285714285715,0.42857142857142855,0.022222222222222223
157,157,as designed,Ridge,135,14,7826,1.0,0.21428571428571427,0.21428571428571427,0.037037037037037035
157,157,as designed,kNN k=5,135,14,7826,,0.07142857142857142,0.21428571428571427,0.2
157,157,D1: hide answer papers,v2,135,14,7711,,0.2857142857142857,0.35714285714285715,0.037037037037037035
157,157,D1: hide answer papers,Ridge,135,14,7711,0.1,0.07142857142857142,0.14285714285714285,0.24444444444444444
157,157,D1: hide answer papers,kNN k=5,135,14,7711,,0.0,0.21428571428571427,0.18518518518518517
158,158,as designed,v2,134,13,7933,,0.46153846153846156,0.6153846153846154,0.05970149253731343
158,158,as designed,Ridge,134,13,7933,10.0,0.23076923076923078,0.5384615384615384,0.29850746268656714
158,158,as designed,kNN k=5,134,13,7933,,0.3076923076923077,0.3076923076923077,0.3358208955223881
158,158,D1: hide answer papers,v2,134,13,7886,,0.3076923076923077,0.5384615384615384,0.19402985074626866
158,158,D1: hide answer papers,Ridge,134,13,7886,1.0,0.23076923076923078,0.46153846153846156,0.291044776119403
158,158,D1: hide answer papers,kNN k=5,134,13,7886,,0.3076923076923077,0.3076923076923077,0.3358208955223881
159,159,as designed,v2,135,14,7933,,0.35714285714285715,0.5714285714285714,0.05925925925925926
159,159,as designed,Ridge,135,14,7933,10.0,0.42857142857142855,0.6428571428571429,0.05925925925925926
159,159,as designed,kNN k=5,135,14,7933,,0.35714285714285715,0.5,0.17037037037037037
159,159,D1: hide answer papers,v2,135,14,7869,,0.2857142857142857,0.5714285714285714,0.17037037037037037
159,159,D1: hide answer papers,Ridge,135,14,7869,10.0,0.35714285714285715,0.5714285714285714,0.14074074074074075
159,159,D1: hide answer papers,kNN k=5,135,14,7869,,0.35714285714285715,0.5,0.17037037037037037
160,160,as designed,v2,132,13,8013,,0.23076923076923078,0.5384615384615384,0.022727272727272728
160,160,as designed,Ridge,132,13,8013,10.0,0.23076923076923078,0.46153846153846156,0.09848484848484848
160,160,as designed,kNN k=5,132,13,8013,,0.15384615384615385,0.3076923076923077,0.2196969696969697
160,160,D1: hide answer papers,v2,132,13,7906,,0.07692307692307693,0.38461538461538464,0.3333333333333333
160,160,D1: hide answer papers,Ridge,132,13,7906,10.0,0.23076923076923078,0.38461538461538464,0.20454545454545456
160,160,D1: hide answer papers,kNN k=5,132,13,7906,,0.07692307692307693,0.23076923076923078,0.2196969696969697
161,161,as designed,v2,132,13,7894,,0.38461538461538464,0.5384615384615384,0.06060606060606061
161,161,as designed,Ridge,132,13,7894,10.0,0.3076923076923077,0.5384615384615384,0.20454545454545456
161,161,as designed,kNN k=5,132,13,7894,,0.38461538461538464,0.6153846153846154,0.07575757575757576
161,161,D1: hide answer papers,v2,132,13,7831,,0.3076923076923077,0.46153846153846156,0.07575757575757576
161,161,D1: hide answer papers,Ridge,132,13,7831,100.0,0.23076923076923078,0.5384615384615384,0.3181818181818182
161,161,D1: hide answer papers,kNN k=5,132,13,7831,,0.3076923076923077,0.5384615384615384,0.06818181818181818
162,162,as designed,v2,129,13,7582,,0.3076923076923077,0.46153846153846156,0.007751937984496124
162,162,as designed,Ridge,129,13,7582,10.0,0.38461538461538464,0.46153846153846156,0.06201550387596899
162,162,as designed,kNN k=5,129,13,7582,,0.3076923076923077,0.38461538461538464,0.11627906976744186
162,162,D1: hide answer papers,v2,129,13,7448,,0.3076923076923077,0.5384615384615384,0.007751937984496124
162,162,D1: hide answer papers,Ridge,129,13,7448,10.0,0.38461538461538464,0.5384615384615384,0.03875968992248062
162,162,D1: hide answer papers,kNN k=5,129,13,7448,,0.23076923076923078,0.38461538461538464,0.10852713178294573
163,163,as designed,v2,132,13,7790,,0.3076923076923077,0.46153846153846156,0.03787878787878788
163,163,as designed,Ridge,132,13,7790,0.1,0.23076923076923078,0.38461538461538464,0.3106060606060606
163,163,as designed,kNN k=5,132,13,7790,,0.3076923076923077,0.38461538461538464,0.06060606060606061
163,163,D1: hide answer papers,v2,132,13,7738,,0.15384615384615385,0.46153846153846156,0.045454545454545456
163,163,D1: hide answer papers,Ridge,132,13,7738,1.0,0.23076923076923078,0.38461538461538464,0.32575757575757575
163,163,D1: hide answer papers,kNN k=5,132,13,7738,,0.3076923076923077,0.3076923076923077,0.05303030303030303
164,164,as designed,v2,140,14,8111,,0.42857142857142855,0.5714285714285714,0.05
164,164,as designed,Ridge,140,14,8111,10.0,0.2857142857142857,0.5,0.20714285714285716
164,164,as designed,kNN k=5,140,14,8111,,0.2857142857142857,0.35714285714285715,0.22857142857142856
164,164,D1: hide answer papers,v2,140,14,8090,,0.42857142857142855,0.7857142857142857,0.08571428571428572
164,164,D1: hide answer papers,Ridge,140,14,8090,0.1,0.35714285714285715,0.5714285714285714,0.18571428571428572
164,164,D1: hide answer papers,kNN k=5,140,14,8090,,0.2857142857142857,0.35714285714285715,0.22857142857142856
165,165,as designed,v2,133,13,7756,,0.46153846153846156,0.6923076923076923,0.16541353383458646
165,165,as designed,Ridge,133,13,7756,10.0,0.3076923076923077,0.46153846153846156,0.12781954887218044
165,165,as designed,kNN k=5,133,13,7756,,0.15384615384615385,0.46153846153846156,0.19548872180451127
165,165,D1: hide answer papers,v2,133,13,7731,,0.38461538461538464,0.6923076923076923,0.19548872180451127
165,165,D1: hide answer papers,Ridge,133,13,7731,10.0,0.3076923076923077,0.46153846153846156,0.13533834586466165
165,165,D1: hide answer papers,kNN k=5,133,13,7731,,0.15384615384615385,0.46153846153846156,0.19548872180451127
166,166,as designed,v2,137,14,7531,,0.21428571428571427,0.5,0.145985401459854
166,166,as designed,Ridge,137,14,7531,10.0,0.21428571428571427,0.42857142857142855,0.12408759124087591
166,166,as designed,kNN k=5,137,14,7531,,0.35714285714285715,0.42857142857142855,0.072992700729927
166,166,D1: hide answer papers,v2,137,14,7457,,0.21428571428571427,0.5,0.1897810218978102
166,166,D1: hide answer papers,Ridge,137,14,7457,10.0,0.21428571428571427,0.5,0.11678832116788321
166,166,D1: hide answer papers,kNN k=5,137,14,7457,,0.35714285714285715,0.42857142857142855,0.072992700729927
167,167,as designed,v2,140,14,7856,,0.5,0.6428571428571429,0.02857142857142857
167,167,as designed,Ridge,140,14,7856,10.0,0.35714285714285715,0.6428571428571429,0.007142857142857143
167,167,as designed,kNN k=5,140,14,7856,,0.2857142857142857,0.5,0.2571428571428571
167,167,D1: hide answer papers,v2,140,14,7792,,0.42857142857142855,0.5714285714285714,0.014285714285714285
167,167,D1: hide answer papers,Ridge,140,14,7792,10.0,0.35714285714285715,0.6428571428571429,0.014285714285714285
167,167,D1: hide answer papers,kNN k=5,140,14,7792,,0.21428571428571427,0.42857142857142855,0.25
168,168,as designed,v2,135,14,7767,,0.5714285714285714,0.5714285714285714,0.007407407407407408
168,168,as designed,Ridge,135,14,7767,10.0,0.2857142857142857,0.5,0.1111111111111111
168,168,as designed,kNN k=5,135,14,7767,,0.21428571428571427,0.42857142857142855,0.014814814814814815
168,168,D1: hide answer papers,v2,135,14,7660,,0.35714285714285715,0.5,0.007407407407407408
168,168,D1: hide answer papers,Ridge,135,14,7660,10.0,0.2857142857142857,0.42857142857142855,0.1111111111111111
168,168,D1: hide answer papers,kNN k=5,135,14,7660,,0.2857142857142857,0.42857142857142855,0.014814814814814815
169,169,as designed,v2,137,14,7450,,0.35714285714285715,0.42857142857142855,0.06569343065693431
169,169,as designed,Ridge,137,14,7450,1.0,0.21428571428571427,0.42857142857142855,0.10948905109489052
169,169,as designed,kNN k=5,137,14,7450,,0.42857142857142855,0.5714285714285714,0.0364963503649635
169,169,D1: hide answer papers,v2,137,14,7311,,0.21428571428571427,0.35714285714285715,0.21897810218978103
169,169,D1: hide answer papers,Ridge,137,14,7311,10.0,0.21428571428571427,0.42857142857142855,0.2846715328467153
169,169,D1: hide answer papers,kNN k=5,137,14,7311,,0.35714285714285715,0.5714285714285714,0.029197080291970802
170,170,as designed,v2,136,14,7792,,0.42857142857142855,0.5714285714285714,0.007352941176470588
170,170,as designed,Ridge,136,14,7792,10.0,0.2857142857142857,0.42857142857142855,0.014705882352941176
170,170,as designed,kNN k=5,136,14,7792,,0.2857142857142857,0.6428571428571429,0.051470588235294115
170,170,D1: hide answer papers,v2,136,14,7650,,0.5,0.5714285714285714,0.029411764705882353
170,170,D1: hide answer papers,Ridge,136,14,7650,10.0,0.35714285714285715,0.42857142857142855,0.022058823529411766
170,170,D1: hide answer papers,kNN k=5,136,14,7650,,0.35714285714285715,0.6428571428571429,0.10294117647058823
171,171,as designed,v2,141,14,7794,,0.21428571428571427,0.5,0.014184397163120567
171,171,as designed,Ridge,141,14,7794,10.0,0.21428571428571427,0.42857142857142855,0.02127659574468085
171,171,as designed,kNN k=5,141,14,7794,,0.21428571428571427,0.42857142857142855,0.0425531914893617
171,171,D1: hide answer papers,v2,141,14,7709,,0.2857142857142857,0.5,0.09219858156028368
171,171,D1: hide answer papers,Ridge,141,14,7709,10.0,0.14285714285714285,0.42857142857142855,0.0851063829787234
171,171,D1: hide answer papers,kNN k=5,141,14,7709,,0.2857142857142857,0.5,0.028368794326241134
172,172,as designed,v2,138,14,7955,,0.35714285714285715,0.5714285714285714,0.007246376811594203
172,172,as designed,Ridge,138,14,7955,10.0,0.2857142857142857,0.5,0.028985507246376812
172,172,as designed,kNN k=5,138,14,7955,,0.2857142857142857,0.5,0.007246376811594203
172,172,D1: hide answer papers,v2,138,14,7836,,0.42857142857142855,0.6428571428571429,0.12318840579710146
172,172,D1: hide answer papers,Ridge,138,14,7836,10.0,0.2857142857142857,0.5,0.3115942028985507
172,172,D1: hide answer papers,kNN k=5,138,14,7836,,0.35714285714285715,0.5714285714285714,0.007246376811594203
173,173,as designed,v2,135,14,7581,,0.5,0.5714285714285714,0.08888888888888889
173,173,as designed,Ridge,135,14,7581,1.0,0.2857142857142857,0.42857142857142855,0.2518518518518518
173,173,as designed,kNN k=5,135,14,7581,,0.42857142857142855,0.5714285714285714,0.1037037037037037
173,173,D1: hide answer papers,v2,135,14,7444,,0.2857142857142857,0.5,0.14074074074074075
173,173,D1: hide answer papers,Ridge,135,14,7444,10.0,0.2857142857142857,0.35714285714285715,0.3925925925925926
173,173,D1: hide answer papers,kNN k=5,135,14,7444,,0.35714285714285715,0.5714285714285714,0.0962962962962963
174,174,as designed,v2,140,14,7905,,0.42857142857142855,0.5714285714285714,0.007142857142857143
174,174,as designed,Ridge,140,14,7905,10.0,0.35714285714285715,0.5,0.02142857142857143
174,174,as designed,kNN k=5,140,14,7905,,0.42857142857142855,0.5714285714285714,0.10714285714285714
174,174,D1: hide answer papers,v2,140,14,7739,,0.2857142857142857,0.6428571428571429,0.18571428571428572
174,174,D1: hide answer papers,Ridge,140,14,7739,10.0,0.35714285714285715,0.5,0.02142857142857143
174,174,D1: hide answer papers,kNN k=5,140,14,7739,,0.5,0.5714285714285714,0.09285714285714286
175,175,as designed,v2,137,14,7824,,0.42857142857142855,0.5714285714285714,0.21897810218978103
175,175,as designed,Ridge,137,14,7824,10.0,0.35714285714285715,0.6428571428571429,0.1678832116788321
175,175,as designed,kNN k=5,137,14,7824,,0.35714285714285715,0.35714285714285715,0.24817518248175183
175,175,D1: hide answer papers,v2,137,14,7758,,0.42857142857142855,0.5,0.21897810218978103
175,175,D1: hide answer papers,Ridge,137,14,7758,10.0,0.35714285714285715,0.5714285714285714,0.1897810218978102
175,175,D1: hide answer papers,kNN k=5,137,14,7758,,0.2857142857142857,0.35714285714285715,0.23357664233576642
176,176,as designed,v2,139,14,8012,,0.42857142857142855,0.6428571428571429,0.28776978417266186
176,176,as designed,Ridge,139,14,8012,10.0,0.35714285714285715,0.42857142857142855,0.23741007194244604
176,176,as designed,kNN k=5,139,14,8012,,0.35714285714285715,0.42857142857142855,0.2949640287769784
176,176,D1: hide answer papers,v2,139,14,7971,,0.42857142857142855,0.6428571428571429,0.2589928057553957
176,176,D1: hide answer papers,Ridge,139,14,7971,10.0,0.35714285714285715,0.42857142857142855,0.23741007194244604
176,176,D1: hide answer papers,kNN k=5,139,14,7971,,0.35714285714285715,0.5714285714285714,0.30935251798561153
177,177,as designed,v2,143,14,7787,,0.35714285714285715,0.7857142857142857,0.07692307692307693
177,177,as designed,Ridge,143,14,7787,10.0,0.2857142857142857,0.42857142857142855,0.2937062937062937
177,177,as designed,kNN k=5,143,14,7787,,0.35714285714285715,0.5,0.11188811188811189
177,177,D1: hide answer papers,v2,143,14,7749,,0.35714285714285715,0.6428571428571429,0.13286713286713286
177,177,D1: hide answer papers,Ridge,143,14,7749,10.0,0.2857142857142857,0.42857142857142855,0.3356643356643357
177,177,D1: hide answer papers,kNN k=5,143,14,7749,,0.35714285714285715,0.5,0.11188811188811189
178,178,as designed,v2,134,13,8190,,0.46153846153846156,0.6923076923076923,0.05970149253731343
178,178,as designed,Ridge,134,13,8190,1.0,0.3076923076923077,0.46153846153846156,0.291044776119403
178,178,as designed,kNN k=5,134,13,8190,,0.23076923076923078,0.46153846153846156,0.3805970149253731
178,178,D1: hide answer papers,v2,134,13,8106,,0.3076923076923077,0.46153846153846156,0.40298507462686567
178,178,D1: hide answer papers,Ridge,134,13,8106,10.0,0.3076923076923077,0.46153846153846156,0.3805970149253731
178,178,D1: hide answer papers,kNN k=5,134,13,8106,,0.23076923076923078,0.38461538461538464,0.35074626865671643
179,179,as designed,v2,136,14,7348,,0.42857142857142855,0.7142857142857143,0.11029411764705882
179,179,as designed,Ridge,136,14,7348,1.0,0.5,0.7142857142857143,0.14705882352941177
179,179,as designed,kNN k=5,136,14,7348,,0.35714285714285715,0.6428571428571429,0.18382352941176472
179,179,D1: hide answer papers,v2,136,14,7261,,0.42857142857142855,0.5,0.27205882352941174
179,179,D1: hide answer papers,Ridge,136,14,7261,1.0,0.5,0.7142857142857143,0.16176470588235295
179,179,D1: hide answer papers,kNN k=5,136,14,7261,,0.35714285714285715,0.5,0.22794117647058823
180,180,as designed,v2,128,13,7675,,0.3076923076923077,0.38461538461538464,0.015625
180,180,as designed,Ridge,128,13,7675,10.0,0.07692307692307693,0.5384615384615384,0.1171875
180,180,as designed,kNN k=5,128,13,7675,,0.38461538461538464,0.46153846153846156,0.1015625
180,180,D1: hide answer papers,v2,128,13,7571,,0.23076923076923078,0.46153846153846156,0.015625
180,180,D1: hide answer papers,Ridge,128,13,7571,10.0,0.15384615384615385,0.46153846153846156,0.1171875
180,180,D1: hide answer papers,kNN k=5,128,13,7571,,0.3076923076923077,0.38461538461538464,0.0859375
181,181,as designed,v2,135,14,8237,,0.5,0.6428571428571429,0.014814814814814815
181,181,as designed,Ridge,135,14,8237,1.0,0.42857142857142855,0.7142857142857143,0.044444444444444446
181,181,as designed,kNN k=5,135,14,8237,,0.35714285714285715,0.5714285714285714,0.16296296296296298
181,181,D1: hide answer papers,v2,135,14,8206,,0.5,0.6428571428571429,0.014814814814814815
181,181,D1: hide answer papers,Ridge,135,14,8206,10.0,0.42857142857142855,0.7142857142857143,0.037037037037037035
181,181,D1: hide answer papers,kNN k=5,135,14,8206,,0.21428571428571427,0.5714285714285714,0.15555555555555556
182,182,as designed,v2,129,13,7636,,0.6153846153846154,0.6923076923076923,0.05426356589147287
182,182,as designed,Ridge,129,13,7636,10.0,0.38461538461538464,0.7692307692307693,0.17829457364341086
182,182,as designed,kNN k=5,129,13,7636,,0.46153846153846156,0.6923076923076923,0.08527131782945736
182,182,D1: hide answer papers,v2,129,13,7584,,0.6153846153846154,0.7692307692307693,0.06201550387596899
182,182,D1: hide answer papers,Ridge,129,13,7584,10.0,0.38461538461538464,0.7692307692307693,0.1937984496124031
182,182,D1: hide answer papers,kNN k=5,129,13,7584,,0.46153846153846156,0.7692307692307693,0.10852713178294573
183,183,as designed,v2,131,13,7431,,0.15384615384615385,0.6153846153846154,0.183206106870229
183,183,as designed,Ridge,131,13,7431,10.0,0.3076923076923077,0.5384615384615384,0.10687022900763359
183,183,as designed,kNN k=5,131,13,7431,,0.23076923076923078,0.3076923076923077,0.03816793893129771
183,183,D1: hide answer papers,v2,131,13,7346,,0.07692307692307693,0.5384615384615384,0.2900763358778626
183,183,D1: hide answer papers,Ridge,131,13,7346,10.0,0.3076923076923077,0.5384615384615384,0.10687022900763359
183,183,D1: hide answer papers,kNN k=5,131,13,7346,,0.23076923076923078,0.3076923076923077,0.03816793893129771
184,184,as designed,v2,136,14,7647,,0.2857142857142857,0.42857142857142855,0.022058823529411766
184,184,as designed,Ridge,136,14,7647,10.0,0.2857142857142857,0.42857142857142855,0.08823529411764706
184,184,as designed,kNN k=5,136,14,7647,,0.14285714285714285,0.35714285714285715,0.0661764705882353
184,184,D1: hide answer papers,v2,136,14,7517,,0.14285714285714285,0.35714285714285715,0.15441176470588236
184,184,D1: hide answer papers,Ridge,136,14,7517,10.0,0.2857142857142857,0.35714285714285715,0.19852941176470587
184,184,D1: hide answer papers,kNN k=5,136,14,7517,,0.07142857142857142,0.35714285714285715,0.03676470588235294
185,185,as designed,v2,136,14,7887,,0.6428571428571429,0.6428571428571429,0.03676470588235294
185,185,as designed,Ridge,136,14,7887,10.0,0.35714285714285715,0.42857142857142855,0.03676470588235294
185,185,as designed,kNN k=5,136,14,7887,,0.21428571428571427,0.42857142857142855,0.16176470588235295
185,185,D1: hide answer papers,v2,136,14,7785,,0.42857142857142855,0.5714285714285714,0.5367647058823529
185,185,D1: hide answer papers,Ridge,136,14,7785,10.0,0.42857142857142855,0.5,0.09558823529411764
185,185,D1: hide answer papers,kNN k=5,136,14,7785,,0.14285714285714285,0.35714285714285715,0.14705882352941177
186,186,as designed,v2,138,14,7507,,0.35714285714285715,0.6428571428571429,0.007246376811594203
186,186,as designed,Ridge,138,14,7507,10.0,0.35714285714285715,0.7142857142857143,0.028985507246376812
186,186,as designed,kNN k=5,138,14,7507,,0.2857142857142857,0.5,0.10144927536231885
186,186,D1: hide answer papers,v2,138,14,7386,,0.35714285714285715,0.5714285714285714,0.2826086956521739
186,186,D1: hide answer papers,Ridge,138,14,7386,10.0,0.35714285714285715,0.7142857142857143,0.06521739130434782
186,186,D1: hide answer papers,kNN k=5,138,14,7386,,0.2857142857142857,0.5,0.10869565217391304
187,187,as designed,v2,138,14,7799,,0.35714285714285715,0.6428571428571429,0.007246376811594203
187,187,as designed,Ridge,138,14,7799,10.0,0.2857142857142857,0.6428571428571429,0.15217391304347827
187,187,as designed,kNN k=5,138,14,7799,,0.21428571428571427,0.42857142857142855,0.08695652173913043
187,187,D1: hide answer papers,v2,138,14,7692,,0.2857142857142857,0.5714285714285714,0.16666666666666666
187,187,D1: hide answer papers,Ridge,138,14,7692,10.0,0.35714285714285715,0.6428571428571429,0.17391304347826086
187,187,D1: hide answer papers,kNN k=5,138,14,7692,,0.14285714285714285,0.42857142857142855,0.11594202898550725
188,188,as designed,v2,128,13,7667,,0.3076923076923077,0.6153846153846154,0.171875
188,188,as designed,Ridge,128,13,7667,10.0,0.46153846153846156,0.6923076923076923,0.0625
188,188,as designed,kNN k=5,128,13,7667,,0.15384615384615385,0.38461538461538464,0.3125
188,188,D1: hide answer papers,v2,128,13,7598,,0.38461538461538464,0.6153846153846154,0.859375
188,188,D1: hide answer papers,Ridge,128,13,7598,10.0,0.46153846153846156,0.6153846153846154,0.078125
188,188,D1: hide answer papers,kNN k=5,128,13,7598,,0.15384615384615385,0.3076923076923077,0.3203125
189,189,as designed,v2,127,13,7906,,0.38461538461538464,0.5384615384615384,0.09448818897637795
189,189,as designed,Ridge,127,13,7906,0.1,0.23076923076923078,0.5384615384615384,0.08661417322834646
189,189,as designed,kNN k=5,127,13,7906,,0.23076923076923078,0.6923076923076923,0.14173228346456693
189,189,D1: hide answer papers,v2,127,13,7898,,0.23076923076923078,0.5384615384615384,0.11023622047244094
189,189,D1: hide answer papers,Ridge,127,13,7898,0.1,0.23076923076923078,0.5384615384615384,0.08661417322834646
189,189,D1: hide answer papers,kNN k=5,127,13,7898,,0.23076923076923078,0.6923076923076923,0.14173228346456693
190,190,as designed,v2,141,14,8020,,0.2857142857142857,0.42857142857142855,0.16312056737588654
190,190,as designed,Ridge,141,14,8020,10.0,0.21428571428571427,0.42857142857142855,0.2198581560283688
190,190,as designed,kNN k=5,141,14,8020,,0.2857142857142857,0.42857142857142855,0.2765957446808511
190,190,D1: hide answer papers,v2,141,14,7885,,0.2857142857142857,0.42857142857142855,0.1773049645390071
190,190,D1: hide answer papers,Ridge,141,14,7885,10.0,0.21428571428571427,0.35714285714285715,0.2765957446808511
190,190,D1: hide answer papers,kNN k=5,141,14,7885,,0.2857142857142857,0.35714285714285715,0.2695035460992908
191,191,as designed,v2,136,14,7894,,0.5,0.7857142857142857,0.19852941176470587
191,191,as designed,Ridge,136,14,7894,10.0,0.35714285714285715,0.6428571428571429,0.13970588235294118
191,191,as designed,kNN k=5,136,14,7894,,0.21428571428571427,0.35714285714285715,0.35294117647058826
191,191,D1: hide answer papers,v2,136,14,7695,,0.42857142857142855,0.7857142857142857,0.19117647058823528
191,191,D1: hide answer papers,Ridge,136,14,7695,10.0,0.35714285714285715,0.5,0.23529411764705882
191,191,D1: hide answer papers,kNN k=5,136,14,7695,,0.14285714285714285,0.2857142857142857,0.34558823529411764
192,192,as designed,v2,137,14,7823,,0.2857142857142857,0.35714285714285715,0.0364963503649635
192,192,as designed,Ridge,137,14,7823,10.0,0.14285714285714285,0.35714285714285715,0.10948905109489052
192,192,as designed,kNN k=5,137,14,7823,,0.35714285714285715,0.5,0.014598540145985401
192,192,D1: hide answer papers,v2,137,14,7730,,0.2857142857142857,0.2857142857142857,0.0072992700729927005
192,192,D1: hide answer papers,Ridge,137,14,7730,10.0,0.14285714285714285,0.35714285714285715,0.10948905109489052
192,192,D1: hide answer papers,kNN k=5,137,14,7730,,0.2857142857142857,0.42857142857142855,0.0072992700729927005
193,193,as designed,v2,139,14,7743,,0.42857142857142855,0.6428571428571429,0.1079136690647482
193,193,as designed,Ridge,139,14,7743,10.0,0.5,0.7142857142857143,0.07194244604316546
193,193,as designed,kNN k=5,139,14,7743,,0.2857142857142857,0.5,0.10071942446043165
193,193,D1: hide answer papers,v2,139,14,7622,,0.35714285714285715,0.5714285714285714,0.6690647482014388
193,193,D1: hide answer papers,Ridge,139,14,7622,10.0,0.5,0.7142857142857143,0.09352517985611511
193,193,D1: hide answer papers,kNN k=5,139,14,7622,,0.21428571428571427,0.5714285714285714,0.09352517985611511
194,194,as designed,v2,131,13,7687,,0.38461538461538464,0.46153846153846156,0.022900763358778626
194,194,as designed,Ridge,131,13,7687,0.1,0.23076923076923078,0.46153846153846156,0.1297709923664122
194,194,as designed,kNN k=5,131,13,7687,,0.15384615384615385,0.23076923076923078,0.24427480916030533
194,194,D1: hide answer papers,v2,131,13,7606,,0.3076923076923077,0.38461538461538464,0.06870229007633588
194,194,D1: hide answer papers,Ridge,131,13,7606,1.0,0.15384615384615385,0.23076923076923078,0.3053435114503817
194,194,D1: hide answer papers,kNN k=5,131,13,7606,,0.15384615384615385,0.23076923076923078,0.24427480916030533
195,195,as designed,v2,132,13,7719,,0.38461538461538464,0.6153846153846154,0.13636363636363635
195,195,as designed,Ridge,132,13,7719,0.1,0.3076923076923077,0.6153846153846154,0.14393939393939395
195,195,as designed,kNN k=5,132,13,7719,,0.15384615384615385,0.5384615384615384,0.11363636363636363
195,195,D1: hide answer papers,v2,132,13,7614,,0.23076923076923078,0.5384615384615384,0.13636363636363635
195,195,D1: hide answer papers,Ridge,132,13,7614,10.0,0.3076923076923077,0.5384615384615384,0.12878787878787878
195,195,D1: hide answer papers,kNN k=5,132,13,7614,,0.15384615384615385,0.5384615384615384,0.1590909090909091
196,196,as designed,v2,129,13,7766,,0.38461538461538464,0.6153846153846154,0.015503875968992248
196,196,as designed,Ridge,129,13,7766,0.1,0.38461538461538464,0.5384615384615384,0.03875968992248062
196,196,as designed,kNN k=5,129,13,7766,,0.38461538461538464,0.5384615384615384,0.07751937984496124
196,196,D1: hide answer papers,v2,129,13,7730,,0.38461538461538464,0.6153846153846154,0.046511627906976744
196,196,D1: hide answer papers,Ridge,129,13,7730,0.1,0.38461538461538464,0.46153846153846156,0.03875968992248062
196,196,D1: hide answer papers,kNN k=5,129,13,7730,,0.3076923076923077,0.5384615384615384,0.07751937984496124
197,197,as designed,v2,139,14,7895,,0.42857142857142855,0.7142857142857143,0.050359712230215826
197,197,as designed,Ridge,139,14,7895,10.0,0.2857142857142857,0.5714285714285714,0.06474820143884892
197,197,as designed,kNN k=5,139,14,7895,,0.2857142857142857,0.5714285714285714,0.302158273381295
197,197,D1: hide answer papers,v2,139,14,7809,,0.2857142857142857,0.5714285714285714,0.05755395683453238
197,197,D1: hide answer papers,Ridge,139,14,7809,10.0,0.2857142857142857,0.5714285714285714,0.07194244604316546
197,197,D1: hide answer papers,kNN k=5,139,14,7809,,0.21428571428571427,0.5,0.26618705035971224
198,198,as designed,v2,133,13,7987,,0.46153846153846156,0.7692307692307693,0.05263157894736842
198,198,as designed,Ridge,133,13,7987,0.1,0.38461538461538464,0.5384615384615384,0.06015037593984962
198,198,as designed,kNN k=5,133,13,7987,,0.38461538461538464,0.5384615384615384,0.2932330827067669
198,198,D1: hide answer papers,v2,133,13,7827,,0.38461538461538464,0.6153846153846154,0.6090225563909775
198,198,D1: hide answer papers,Ridge,133,13,7827,1.0,0.23076923076923078,0.5384615384615384,0.20300751879699247
198,198,D1: hide answer papers,kNN k=5,133,13,7827,,0.23076923076923078,0.46153846153846156,0.2857142857142857
199,199,as designed,v2,134,13,8021,,0.46153846153846156,0.7692307692307693,0.007462686567164179
199,199,as designed,Ridge,134,13,8021,10.0,0.38461538461538464,0.6153846153846154,0.15671641791044777
199,199,as designed,kNN k=5,134,13,8021,,0.23076923076923078,0.46153846153846156,0.3582089552238806
199,199,D1: hide answer papers,v2,134,13,7972,,0.3076923076923077,0.6153846153846154,0.22388059701492538
199,199,D1: hide answer papers,Ridge,134,13,7972,10.0,0.38461538461538464,0.5384615384615384,0.23134328358208955
199,199,D1: hide answer papers,kNN k=5,134,13,7972,,0.23076923076923078,0.38461538461538464,0.34328358208955223
