rep,subset,method,n_candidates,skipped,spearman,gain
-1,all,lgbm,146,False,0.4418246845266212,1.4430349184182738
-1,all,ridge,146,False,0.39134123181629765,1.5413878736155198
-1,all,lgbm_process,146,False,0.3963197789709832,1.8454742662385435
-1,all,knn,146,False,0.2929379604566416,1.4722729776145744
-1,unseen,lgbm,45,False,0.38445322793148873,0.974352669831454
-1,unseen,ridge,45,False,0.4014492753623188,2.109620526974311
-1,unseen,lgbm_process,45,False,0.42661396574440047,0.6923282133097146
-1,unseen,knn,45,False,0.2636624185223922,-1.48640310747947
0,all,lgbm,91,False,0.5321648836038503,2.0036664634176233
0,all,ridge,91,False,0.48124892996451674,3.3924147860733456
0,all,lgbm_process,91,False,0.4066507670472074,1.423158903750691
0,all,knn,91,False,0.32468572145656693,1.6523779177495435
0,unseen,lgbm,22,False,0.5731225296442689,1.5325372227645992
0,unseen,ridge,22,False,0.6013551665725579,3.8393427783201535
0,unseen,lgbm_process,22,False,0.6555618294748731,4.401613309721119
0,unseen,knn,22,False,0.37662337662337664,0.14504479852217678
1,all,lgbm,97,False,0.41187144961077216,1.953327574890272
1,all,ridge,97,False,0.33207973911213967,2.4662991994850874
1,all,lgbm_process,97,False,0.305188828108563,1.1519088654106788
1,all,knn,97,False,0.23592923576930588,1.0949041727471158
1,unseen,lgbm,19,False,0.4719298245614035,4.9596427326688275
1,unseen,ridge,19,False,0.4245614035087719,3.126392732668828
1,unseen,lgbm_process,19,False,0.5894736842105263,4.9596427326688275
1,unseen,knn,19,False,0.18341379562965102,-1.2828156006645077
2,all,lgbm,99,False,0.4547062461348175,1.5865456822302395
2,all,ridge,99,False,0.4604081632653061,2.135864261487244
2,all,lgbm_process,99,False,0.3759925788497217,1.6597362724631903
2,all,knn,99,False,0.2632145399743943,0.7789583448361999
2,unseen,lgbm,22,False,0.011857707509881424,-1.078692889273162
2,unseen,ridge,22,False,0.36645962732919257,1.4832924048444855
2,unseen,lgbm_process,22,False,0.17447769621682668,2.529131445940374
2,unseen,knn,22,False,0.057610846691563806,-2.5696928892731616
3,all,lgbm,99,False,0.4407297464440321,1.0946719092036599
3,all,ridge,99,False,0.4099319727891156,1.1261380577769113
3,all,lgbm_process,99,False,0.37502782931354356,2.3495776525580716
3,all,knn,99,False,0.19191934922927018,1.5049189789541977
3,unseen,lgbm,21,False,0.5155844155844156,2.6529717884333746
3,unseen,ridge,21,False,0.525974025974026,4.119069614520333
3,unseen,lgbm_process,21,False,0.5597402597402598,3.985533900234616
3,unseen,knn,21,False,0.32727272727272727,0.14005512176670898
4,all,lgbm,100,False,0.3803060306030603,1.5293576833223046
4,all,ridge,100,False,0.45057305730573055,1.9415032267015206
4,all,lgbm_process,100,False,0.28488448844884484,2.585938762137806
4,all,knn,100,False,0.24494021409439914,0.755420543605938
4,unseen,lgbm,27,False,0.427960927960928,3.443646561733857
4,unseen,ridge,27,False,0.4377289377289378,4.675797099368268
4,unseen,lgbm_process,27,False,0.37484737484737485,4.914908210479375
4,unseen,knn,27,False,-0.004274156667107572,-1.7499917824927227
5,all,lgbm,93,False,0.30806302408164477,0.41924424312767883
5,all,ridge,93,False,0.3482289397511265,0.8392438610124948
5,all,lgbm_process,93,False,0.24594909134314102,0.5127083948662801
5,all,knn,93,False,0.24419324998224656,0.893060750702432
5,unseen,lgbm,26,False,0.3668376068376068,-1.445622526207341
5,unseen,ridge,26,False,0.3634188034188034,0.11993302934821415
5,unseen,lgbm_process,26,False,0.44341880341880335,-0.25633553868505743
5,unseen,knn,26,False,0.3504273504273504,-0.43214884199681336
6,all,lgbm,103,False,0.41927689671835877,1.6913633610000467
6,all,ridge,103,False,0.46470148925888505,2.729303883557657
6,all,lgbm_process,103,False,0.31719237358871855,0.851345052260081
6,all,knn,103,False,0.23175671132426287,0.7700553062855438
6,unseen,lgbm,28,False,0.33169129720853857,0.4182204734818704
6,unseen,ridge,28,False,0.3940886699507389,2.589053806815203
6,unseen,lgbm_process,28,False,0.4488232074438971,0.04516064442204204
6,unseen,knn,28,False,0.14754996446639065,-1.2288631651017674
7,all,lgbm,100,False,0.4381038103810381,1.00412015719977
7,all,ridge,100,False,0.32523252325232527,2.2814959555096497
7,all,lgbm_process,100,False,0.32908490849084904,1.186261784461399
7,all,knn,100,False,0.2016371516609741,2.0505215571886737
7,unseen,lgbm,26,False,0.25606837606837607,-0.3593716459257177
7,unseen,ridge,26,False,0.22119658119658114,3.1805140683599955
7,unseen,lgbm_process,26,False,0.24307692307692305,0.63784740169333
7,unseen,knn,26,False,0.009230769230769232,-1.3990383125923849
8,all,lgbm,93,False,0.47526185431649304,1.2189634453159854
8,all,ridge,93,False,0.4069708453940496,1.6255810282011023
8,all,lgbm_process,93,False,0.3738175524454656,1.185939223906626
8,all,knn,93,False,0.26865237610366716,1.606375789525016
8,unseen,lgbm,20,False,0.34586466165413526,1.9278361113119526
8,unseen,ridge,20,False,0.2781954887218045,2.9598490983249395
8,unseen,lgbm_process,20,False,0.44060150375939844,2.230452963059241
8,unseen,knn,20,False,0.1910492801523226,-0.9448208935189637
9,all,lgbm,89,False,0.28003064351378965,0.6356151346110526
9,all,ridge,89,False,0.2890704800817161,1.5670856991639663
9,all,lgbm_process,89,False,0.20772897514470548,1.1187206159726042
9,all,knn,89,False,0.1706492784299638,0.776695619355614
9,unseen,lgbm,17,False,0.18872549019607845,-0.8945704574952593
9,unseen,ridge,17,False,0.26470588235294124,0.004143828219028478
9,unseen,lgbm_process,17,False,0.2303921568627451,0.9088009710761682
9,unseen,knn,17,False,-0.029411764705882353,-0.35907442574922754
10,all,lgbm,102,False,0.47581862697977395,1.317247814212413
10,all,ridge,102,False,0.4796636716784186,2.7118291683592215
10,all,lgbm_process,102,False,0.38280247213756213,0.7857430247613237
10,all,knn,102,False,0.42794940155845285,2.5631777619231766
10,unseen,lgbm,23,False,0.3735177865612649,0.7186518880658017
10,unseen,ridge,23,False,0.4575098814229249,-0.4006814452675318
10,unseen,lgbm_process,23,False,0.5079051383399209,0.25381130835565635
10,unseen,knn,23,False,0.42094861660079047,-0.009328195791640681
11,all,lgbm,93,False,0.31898481095759595,-0.18643055338050374
11,all,ridge,93,False,0.2738652979618632,0.9178673553043541
11,all,lgbm_process,93,False,0.20074005550416277,1.408990588205743
11,all,knn,93,False,0.05913491152648974,1.008143208750928
11,unseen,lgbm,18,False,-0.04643962848297213,-2.044642556955715
11,unseen,ridge,18,False,-0.054695562435500514,1.5400836013888668
11,unseen,lgbm_process,18,False,0.04437564499484004,0.564935220822063
11,unseen,knn,18,False,-0.12074303405572755,-2.270267556955714
12,all,lgbm,97,False,0.4183804965285083,1.829948318632848
12,all,ridge,97,False,0.4067694087944455,1.9991939583131177
12,all,lgbm_process,97,False,0.3570902587839259,1.2826782803135828
12,all,knn,97,False,0.21105375838248103,1.5136285303519301
12,unseen,lgbm,28,False,0.6332785987958401,2.6786944407380453
12,unseen,ridge,28,False,0.5079365079365079,3.239591876635483
12,unseen,lgbm_process,28,False,0.6168582375478927,2.7390891417160823
12,unseen,knn,28,False,0.30901875203850987,-0.6042222259286181
13,all,lgbm,103,False,0.3681742301102667,0.7949632132635536
13,all,ridge,103,False,0.40617449369591,0.9093551653059695
13,all,lgbm_process,103,False,0.29680923211362625,1.6262962209201373
13,all,knn,103,False,0.2872253385905382,1.588966970543753
13,unseen,lgbm,20,False,0.20751879699248119,-1.3074420255282213
13,unseen,ridge,20,False,0.1609022556390977,0.5404329744717806
13,unseen,lgbm_process,20,False,0.14285714285714285,0.7840185007875675
13,unseen,knn,20,False,0.14887218045112782,-0.5018071048932988
14,all,lgbm,91,False,0.3777990125816213,1.9085385285107037
14,all,ridge,91,False,0.3626851409460105,1.6094719759637606
14,all,lgbm_process,91,False,0.37857939162286985,1.1511563235973608
14,all,knn,91,False,0.25195013186171855,1.5255365930192983
14,unseen,lgbm,22,False,0.36984754376058726,5.533304601837553
14,unseen,ridge,22,False,0.3901750423489555,4.399304601837557
14,unseen,lgbm_process,22,False,0.5460191981931113,3.524395510928464
14,unseen,knn,22,False,-0.05477131564088086,-0.7165257553053017
15,all,lgbm,100,False,0.4379717971797179,1.8390609964009208
15,all,ridge,100,False,0.48324032403240313,1.7719911432995623
15,all,lgbm_process,100,False,0.3428142814281428,1.415162018693696
15,all,knn,100,False,0.21774459875934177,0.9642457506998401
15,unseen,lgbm,26,False,0.2321367521367521,0.4596841410474024
15,unseen,ridge,26,False,0.4256410256410256,1.5612249969091447
15,unseen,lgbm_process,26,False,0.377094017094017,2.9233205511689526
15,unseen,knn,26,False,0.0338577311182031,-2.523508980645717
16,all,lgbm,97,False,0.40861169462828173,1.3775902503184572
16,all,ridge,97,False,0.35137134234930545,0.6700800007640915
16,all,lgbm_process,97,False,0.27758966435451526,1.7111003035195935
16,all,knn,97,False,0.19226533217519926,1.6445303072719533
16,unseen,lgbm,25,False,0.3215384615384615,-1.5100883869220372
16,unseen,ridge,25,False,0.25076923076923074,1.114911613077961
16,unseen,lgbm_process,25,False,0.061538461538461535,-1.5100883869220372
16,unseen,knn,25,False,0.052307692307692305,-0.9204946369220384
17,all,lgbm,104,False,0.49519897578150013,2.178092874170787
17,all,ridge,104,False,0.49164621785981016,2.0805881575427545
17,all,lgbm_process,104,False,0.36666053200955134,1.825661353849899
17,all,knn,104,False,0.34442470652687684,2.0474595512618485
17,unseen,lgbm,23,False,0.48122529644268774,4.4026053501148645
17,unseen,ridge,23,False,0.4258893280632411,2.7878553501148637
17,unseen,lgbm_process,23,False,0.3339920948616601,1.307438683448197
17,unseen,knn,23,False,0.291501976284585,-1.8089675665518037
18,all,lgbm,96,False,0.4147449810092241,1.4448558634055804
18,all,ridge,96,False,0.37086272381985896,0.9954422914781915
18,all,lgbm_process,96,False,0.25971242539338035,0.9345348547180219
18,all,knn,96,False,0.14211001264404197,0.7933060613427863
18,unseen,lgbm,22,False,0.6307171089779786,2.059745281225215
18,unseen,ridge,22,False,0.40033879164313946,0.21128813836807403
18,unseen,lgbm_process,22,False,0.36871823828345573,0.8353176950183201
18,unseen,knn,22,False,0.16210110784783152,-0.735082304981681
19,all,lgbm,98,False,0.41157418918832755,1.1579285516498725
19,all,ridge,98,False,0.4011182729886706,1.8779640095253338
19,all,lgbm_process,98,False,0.32750607271962195,1.5335311971763925
19,all,knn,98,False,0.29056107039433876,1.9395204892335656
19,unseen,lgbm,25,False,0.26,-1.5623346234647695
19,unseen,ridge,25,False,0.26692307692307693,0.24672787653523187
19,unseen,lgbm_process,25,False,0.2630769230769231,1.1003642401715936
19,unseen,knn,25,False,0.11384615384615385,-0.28943595962860513
20,all,lgbm,96,False,0.47915084102007593,1.3035744059829835
20,all,ridge,96,False,0.42873033098209445,1.6082161574667904
20,all,lgbm_process,96,False,0.41163863266413453,1.307596885295684
20,all,knn,96,False,0.3520278406018605,1.8854983250594906
20,unseen,lgbm,22,False,0.4138904573687183,1.9524498810458706
20,unseen,ridge,22,False,0.4488989271597968,1.9524498810458706
20,unseen,lgbm_process,22,False,0.4861660079051384,2.2455748810458704
20,unseen,knn,22,False,0.3969508752117449,-0.4017255518545628
21,all,lgbm,104,False,0.42730182438920306,1.175478563306152
21,all,ridge,104,False,0.4026672356769445,1.302385638840713
21,all,lgbm_process,104,False,0.33569828230022414,1.6513794713390784
21,all,knn,104,False,0.2641068550135514,0.8996466364618865
21,unseen,lgbm,24,False,0.37913043478260866,-0.29335457401771414
21,unseen,ridge,24,False,0.38434782608695645,1.6545965538018361
21,unseen,lgbm_process,24,False,0.41913043478260864,1.9335448968817577
21,unseen,knn,24,False,-0.02608695652173913,-0.29335457401771414
22,all,lgbm,99,False,0.2950278293135436,0.8127550769759786
22,all,ridge,99,False,0.326617192331478,1.3011890295043589
22,all,lgbm_process,99,False,0.2637732336847294,1.5551852355800442
22,all,knn,99,False,0.21214033238015634,1.4486628448707943
22,unseen,lgbm,26,False,0.17333333333333334,-0.6042610711140846
22,unseen,ridge,26,False,0.2492307692307692,1.8799055955525823
22,unseen,lgbm_process,26,False,0.2341880341880342,-0.6042610711140846
22,unseen,knn,26,False,0.04513592132987359,-1.7117774069794756
23,all,lgbm,99,False,0.41428571428571426,2.122235126036271
23,all,ridge,99,False,0.450204081632653,1.9101675218018883
23,all,lgbm_process,99,False,0.3573160173160173,2.2990497280355893
23,all,knn,99,False,0.23832466509089764,1.7255671164044113
23,unseen,lgbm,27,False,0.398046398046398,2.9931387841686217
23,unseen,ridge,27,False,0.5805860805860806,3.010373384817015
23,unseen,lgbm_process,27,False,0.5451770451770451,3.8400180424702697
23,unseen,knn,27,False,0.200610696374836,0.42538439820370755
24,all,lgbm,104,False,0.49636854894167004,1.7106318206881568
24,all,ridge,104,False,0.4540500748177754,1.7169878901000892
24,all,lgbm_process,104,False,0.41342263262345025,2.132409995985922
24,all,knn,104,False,0.3324886116536451,1.7070782646352782
24,unseen,lgbm,24,False,0.6713043478260868,1.1553331912652567
24,unseen,ridge,24,False,0.571304347826087,3.1556189055509734
24,unseen,lgbm_process,24,False,0.6078260869565217,1.1553331912652567
24,unseen,knn,24,False,0.4260869565217391,-0.12495252302045401
25,all,lgbm,101,False,0.466371578334304,1.6224705646402668
25,all,ridge,101,False,0.44703552708211997,1.7046835617765286
25,all,lgbm_process,101,False,0.4110437130003246,1.1885675282448656
25,all,knn,101,False,0.3069077422884128,1.8514539593613986
25,unseen,lgbm,23,False,0.45158102766798425,-1.6210173882952184
25,unseen,ridge,23,False,0.49209486166007904,-0.27099466102249004
25,unseen,lgbm_process,23,False,0.4446640316205534,-1.1414113276891555
25,unseen,knn,23,False,0.14723320158102768,-0.587100721628552
26,all,lgbm,104,False,0.397844873573029,1.4261910891530007
26,all,ridge,104,False,0.3858743198549024,1.7379832135161664
26,all,lgbm_process,104,False,0.35232676925007766,2.138072537625124
26,all,knn,104,False,0.1969376878474931,1.2100022214280077
26,unseen,lgbm,28,False,0.13738368910782706,0.08289212832511517
26,unseen,ridge,28,False,0.2326217843459223,1.3342093326261892
26,unseen,lgbm_process,28,False,0.3371647509578544,1.5408002417171005
26,unseen,knn,28,False,0.1535513905169212,0.21479689022987714
27,all,lgbm,98,False,0.44448482298261377,1.812983009229029
27,all,ridge,98,False,0.3834197221531536,1.4190744619212161
27,all,lgbm_process,98,False,0.3234777508248902,0.728753437564361
27,all,knn,98,False,0.3353609170919868,1.153553066256336
27,unseen,lgbm,27,False,0.37362637362637363,0.6410582962511349
27,unseen,ridge,27,False,0.3882783882783883,2.7482011533939907
27,unseen,lgbm_process,27,False,0.3675213675213675,0.10027568755548444
27,unseen,knn,27,False,0.3770416774198464,-0.38413953924670174
28,all,lgbm,104,False,0.4283793876026887,2.4872005179275067
28,all,ridge,104,False,0.4382161527792596,1.8487910337497127
28,all,lgbm_process,104,False,0.3426544329456951,1.284793542347101
28,all,knn,104,False,0.24271622114367372,0.734182781610766
28,unseen,lgbm,24,False,0.3217391304347825,1.8504626295702025
28,unseen,ridge,24,False,0.39739130434782605,1.3229626295702026
28,unseen,lgbm_process,24,False,0.4756521739130434,0.7871731558859913
28,unseen,knn,24,False,0.3492063574615061,-0.0666867210791473
29,all,lgbm,102,False,0.46437396452380814,2.333158286789457
29,all,ridge,102,False,0.48509197007650506,2.623879535916574
29,all,lgbm_process,102,False,0.3339930223747675,1.0815354875201155
29,all,knn,102,False,0.2933545243531226,1.8912458946548156
29,unseen,lgbm,24,False,0.7686956521739129,4.122043070378789
29,unseen,ridge,24,False,0.7452173913043478,2.893126403712122
29,unseen,lgbm_process,24,False,0.7478260869565216,2.7103764037121234
29,unseen,knn,24,False,0.4408695652173913,0.9871705213591841
30,all,lgbm,98,False,0.40105451740208725,1.7463620136533873
30,all,ridge,98,False,0.3679908702000012,2.1691557731963407
30,all,lgbm_process,98,False,0.2815637970277145,0.8641310274430971
30,all,knn,98,False,0.22604154814736527,0.6058227741199662
30,unseen,lgbm,24,False,0.48869565217391303,1.0815606255365786
30,unseen,ridge,24,False,0.45739130434782604,3.6929891969651507
30,unseen,lgbm_process,24,False,0.4626086956521739,3.1572749112508625
30,unseen,knn,24,False,0.20956521739130432,-1.3257619551085824
31,all,lgbm,106,False,0.40344712055729337,1.5178001668535401
31,all,ridge,106,False,0.357821391595945,2.0324041934027512
31,all,lgbm_process,106,False,0.2956056911388324,2.0884065507559537
31,all,knn,106,False,0.14244218305202164,0.8410580337071707
31,unseen,lgbm,23,False,0.021739130434782608,1.5265657224308562
31,unseen,ridge,23,False,0.21541501976284588,4.151565722430853
31,unseen,lgbm_process,23,False,0.14130434782608697,-0.2322199918548602
31,unseen,knn,23,False,-0.06375092855851729,-2.3783964624430958
32,all,lgbm,95,False,0.416419372900336,1.2718971312323113
32,all,ridge,95,False,0.41791713325867863,1.306244801630525
32,all,lgbm_process,95,False,0.2733622620380739,0.09969184138218878
32,all,knn,95,False,0.2839523902477592,1.0401329898749516
32,unseen,lgbm,23,False,0.10968379446640317,-0.7364435904027555
32,unseen,ridge,23,False,0.2816205533596838,-0.7364435904027555
32,unseen,lgbm_process,23,False,0.23517786561264822,-1.8969360146451795
32,unseen,knn,23,False,0.1818631140273981,0.010531199513209799
33,all,lgbm,99,False,0.3578478664192949,1.5884672704813667
33,all,ridge,99,False,0.36331478045763765,1.3949791937251934
33,all,lgbm_process,99,False,0.31694495980210263,0.7509611244277394
33,all,knn,99,False,0.31373058466115367,1.086698888791224
33,unseen,lgbm,23,False,0.2391304347826087,1.0337009893071833
33,unseen,ridge,23,False,0.2124505928853755,1.0337009893071833
33,unseen,lgbm_process,23,False,0.24011857707509882,1.0337009893071833
33,unseen,knn,23,False,0.22134387351778656,1.085683132164327
34,all,lgbm,98,False,0.46487385957194494,1.5464865424461234
34,all,ridge,98,False,0.4918679749313033,1.9838262468258527
34,all,lgbm_process,98,False,0.3912871615375297,1.9347127773447994
34,all,knn,98,False,0.23241089247904193,2.432690597593151
34,unseen,lgbm,27,False,0.3827838827838828,0.7951767519165482
34,unseen,ridge,27,False,0.4652014652014652,1.6519810505590833
34,unseen,lgbm_process,27,False,0.42002442002442003,2.252736735813489
34,unseen,knn,27,False,0.10927960927960927,-0.3981565814167851
35,all,lgbm,106,False,0.4384563065219035,1.2627553058617895
35,all,ridge,106,False,0.38794367332544016,1.1583575127776857
35,all,lgbm_process,106,False,0.3633977378643222,0.8874545837150638
35,all,knn,106,False,0.28859938229205495,1.3909663451841734
35,unseen,lgbm,27,False,0.17155067155067155,0.584712620822744
35,unseen,ridge,27,False,0.1288156288156288,1.7862038488929208
35,unseen,lgbm_process,27,False,0.3003663003663003,0.29886940606648515
35,unseen,knn,27,False,0.06654456654456653,-1.7081813185711958
36,all,lgbm,95,False,0.35880459126539754,1.5355237281322989
36,all,ridge,95,False,0.37068868980963054,1.766083446213079
36,all,lgbm_process,95,False,0.27399216125419934,1.643707913390097
36,all,knn,95,False,0.19433419685286776,1.2248769253337173
36,unseen,lgbm,20,False,0.4270676691729323,3.1497559325314732
36,unseen,ridge,20,False,0.38195488721804516,2.7411845039600458
36,unseen,lgbm_process,20,False,0.5548872180451127,1.4756650234405626
36,unseen,knn,20,False,-0.015037593984962403,-1.4014023686268278
37,all,lgbm,96,False,0.3805344546934346,1.0261248189690306
37,all,ridge,96,False,0.36828540423223005,1.4754102389816772
37,all,lgbm_process,96,False,0.31850244167118824,1.6558536933875878
37,all,knn,96,False,0.18294912391123497,0.841280407640884
37,unseen,lgbm,24,False,0.38869565217391305,0.5780071181679176
37,unseen,ridge,24,False,0.3782608695652173,1.2420071181679155
37,unseen,lgbm_process,24,False,0.5052173913043477,0.8548332051244394
37,unseen,knn,24,False,0.24135682240490147,-2.0509364302191813
38,all,lgbm,97,False,0.374605512308016,1.3774759830675283
38,all,ridge,97,False,0.36995055754260464,1.6718529392555492
38,all,lgbm_process,97,False,0.22598884914790654,0.9356840290018109
38,all,knn,97,False,0.20891430019042534,0.8819410831376242
38,unseen,lgbm,27,False,0.17887667887667885,0.2309680388381139
38,unseen,ridge,27,False,0.2625152625152625,1.313560631430704
38,unseen,lgbm_process,27,False,0.22527472527472528,1.5654446894017227
38,unseen,knn,27,False,0.14041514041514042,0.42974780074287544
39,all,lgbm,96,False,0.4273331524688009,1.3312408254521628
39,all,ridge,96,False,0.41798697775366245,0.7035738163742842
39,all,lgbm_process,96,False,0.25345903418339666,0.255990401187022
39,all,knn,96,False,0.22593052636650676,1.2108166811274081
39,unseen,lgbm,24,False,0.5017391304347826,2.2856789317013515
39,unseen,ridge,24,False,0.45652173913043476,1.8512238034962234
39,unseen,lgbm_process,24,False,0.3556521739130434,3.0503026377054923
39,unseen,knn,24,False,0.2187432102156134,0.9106789317013515
40,all,lgbm,96,False,0.3091155724362452,2.0624020198272373
40,all,ridge,96,False,0.3547476939772111,0.970157532768642
40,all,lgbm_process,96,False,0.26393876810640143,0.6765436376545466
40,all,knn,96,False,0.1500234048256069,0.678325892450232
40,unseen,lgbm,22,False,0.24110671936758896,2.2822280952308507
40,unseen,ridge,22,False,0.3325804630152457,3.2391624843711195
40,unseen,lgbm_process,22,False,0.497459062676454,3.879743388782069
40,unseen,knn,22,False,0.1146568811606613,-1.6121469047691495
41,all,lgbm,94,False,0.4374164649785067,1.5991889737627272
41,all,ridge,94,False,0.39252248672470474,1.363488778090602
41,all,lgbm_process,94,False,0.3136871003865188,1.2833919478357299
41,all,knn,94,False,0.2398511597362072,1.1159470767667994
41,unseen,lgbm,24,False,0.3652173913043478,1.2684685545093348
41,unseen,ridge,24,False,0.3913043478260869,2.5187003575899762
41,unseen,lgbm_process,24,False,0.5252173913043477,4.088852454249539
41,unseen,knn,24,False,0.2152641929557229,-1.570963263672482
42,all,lgbm,101,False,0.4525567850902737,1.5339329157566688
42,all,ridge,101,False,0.3700058241118229,0.9993744713960186
42,all,lgbm_process,101,False,0.3183226557949913,2.569375751158953
42,all,knn,101,False,0.20526426218309468,0.7342495326542888
42,unseen,lgbm,27,False,0.3724053724053724,0.22870054856222843
42,unseen,ridge,27,False,0.22039072039072038,-0.13867445143777246
42,unseen,lgbm_process,27,False,0.32967032967032966,2.476768967263835
42,unseen,knn,27,False,0.19844298811570865,-0.8205294413060624
43,all,lgbm,92,False,0.37006611901422565,1.130989120344859
43,all,ridge,92,False,0.30047932432224156,1.3165424171429159
43,all,lgbm_process,92,False,0.29392907233019433,-0.2871803252238294
43,all,knn,92,False,0.14772083651968418,0.6273245314597933
43,unseen,lgbm,18,False,0.15376676986584106,-1.7014868810866428
43,unseen,ridge,18,False,0.40350877192982454,0.9175212489946549
43,unseen,lgbm_process,18,False,0.4406604747162023,0.5804101378835451
43,unseen,knn,18,False,0.18885448916408668,-0.423299381086645
44,all,lgbm,105,False,0.4394256686709517,1.8764288141108025
44,all,ridge,105,False,0.4439456769645449,1.8901369196618578
44,all,lgbm_process,105,False,0.3464130209413228,2.0019508358626155
44,all,knn,105,False,0.23695793247043342,0.7705443070314626
44,unseen,lgbm,23,False,0.45652173913043476,3.6939334309219856
44,unseen,ridge,23,False,0.5602766798418972,3.692504859493413
44,unseen,lgbm_process,23,False,0.5316205533596838,2.5418814828700373
44,unseen,knn,23,False,0.021739130434782608,-1.8786260928875365
45,all,lgbm,108,False,0.4549715624910686,1.470396244454438
45,all,ridge,108,False,0.445882991797422,1.7933333183951952
45,all,lgbm_process,108,False,0.37386035611192087,1.9805613545216794
45,all,knn,108,False,0.3285489717672508,1.6091180481408482
45,unseen,lgbm,27,False,0.5360195360195361,1.2154836702752476
45,unseen,ridge,27,False,0.5244200244200244,3.6309836702752474
45,unseen,lgbm_process,27,False,0.55006105006105,2.166350336941912
45,unseen,knn,27,False,0.47374847374847373,2.0747228007100293
46,all,lgbm,103,False,0.38494486666959543,1.7062102001887887
46,all,ridge,103,False,0.4137855291481791,2.70655219082588
46,all,lgbm_process,103,False,0.3158085489610333,1.3278214023517023
46,all,knn,103,False,0.2767567115627508,0.9948775112556341
46,unseen,lgbm,25,False,0.5138461538461538,1.386251905744512
46,unseen,ridge,25,False,0.5623076923076923,5.200251905744512
46,unseen,lgbm_process,25,False,0.6092307692307692,-0.12462309425548668
46,unseen,knn,25,False,0.2804385510618258,-1.7341945228269147
47,all,lgbm,104,False,0.474138482876347,0.47147858365029016
47,all,ridge,104,False,0.41327216472847544,1.6135867298064461
47,all,lgbm_process,104,False,0.40091752907286893,2.155048833155588
47,all,knn,104,False,0.22024648012699946,1.4406998598529075
47,unseen,lgbm,27,False,0.38461538461538464,0.6732944894717292
47,unseen,ridge,27,False,0.3687423687423687,1.9877944894717299
47,unseen,lgbm_process,27,False,0.46336996336996333,3.200078905056147
47,unseen,knn,27,False,0.14990078025355838,-0.7330745581473188
48,all,lgbm,99,False,0.361830550401979,0.6827867734826363
48,all,ridge,99,False,0.31250463821892394,0.774454221143964
48,all,lgbm_process,99,False,0.21314780457637597,0.4169492790777021
48,all,knn,99,False,0.19126315179045725,1.4871615155593307
48,unseen,lgbm,24,False,0.2669565217391304,-0.12542891045066717
48,unseen,ridge,24,False,0.11913043478260868,0.5037774387556819
48,unseen,lgbm_process,24,False,0.3052173913043478,-1.4776511326728894
48,unseen,knn,24,False,0.1169819553638171,-0.0871561831779406
49,all,lgbm,94,False,0.3193018072549361,0.5512120127773379
49,all,ridge,94,False,0.33607750633281563,0.27074069544342905
49,all,lgbm_process,94,False,0.3445665013442318,1.8465567217782066
49,all,knn,94,False,0.2024371664122682,1.5492275986552908
49,unseen,lgbm,21,False,0.2571428571428571,2.7154679094539915
49,unseen,ridge,21,False,0.4,2.0251473966334768
49,unseen,lgbm_process,21,False,0.4285714285714285,3.7689077768782298
49,unseen,knn,21,False,0.06950308908302494,0.1676583856444651
50,all,lgbm,105,False,0.49565623056189095,2.08318483704217
50,all,ridge,105,False,0.44438109060750564,1.9198872557168922
50,all,lgbm_process,105,False,0.40857974440253436,1.7074492938472545
50,all,knn,105,False,0.3244195972723381,1.8121393154360241
50,unseen,lgbm,31,False,0.3959677419354839,2.121922062474665
50,unseen,ridge,31,False,0.3189516129032258,2.869716180121726
50,unseen,lgbm_process,31,False,0.32056451612903225,2.0107475985370424
50,unseen,knn,31,False,0.011089827659947519,-2.1861379446478395
51,all,lgbm,92,False,0.3960821786908743,1.6748967480092922
51,all,ridge,92,False,0.41520891450765224,1.0904273239234001
51,all,lgbm_process,92,False,0.35425304008754216,2.2287470146521997
51,all,knn,92,False,0.24751834412531126,0.5119186808810703
51,unseen,lgbm,23,False,0.48122529644268774,3.352207820325022
51,unseen,ridge,23,False,0.4644268774703557,2.1319078203250204
51,unseen,lgbm_process,23,False,0.5869565217391304,3.5180078203250194
51,unseen,knn,23,False,0.1422924901185771,-1.576817024395476
52,all,lgbm,102,False,0.4671559674528275,2.3680959527834275
52,all,ridge,102,False,0.48164273880272096,2.2712242288853126
52,all,lgbm_process,102,False,0.3291754075464657,1.3563904163310934
52,all,knn,102,False,0.32129184198843785,2.024212877555483
52,unseen,lgbm,29,False,0.2881773399014778,0.23588028956994478
52,unseen,ridge,29,False,0.33349753694581274,1.2235200411227396
52,unseen,lgbm_process,29,False,0.2645320197044334,-0.7764345252448681
52,unseen,knn,29,False,0.13251231527093593,-1.476335318895666
53,all,lgbm,96,False,0.4051682040151926,1.0643717639113728
53,all,ridge,96,False,0.37763157894736843,0.45921537329715534
53,all,lgbm_process,96,False,0.3326234400434075,1.3903080579069975
53,all,knn,96,False,0.2262117184787061,1.7420046507840254
53,unseen,lgbm,22,False,0.18802936194240544,-1.5330078627050412
53,unseen,ridge,22,False,0.4195369847543761,1.1234835166053045
53,unseen,lgbm_process,22,False,0.2783738001129306,1.1310754706282928
53,unseen,knn,22,False,0.18577075098814233,-0.8945164833946961
54,all,lgbm,104,False,0.4175930865251254,1.7464829725683906
54,all,ridge,104,False,0.45073082257548286,1.9114838339799238
54,all,lgbm_process,104,False,0.4141054467779767,1.8608764440363537
54,all,knn,104,False,0.23443356627786782,1.0367611043821974
54,unseen,lgbm,24,False,0.19391304347826085,0.46712312737537864
54,unseen,ridge,24,False,0.25652173913043474,2.163722453974705
54,unseen,lgbm_process,24,False,0.497391304347826,2.9441905679502813
54,unseen,knn,24,False,-0.1369863046081873,-1.5863583541061033
55,all,lgbm,95,False,0.4249160134378499,1.504882386569756
55,all,ridge,95,False,0.4037933930571108,2.1010787186193483
55,all,lgbm_process,95,False,0.3811673473124799,1.6225747437958606
55,all,knn,95,False,0.34695535145207085,2.0673789286912925
55,unseen,lgbm,25,False,0.4038461538461539,1.2443412240447884
55,unseen,ridge,25,False,0.41846153846153844,-0.13954766484410008
55,unseen,lgbm_process,25,False,0.3546153846153846,0.5839190018225651
55,unseen,knn,25,False,0.35230769230769227,-0.3597535850500204
56,all,lgbm,101,False,0.36877111240535815,1.8335151365384927
56,all,ridge,101,False,0.37161327897495633,1.22327092602678
56,all,lgbm_process,101,False,0.3252834166682885,0.1586730015536535
56,all,knn,101,False,0.26305994787944376,0.7057648820052904
56,unseen,lgbm,26,False,0.41811965811965807,0.6421587035767526
56,unseen,ridge,26,False,0.3941880341880341,1.612099179767231
56,unseen,lgbm_process,26,False,0.5535042735042734,2.0571087035767537
56,unseen,knn,26,False,0.471191663580044,0.8522168745724237
57,all,lgbm,96,False,0.3844546934346174,1.1973930557481047
57,all,ridge,96,False,0.318773738469886,1.5599248757968578
57,all,lgbm_process,96,False,0.2464053174172545,1.8068819259636797
57,all,knn,96,False,0.07490240449762511,1.7321680278878677
57,unseen,lgbm,22,False,0.5719932241671373,1.5861494225471535
57,unseen,ridge,22,False,0.45793337097684933,3.1222857861835163
57,unseen,lgbm_process,22,False,0.4714850367024281,2.0150779939757246
57,unseen,knn,22,False,-0.007907371114528366,-0.15607279967506926
58,all,lgbm,102,False,0.4490390215492137,1.359297828419031
58,all,ridge,102,False,0.46042713923019946,1.5914962244589077
58,all,lgbm_process,102,False,0.344419878881092,0.6119950812126831
58,all,knn,102,False,0.22775726368185048,0.6932095144055559
58,unseen,lgbm,27,False,0.2625152625152625,0.10128449445308618
58,unseen,ridge,27,False,0.24542124542124538,0.9257161675054473
58,unseen,lgbm_process,27,False,0.3302808302808303,0.9390303348196145
58,unseen,knn,27,False,-0.15323565323565325,-2.2242652890966976
59,all,lgbm,93,False,0.4484497627644654,1.7685896360938749
59,all,ridge,93,False,0.4086419384679657,1.5233514523910614
59,all,lgbm_process,93,False,0.4132971263167317,1.5730221840015997
59,all,knn,93,False,0.37977035342142235,2.7544218188943272
59,unseen,lgbm,20,False,0.6436090225563909,4.285091499647832
59,unseen,ridge,20,False,0.7157894736842104,4.378032676118421
59,unseen,lgbm_process,20,False,0.431578947368421,3.482966499647832
59,unseen,knn,20,False,0.3413533834586466,1.806091499647831
60,all,lgbm,97,False,0.39869556069850615,1.6379564345483697
60,all,ridge,97,False,0.37064748579844303,1.0672901482913026
60,all,lgbm_process,97,False,0.3731590574374079,1.1667873468735923
60,all,knn,97,False,0.2110212105437169,0.9731472125055394
60,unseen,lgbm,29,False,0.36453201970443344,0.11831839048055848
60,unseen,ridge,29,False,0.558128078817734,1.7039594161215827
60,unseen,lgbm_process,29,False,0.460591133004926,2.166185057147226
60,unseen,knn,29,False,0.2950738916256157,-0.40751732297584375
61,all,lgbm,94,False,0.32450962684680124,2.0374788993447197
61,all,ridge,94,False,0.25382364628111115,1.8931061462326593
61,all,lgbm_process,94,False,0.27265108550373873,1.782675597280452
61,all,knn,94,False,0.1948576046102858,1.2828932962230226
61,unseen,lgbm,24,False,0.21826086956521737,0.678472305399767
61,unseen,ridge,24,False,0.3095652173913043,2.8933898878173476
61,unseen,lgbm_process,24,False,0.4408695652173913,2.9727580196854806
61,unseen,knn,24,False,0.1239669538760597,-2.5338913914087424
62,all,lgbm,107,False,0.5168498599110485,2.0489801235493896
62,all,ridge,107,False,0.46538921217108487,1.9455041711648136
62,all,lgbm_process,107,False,0.4384000470228649,1.5486997572027086
62,all,knn,107,False,0.28223058973150983,1.4489833243703032
62,unseen,lgbm,28,False,0.6048166392993979,2.4904271096444237
62,unseen,ridge,28,False,0.6442255062944717,2.4904271096444237
62,unseen,lgbm_process,28,False,0.6015325670498085,2.69994480370835
62,unseen,knn,28,False,0.165047216544926,-0.7264895570222407
63,all,lgbm,91,False,0.46618888358018795,2.587551660938262
63,all,ridge,91,False,0.45545469023729895,2.6250935712696464
63,all,lgbm_process,91,False,0.3275840101927059,0.6531812714399905
63,all,knn,91,False,0.3615107430260463,1.9981157086678145
63,unseen,lgbm,24,False,0.47043478260869553,1.97391200256107
63,unseen,ridge,24,False,0.27304347826086955,1.97391200256107
63,unseen,lgbm_process,24,False,0.42173913043478256,4.155507747241922
63,unseen,knn,24,False,0.15130434782608695,-1.0610879974389302
64,all,lgbm,97,False,0.430977803492531,1.9126044261894357
64,all,ridge,97,False,0.39014832737218597,1.4209147462309097
64,all,lgbm_process,97,False,0.2626499053229539,1.650427429352801
64,all,knn,97,False,0.2655725001633194,1.5207881509679382
64,unseen,lgbm,23,False,0.49011857707509887,4.224234116826441
64,unseen,ridge,23,False,0.43873517786561267,3.4176432077355337
64,unseen,lgbm_process,23,False,0.3181818181818182,1.0444079136178885
64,unseen,knn,23,False,0.22837373032344355,-0.6911966570883727
65,all,lgbm,97,False,0.3252419524510835,0.7532586086542636
65,all,ridge,97,False,0.3137886597938144,0.9966571397883452
65,all,lgbm_process,97,False,0.17951819903219016,1.4807388911798416
65,all,knn,97,False,0.1540231857624339,0.9435232807277973
65,unseen,lgbm,20,False,0.34586466165413526,-0.7592499560845045
65,unseen,ridge,20,False,0.40451127819548865,2.6089818620973144
65,unseen,lgbm_process,20,False,0.28872180451127816,1.8089318620973138
65,unseen,knn,20,False,0.13233082706766916,1.6707500439154952
66,all,lgbm,93,False,0.443242517382352,1.0156839379377463
66,all,ridge,93,False,0.5077138849929873,2.1385492134488953
66,all,lgbm_process,93,False,0.3858882158097341,1.1751414471998594
66,all,knn,93,False,0.22729324647391577,0.9561443030300971
66,unseen,lgbm,18,False,0.32920536635706915,0.4915748420926036
66,unseen,ridge,18,False,0.4406604747162023,3.219431984949747
66,unseen,lgbm_process,18,False,0.16408668730650156,2.5508903182830807
66,unseen,knn,18,False,-0.23219814241486067,-2.9803001579073936
67,all,lgbm,106,False,0.4540443862256594,2.144371272129197
67,all,ridge,106,False,0.4451872937501574,2.079449474955915
67,all,lgbm_process,106,False,0.2781620777388719,0.8982632942588165
67,all,knn,106,False,0.24909052546301017,0.8780683254294974
67,unseen,lgbm,26,False,0.5364102564102563,2.2256978894529365
67,unseen,ridge,26,False,0.44478632478632474,2.8085312227862698
67,unseen,lgbm_process,26,False,0.4789743589743589,3.515966341833888
67,unseen,knn,26,False,0.30529914529914526,-1.1956701661026212
68,all,lgbm,94,False,0.4062204240869848,1.260859432666706
68,all,ridge,94,False,0.37516887620561357,1.669959521877903
68,all,lgbm_process,94,False,0.2851146375578966,0.3437912391018525
68,all,knn,94,False,0.14061252588428472,0.15328921457906475
68,unseen,lgbm,19,False,0.37543859649122807,0.8975415173999881
68,unseen,ridge,19,False,0.2157894736842105,3.414208184066654
68,unseen,lgbm_process,19,False,0.2771929824561403,2.135372205230679
68,unseen,knn,19,False,-0.1474330988793367,-1.4061839727960876
69,all,lgbm,102,False,0.38636479296130644,1.397235765050823
69,all,ridge,102,False,0.44737660516479977,2.7625571541514304
69,all,lgbm_process,102,False,0.31065133926299543,1.1096352430868173
69,all,knn,102,False,0.26504743334224584,2.317556484113803
69,unseen,lgbm,29,False,0.305911330049261,2.137798033372066
69,unseen,ridge,29,False,0.42068965517241375,1.2525070280810624
69,unseen,lgbm_process,29,False,0.36896551724137927,-0.3503501147760826
69,unseen,knn,29,False,0.2907120068516364,-0.9741859733619389
70,all,lgbm,98,False,0.4300888115321105,2.379923179824875
70,all,ridge,98,False,0.38903021377248176,3.1877355444899376
70,all,lgbm_process,98,False,0.392837674573318,1.213884768793653
70,all,knn,98,False,0.2712670676515692,1.7239618916871091
70,unseen,lgbm,22,False,0.40372670807453415,3.5294820683579804
70,unseen,ridge,22,False,0.4624505928853756,3.5294820683579804
70,unseen,lgbm_process,22,False,0.5765104460756635,2.0186070683579818
70,unseen,knn,22,False,0.08754589448227834,-2.390432229300883
71,all,lgbm,99,False,0.3539517625231911,1.9628260387309933
71,all,ridge,99,False,0.3059987631416203,2.4783972369913077
71,all,lgbm_process,99,False,0.2529259521531948,0.5156264390090968
71,all,knn,99,False,0.21198270807353933,0.9673771203193606
71,unseen,lgbm,23,False,0.3992094861660079,1.3601382636100023
71,unseen,ridge,23,False,0.5088932806324111,1.3601382636100023
71,unseen,lgbm_process,23,False,0.3982213438735178,2.770151850566526
71,unseen,knn,23,False,0.0899209486166008,-1.4890581649614258
72,all,lgbm,100,False,0.3135313531353135,0.7785431145075457
72,all,ridge,100,False,0.3496909690969096,1.7656492500386811
72,all,lgbm_process,100,False,0.17377737773777374,0.35945324646074006
72,all,knn,100,False,0.07772403265286436,0.4813780478568592
72,unseen,lgbm,27,False,0.12087912087912088,0.07769552687887682
72,unseen,ridge,27,False,0.24175824175824176,0.9874486841693475
72,unseen,lgbm_process,27,False,0.17643467643467645,-0.6043320850614187
72,unseen,knn,27,False,0.12395054334611956,-1.3566943332609824
73,all,lgbm,108,False,0.38960816256537767,0.7970760544876025
73,all,ridge,108,False,0.3696209284822849,1.339804445579306
73,all,lgbm_process,108,False,0.329828255138872,1.5513744383190833
73,all,knn,108,False,0.1322160509826483,0.9281216962186694
73,unseen,lgbm,28,False,0.3284072249589491,0.3150579509865885
73,unseen,ridge,28,False,0.3787629994526546,2.7829033457234313
73,unseen,lgbm_process,28,False,0.45867542419266555,3.235077911622353
73,unseen,knn,28,False,-0.005200492726954551,-1.2169028333271381
74,all,lgbm,100,False,0.47776777677767773,2.0854947206125765
74,all,ridge,100,False,0.4087248724872487,1.1603079490508037
74,all,lgbm_process,100,False,0.41551755175517546,1.1722079242695553
74,all,knn,100,False,0.3121461186075794,1.2200915808463186
74,unseen,lgbm,23,False,0.6709486166007905,4.346870480436866
74,unseen,ridge,23,False,0.6818181818181818,4.346870480436866
74,unseen,lgbm_process,23,False,0.7351778656126482,3.8002095215327536
74,unseen,knn,23,False,0.3661971942779946,-1.6511703849477506
75,all,lgbm,108,False,0.5274895919669991,1.9002730328773136
75,all,ridge,108,False,0.5068640620385455,2.8331604370759926
75,all,lgbm_process,108,False,0.4270294473501195,1.8797239147643054
75,all,knn,108,False,0.38946531136533136,2.0353966710508384
75,unseen,lgbm,32,False,0.5689149560117301,0.8425568860928543
75,unseen,ridge,32,False,0.6381964809384163,2.55187618433847
75,unseen,lgbm_process,32,False,0.5062316715542522,2.1361602423094848
75,unseen,knn,32,False,0.3774518853523141,-0.34343607927511144
76,all,lgbm,89,False,0.3424753149472251,1.0028292106026466
76,all,ridge,89,False,0.3341845420497106,0.4809053243037589
76,all,lgbm_process,89,False,0.23957371286271145,0.675984913072254
76,all,knn,89,False,0.2439045176886678,0.5492199769375983
76,unseen,lgbm,19,False,0.07894736842105264,-1.8543449161227112
76,unseen,ridge,19,False,0.007017543859649123,0.043155083877287836
76,unseen,lgbm_process,19,False,-0.06491228070175438,-1.8543449161227112
76,unseen,knn,19,False,0.1,-2.848902087781701
77,all,lgbm,102,False,0.4067661477741149,1.8360837660960385
77,all,ridge,102,False,0.325205964342865,1.1969472532862877
77,all,lgbm_process,102,False,0.33061164483095945,1.7093510050267486
77,all,knn,102,False,0.2164433386173544,2.1043055815952982
77,unseen,lgbm,17,False,0.5465686274509804,-0.48031628730794296
77,unseen,ridge,17,False,0.5612745098039216,2.1596805094888545
77,unseen,lgbm_process,17,False,0.6225490196078433,1.1408323613407063
77,unseen,knn,17,False,-0.004901960784313726,-0.48031628730794296
78,all,lgbm,97,False,0.44988691352829785,2.1807034815104913
78,all,ridge,97,False,0.3823374710709026,1.3913805027348776
78,all,lgbm_process,97,False,0.306766778876499,1.11889070943994
78,all,knn,97,False,0.23038026432905956,1.1876719363013137
78,unseen,lgbm,24,False,0.5747826086956522,2.104517165309103
78,unseen,ridge,24,False,0.571304347826087,2.104517165309103
78,unseen,lgbm_process,24,False,0.5478260869565217,3.627670574400014
78,unseen,knn,24,False,0.25570776860194966,0.21092625621819394
79,all,lgbm,109,False,0.3780743211935873,2.422861287013962
79,all,ridge,109,False,0.3905940135297934,1.6333939978379632
79,all,lgbm_process,109,False,0.28202205541655084,1.7661503386102257
79,all,knn,109,False,0.1706720310450016,0.5817669731017183
79,unseen,lgbm,28,False,0.539135194307608,3.8284572740751344
79,unseen,ridge,28,False,0.5643130815544608,3.2534023290201866
79,unseen,lgbm_process,28,False,0.5347564313081554,3.171444287062144
79,unseen,knn,28,False,0.1691297208538588,-1.2612120380941807
80,all,lgbm,91,False,0.4434304825609174,1.5362809532396255
80,all,ridge,91,False,0.43448001274088227,0.847558599958921
80,all,lgbm_process,91,False,0.37220895046982005,1.8409999957359044
80,all,knn,91,False,0.2869225209894622,1.9323454065127912
80,unseen,lgbm,21,False,0.1012987012987013,-1.9175535144925
80,unseen,ridge,21,False,0.22207792207792207,-0.025304837243821154
80,unseen,lgbm_process,21,False,0.17662337662337665,0.5732355354269867
80,unseen,knn,21,False,0.2,-0.39785786231858644
81,all,lgbm,105,False,0.37967032967032965,2.5439173656696905
81,all,ridge,105,False,0.36037735849056596,1.6645472894106366
81,all,lgbm_process,105,False,0.2883949004646335,1.1786063591081177
81,all,knn,105,False,0.23664074777268376,1.048354302639682
81,unseen,lgbm,24,False,0.29913043478260865,1.6030374555999565
81,unseen,ridge,24,False,0.3956521739130434,3.570680312742814
81,unseen,lgbm_process,24,False,0.32347826086956516,1.6030374555999565
81,unseen,knn,24,False,0.12869565217391304,-0.9230128690753663
82,all,lgbm,100,False,0.4411521152115211,1.5937678521338103
82,all,ridge,100,False,0.4473087308730872,1.5934239607083178
82,all,lgbm_process,100,False,0.36254425442544247,1.3608095604027426
82,all,knn,100,False,0.32460752025771844,1.2339978359164459
82,unseen,lgbm,23,False,0.5128458498023715,1.4152976689371588
82,unseen,ridge,23,False,0.4654150197628459,2.082047668937161
82,unseen,lgbm_process,23,False,0.5464426877470356,2.8064340325735238
82,unseen,knn,23,False,0.2598814229249012,-0.5183332834437948
83,all,lgbm,100,False,0.4417641764176417,2.3810906712879163
83,all,ridge,100,False,0.4218781878187818,2.6147646095288124
83,all,lgbm_process,100,False,0.4000852087783047,1.6699251671507884
83,all,knn,100,False,0.2340172090936483,1.505514472761929
83,unseen,lgbm,27,False,0.3937728937728938,4.095396497797871
83,unseen,ridge,27,False,0.394993894993895,4.074063164464537
83,unseen,lgbm_process,27,False,0.5213675213675213,1.873836568144192
83,unseen,knn,27,False,0.05037398929091066,-2.3852949436435686
84,all,lgbm,97,False,0.42573111718914364,2.0961261248058047
84,all,ridge,97,False,0.37076583210603825,1.4683339739618546
84,all,lgbm_process,97,False,0.3407058699768567,1.5266612484301056
84,all,knn,97,False,0.20670993772418392,2.6153323558748145
84,unseen,lgbm,21,False,0.5103896103896104,2.1897912953027614
84,unseen,ridge,21,False,0.5298701298701299,2.553541295302761
84,unseen,lgbm_process,21,False,0.45194805194805193,1.93856907308054
84,unseen,knn,21,False,0.1922077922077922,2.1897912953027614
85,all,lgbm,100,False,0.48379237923792373,1.7187592910530736
85,all,ridge,100,False,0.46294629462946285,1.8235466317956863
85,all,lgbm_process,100,False,0.4039616080474469,1.3849802159561282
85,all,knn,100,False,0.3620095249117963,1.9739189513778719
85,unseen,lgbm,22,False,0.2885375494071147,-0.39578662370238504
85,unseen,ridge,22,False,0.21287408243929987,1.5255883762976126
85,unseen,lgbm_process,22,False,0.1902879728966686,0.9615394632541374
85,unseen,knn,22,False,0.11462450592885377,-0.04613460905037314
86,all,lgbm,92,False,0.41893870505371206,0.8377392926092213
86,all,ridge,92,False,0.40594608757301603,1.1002566003991614
86,all,lgbm_process,92,False,0.3785275033521877,1.3108642377766877
86,all,knn,92,False,0.25293734719776256,2.322016243242654
86,unseen,lgbm,22,False,0.40711462450592883,1.2493423766291034
86,unseen,ridge,22,False,0.5550536420101638,3.448866186152914
86,unseen,lgbm_process,22,False,0.5471485036702428,1.2493423766291034
86,unseen,knn,22,False,0.3122529644268775,-0.08259390774379938
87,all,lgbm,98,False,0.4098782905852125,1.5637795203969684
87,all,ridge,98,False,0.3707961160096653,0.862426118509898
87,all,lgbm_process,98,False,0.4015645620947535,1.9571790155840905
87,all,knn,98,False,0.33366597370831796,1.7721928899991202
87,unseen,lgbm,24,False,0.3060869565217391,0.6087794389048771
87,unseen,ridge,24,False,0.3756521739130434,2.55311277223821
87,unseen,lgbm_process,24,False,0.3782608695652173,0.6087794389048771
87,unseen,knn,24,False,0.3852173913043478,-1.3283881747314847
88,all,lgbm,105,False,0.41569562512958735,1.9851411572204345
88,all,ridge,105,False,0.44492017416545715,2.631308165310381
88,all,lgbm_process,105,False,0.3316918930126477,0.6836432917337145
88,all,knn,105,False,0.30978424412477973,1.3255201830067218
88,unseen,lgbm,27,False,0.46642246642246643,0.7930739785890832
88,unseen,ridge,27,False,0.44688644688644685,2.0348962008113034
88,unseen,lgbm_process,27,False,0.46764346764346765,-0.4021371872565691
88,unseen,knn,27,False,0.2986259681196189,-1.875949730810575
89,all,lgbm,102,False,0.39898558673685763,1.9865080917972247
89,all,ridge,102,False,0.3221638554489372,0.8456701895496188
89,all,lgbm_process,102,False,0.3512504876986842,2.045974115731255
89,all,knn,102,False,0.3083961542308943,1.383383585801262
89,unseen,lgbm,25,False,0.22076923076923075,1.0690114615552577
89,unseen,ridge,25,False,0.3146153846153846,1.0690114615552577
89,unseen,lgbm_process,25,False,0.40692307692307694,3.309087548511778
89,unseen,knn,25,False,0.08040007842513248,-2.076394788444743
90,all,lgbm,96,False,0.4047883884970158,0.9889983665164532
90,all,ridge,96,False,0.412561041779707,1.458714481123982
90,all,lgbm_process,96,False,0.25923853512945844,1.0280294694766479
90,all,knn,96,False,0.2555790713299805,0.9514335799998328
90,unseen,lgbm,24,False,0.37739130434782603,1.0076164953202973
90,unseen,ridge,24,False,0.41739130434782606,2.9298664953202973
90,unseen,lgbm_process,24,False,0.2721739130434782,1.0076164953202973
90,unseen,knn,24,False,0.24608695652173912,-0.9184554743766711
91,all,lgbm,98,False,0.36090124897194115,0.8701784022917156
91,all,ridge,98,False,0.3761898386346103,1.6503390212257294
91,all,lgbm_process,98,False,0.29033656574157307,1.5382290680439343
91,all,knn,98,False,0.2364283896195644,-0.19145966911425205
91,unseen,lgbm,29,False,0.21822660098522165,0.2882136290177755
91,unseen,ridge,29,False,0.4541871921182265,1.9824412712941992
91,unseen,lgbm_process,29,False,0.4118226600985221,1.8094783083312365
91,unseen,knn,29,False,0.2790984132513831,-2.0749460932044457
92,all,lgbm,101,False,0.34281887012230633,1.5005363437511683
92,all,ridge,101,False,0.32393709959231215,1.3277902133554846
92,all,lgbm_process,101,False,0.3174616117125042,1.9163635553074165
92,all,knn,101,False,0.23101297271387444,1.062570204803663
92,unseen,lgbm,22,False,0.3054771315640881,1.1791041876973924
92,unseen,ridge,22,False,0.3077357425183513,2.3141041876973905
92,unseen,lgbm_process,22,False,0.3901750423489555,0.9951041876973914
92,unseen,knn,22,False,0.11688311688311688,-0.611937478969276
93,all,lgbm,107,False,0.41913046885714844,2.1721528728568362
93,all,ridge,107,False,0.42072728697662576,1.0522595282649707
93,all,lgbm_process,107,False,0.3373106839867553,2.0208345543208974
93,all,knn,107,False,0.30489818244411376,2.323644960082895
93,unseen,lgbm,28,False,0.4285714285714286,1.8874420965005072
93,unseen,ridge,28,False,0.41105637657361793,1.8874420965005072
93,unseen,lgbm_process,28,False,0.5829228243021346,2.7603612852788366
93,unseen,knn,28,False,0.2953736765477468,0.3423475881990985
94,all,lgbm,100,False,0.4543654365436543,1.6275981944629088
94,all,ridge,100,False,0.48109210921092105,2.008180520470237
94,all,lgbm_process,100,False,0.39548754875487546,1.4477834423427147
94,all,knn,100,False,0.31092480178625825,1.4412599042237382
94,unseen,lgbm,23,False,0.4061264822134388,0.3710263460478114
94,unseen,ridge,23,False,0.6521739130434783,3.8538498754595754
94,unseen,lgbm_process,23,False,0.5158102766798419,2.0958498754595762
94,unseen,knn,23,False,0.19174697892019152,-1.1289736539521886
95,all,lgbm,99,False,0.3580457637600495,0.07934538732694918
95,all,ridge,99,False,0.2911811997526283,1.625271576239708
95,all,lgbm_process,99,False,0.2890785405071119,1.3077518397310879
95,all,knn,99,False,0.1416510504962649,0.3942391299182191
95,unseen,lgbm,21,False,0.3571428571428571,1.2487923342466054
95,unseen,ridge,21,False,0.4402597402597402,2.530781345235617
95,unseen,lgbm_process,21,False,0.3974025974025974,2.5604351913894625
95,unseen,knn,21,False,-0.03896103896103896,-2.1298418120948597
96,all,lgbm,91,False,0.4217550565376653,2.0859927931531814
96,all,ridge,91,False,0.37509157509157515,1.3821331650140003
96,all,lgbm_process,91,False,0.24537346711259755,0.25078017858398916
96,all,knn,91,False,0.22635634332795773,1.5003213738762824
96,unseen,lgbm,18,False,0.2631578947368421,-0.4898465825518734
96,unseen,ridge,18,False,0.281733746130031,1.4027495712942795
96,unseen,lgbm_process,18,False,0.28792569659442724,-0.5831238934762446
96,unseen,knn,18,False,0.2280701754385965,0.1744034174481257
97,all,lgbm,98,False,0.5447213562088377,1.9166256566588533
97,all,ridge,98,False,0.486742025770008,2.6534314298651154
97,all,lgbm_process,98,False,0.4135761146070424,1.8826528085573706
97,all,knn,98,False,0.3344045523233685,2.4361229163443205
97,unseen,lgbm,20,False,0.4631578947368421,4.299898800312787
97,unseen,ridge,20,False,0.40751879699248117,3.374452371741361
97,unseen,lgbm_process,20,False,0.39097744360902253,0.9623095145985037
97,unseen,knn,20,False,0.3068823082761717,-0.5347055266102902
98,all,lgbm,95,False,0.4264837625979843,1.5064598536382015
98,all,ridge,95,False,0.4636338185890257,2.224060279092747
98,all,lgbm_process,95,False,0.2825727883538634,0.49330324705552897
98,all,knn,95,False,0.3140340275803257,0.8071130534069191
98,unseen,lgbm,25,False,0.5038461538461538,3.6289159784914204
98,unseen,ridge,25,False,0.6484615384615384,3.6289159784914204
98,unseen,lgbm_process,25,False,0.44076923076923075,3.4520409784914214
98,unseen,knn,25,False,0.31352183692097113,-1.6774162864658422
99,all,lgbm,97,False,0.5005654323585104,2.224091498078378
99,all,ridge,97,False,0.4782242794024826,2.202326393591841
99,all,lgbm_process,97,False,0.3859273090679571,1.8296614111418688
99,all,knn,97,False,0.2131091503181874,0.9081241306644667
99,unseen,lgbm,23,False,0.3883399209486166,0.3097963608972165
99,unseen,ridge,23,False,0.5049407114624506,3.638622447853738
99,unseen,lgbm_process,23,False,0.46245059288537554,2.9801224478537396
99,unseen,knn,23,False,-0.007905138339920948,-2.722116032265177
100,all,lgbm,97,False,0.478066484325689,2.52168664489961
100,all,ridge,97,False,0.447835577529981,1.8686665318163431
100,all,lgbm_process,97,False,0.3302519461392804,2.217783913808322
100,all,knn,97,False,0.40826834731571393,2.075739308677109
100,unseen,lgbm,19,False,0.4508771929824561,2.6168041726742057
100,unseen,ridge,19,False,0.39122807017543854,3.4169109523352237
100,unseen,lgbm_process,19,False,0.28947368421052627,1.9110486146728842
100,unseen,knn,19,False,0.2536200331912399,-0.13562006975003627
101,all,lgbm,94,False,0.46410432395332873,1.9709029539952532
101,all,ridge,94,False,0.36295921684788496,2.219858114061525
101,all,lgbm_process,94,False,0.3217498103529242,1.6846805158255371
101,all,knn,94,False,0.1362972931136941,0.8160074196022098
101,unseen,lgbm,20,False,0.5503759398496241,2.26400400220653
101,unseen,ridge,20,False,0.4270676691729323,3.697244742947273
101,unseen,lgbm_process,20,False,0.4586466165413533,2.26400400220653
101,unseen,knn,20,False,0.07969924812030074,-0.5725300887025604
102,all,lgbm,89,False,0.5014130064691863,1.0613411922229279
102,all,ridge,89,False,0.5229315628192034,0.7078546652843762
102,all,lgbm_process,89,False,0.3563500170241744,1.4932154341770545
102,all,knn,89,False,0.34802707473133865,1.683204834014294
102,unseen,lgbm,22,False,0.2625635234330887,0.4689537312160805
102,unseen,ridge,22,False,0.3754940711462451,2.6835370645494123
102,unseen,lgbm_process,22,False,0.2907961603613778,0.4689537312160805
102,unseen,knn,22,False,0.12425868894258861,-1.5664780869657378
103,all,lgbm,97,False,0.42112876078266354,1.4187777438784206
103,all,ridge,97,False,0.4395907847675152,1.6624940474952563
103,all,lgbm_process,97,False,0.3295944666526404,1.5540608790014048
103,all,knn,97,False,0.21898919150950627,1.8389469353237988
103,unseen,lgbm,23,False,0.6561264822134387,2.6604270952874334
103,unseen,ridge,23,False,0.66600790513834,4.474946326056665
103,unseen,lgbm_process,23,False,0.7361660079051384,3.7388369510566637
103,unseen,knn,23,False,0.4305487426660592,0.067552095287434
104,all,lgbm,100,False,0.42746002838484737,1.9813905182566316
104,all,ridge,100,False,0.3754286691546125,2.165582090431565
104,all,lgbm_process,100,False,0.32700368138065383,1.0761006037009597
104,all,knn,100,False,0.2967502869918459,1.9260115026619857
104,unseen,lgbm,27,False,0.5213675213675213,1.1326768516682595
104,unseen,ridge,27,False,0.4536019536019536,2.8826768516682595
104,unseen,lgbm_process,27,False,0.5512820512820513,3.1345609096392746
104,unseen,knn,27,False,0.5231990231990232,2.145069307202011
105,all,lgbm,90,False,0.3095937770095073,0.17434525689754565
105,all,ridge,90,False,0.33096267028851295,0.9946213667641519
105,all,lgbm_process,90,False,0.2608233972257232,0.8823693789488107
105,all,knn,90,False,0.09929037201223093,0.01595337782810624
105,unseen,lgbm,21,False,-0.00909090909090909,-3.421833115241977
105,unseen,ridge,21,False,0.387012987012987,4.096214503805641
105,unseen,lgbm_process,21,False,0.20909090909090908,0.13618771809135666
105,unseen,knn,21,False,-0.09480519480519481,-3.3667188295276933
106,all,lgbm,106,False,0.4283094440385924,1.5192136716706912
106,all,ridge,106,False,0.3927198528856085,1.3766882267409422
106,all,lgbm_process,106,False,0.35481270624984257,1.9382324649108345
106,all,knn,106,False,0.2969808143036289,1.799904937192137
106,unseen,lgbm,26,False,0.30871794871794866,2.172728439765887
106,unseen,ridge,26,False,0.35931623931623924,1.3328566448940915
106,unseen,lgbm_process,26,False,0.5671794871794872,2.139768066805514
106,unseen,knn,26,False,0.07418803418803417,-0.3642266884392402
107,all,lgbm,104,False,0.39645791102101785,1.6538121899846256
107,all,ridge,104,False,0.4168142537074576,1.91891585298829
107,all,lgbm_process,104,False,0.3325296063160141,2.215743680938939
107,all,knn,104,False,0.25181193912669275,1.2054787145777865
107,unseen,lgbm,26,False,0.4605128205128205,2.9102386871497448
107,unseen,ridge,26,False,0.43111111111111106,3.799831279742337
107,unseen,lgbm_process,26,False,0.3791452991452991,4.28713903988343
107,unseen,knn,26,False,0.18909215526833406,-0.04818723877618325
108,all,lgbm,99,False,0.3523314780457637,1.4447517558968226
108,all,ridge,99,False,0.3493630179344464,0.7510173315166124
108,all,lgbm_process,99,False,0.1443661100803958,0.2266164885274744
108,all,knn,99,False,0.22231362756421869,0.7731952895093794
108,unseen,lgbm,20,False,0.4270676691729323,0.8753137963485766
108,unseen,ridge,20,False,0.49022556390977434,-1.3290936110588287
108,unseen,lgbm_process,20,False,0.20300751879699244,-0.41625763222284995
108,unseen,knn,20,False,0.30075187969924805,-0.24168620365142246
109,all,lgbm,97,False,0.4314774879023774,1.2133824283990684
109,all,ridge,97,False,0.32382179675994105,0.8646979314444074
109,all,lgbm_process,97,False,0.3214680201977698,1.0727840284502825
109,all,knn,97,False,0.23734888173278085,1.9253823904926577
109,unseen,lgbm,24,False,0.5591304347826086,2.6360231497261513
109,unseen,ridge,24,False,0.37217391304347824,3.272518186946991
109,unseen,lgbm_process,24,False,0.48260869565217385,3.683174837588018
109,unseen,knn,24,False,0.12741900714348853,-1.7559177104889034
110,all,lgbm,97,False,0.44087944456132966,1.7475790819631474
110,all,ridge,97,False,0.4545681674731748,2.472977837582482
110,all,lgbm_process,97,False,0.3360640648011782,1.2301029129068262
110,all,knn,97,False,0.33443580272494905,2.2172578022061256
110,unseen,lgbm,20,False,0.4601503759398496,1.3204042709129098
110,unseen,ridge,20,False,0.4631578947368421,3.5270292709129123
110,unseen,lgbm_process,20,False,0.35639097744360904,1.3204042709129098
110,unseen,knn,20,False,0.410680736075465,-0.22457990116501136
111,all,lgbm,105,False,0.4186916856728178,1.44206925066206
111,all,ridge,105,False,0.36903379639228695,1.4587309011138014
111,all,lgbm_process,105,False,0.38493676135185567,1.3836305591590232
111,all,knn,105,False,0.3106735741146571,0.8608424780009667
111,unseen,lgbm,27,False,0.38949938949938945,1.7557384767397206
111,unseen,ridge,27,False,0.43833943833943834,2.4695692459704937
111,unseen,lgbm_process,27,False,0.532967032967033,2.2772051434063876
111,unseen,knn,27,False,0.1398046398046398,-0.817317078815833
112,all,lgbm,103,False,0.3537099679304134,1.6870202145401159
112,all,ridge,103,False,0.3520186267187981,1.0806244852693858
112,all,lgbm_process,103,False,0.2844810780693138,1.13029467407231
112,all,knn,103,False,0.22567606295930046,1.2701860655732933
112,unseen,lgbm,27,False,0.2063492063492063,-0.32411911008250627
112,unseen,ridge,27,False,0.184981684981685,0.9151990717356764
112,unseen,lgbm_process,27,False,0.25702075702075705,-0.32411911008250627
112,unseen,knn,27,False,0.16638681311240186,-0.1095754592888536
113,all,lgbm,100,False,0.4380198019801979,0.9925895747193021
113,all,ridge,100,False,0.414977497749775,1.7903294142341064
113,all,lgbm_process,100,False,0.3343654365436543,1.7147045829669576
113,all,knn,100,False,0.2512760364573315,0.7521001967619707
113,unseen,lgbm,23,False,0.17193675889328064,-1.4568269802112042
113,unseen,ridge,23,False,0.16304347826086957,2.776256353122129
113,unseen,lgbm_process,23,False,0.21640316205533597,0.4279230197887962
113,unseen,knn,23,False,-0.13438735177865613,-1.5901164538954138
114,all,lgbm,100,False,0.3608160816081608,1.816767286942552
114,all,ridge,100,False,0.3315571557155715,0.5681757724465246
114,all,lgbm_process,100,False,0.3063075496789954,1.9646697960445412
114,all,knn,100,False,0.14134479322370946,0.511924178795816
114,unseen,lgbm,22,False,0.3190287972896669,0.7662250262761603
114,unseen,ridge,22,False,0.29531338226990406,2.266186266586237
114,unseen,lgbm_process,22,False,0.4263128176171655,3.1619574108648454
114,unseen,knn,22,False,0.15193448784343788,-0.9270785451524102
115,all,lgbm,94,False,0.36541559802044576,1.7002132723178818
115,all,ridge,94,False,0.4000650218545678,1.7747684412298188
115,all,lgbm_process,94,False,0.2758299317270527,0.6905886659278515
115,all,knn,94,False,0.14214441385092916,1.283855923104829
115,unseen,lgbm,25,False,0.36153846153846153,1.7949323061320008
115,unseen,ridge,25,False,0.5223076923076923,3.447571195020892
115,unseen,lgbm_process,25,False,0.3046153846153846,2.2407186309183267
115,unseen,knn,25,False,0.0042315830750069726,-1.8452343605346648
116,all,lgbm,92,False,0.4138680393939861,2.412091925917693
116,all,ridge,92,False,0.43069833392414036,2.206132711301482
116,all,lgbm_process,92,False,0.3694496247090917,2.083713363878493
116,all,knn,92,False,0.34170327812789647,1.1464734473234834
116,unseen,lgbm,22,False,0.39920948616600793,0.32100702994083896
116,unseen,ridge,22,False,0.39582156973461324,0.32100702994083896
116,unseen,lgbm_process,22,False,0.549407114624506,0.32100702994083896
116,unseen,knn,22,False,0.3887006270070315,0.022607029940838075
117,all,lgbm,110,False,0.4355927236661182,2.2089878825552454
117,all,ridge,110,False,0.4392173658228704,2.2315481167408144
117,all,lgbm_process,110,False,0.3627121700516196,1.4778048345835035
117,all,knn,110,False,0.25293849864851947,1.9251301100896097
117,unseen,lgbm,30,False,0.5154616240266964,2.8023000646613863
117,unseen,ridge,30,False,0.5323692992213571,2.298197500558823
117,unseen,lgbm_process,30,False,0.45984427141268075,2.059850789299068
117,unseen,knn,30,False,0.19688542825361513,-0.3683409609796371
118,all,lgbm,106,False,0.3639922412272968,1.066989160539645
118,all,ridge,106,False,0.40300778396352366,1.8581525356948223
118,all,lgbm_process,106,False,0.31042648059047284,0.9610825615370402
118,all,knn,106,False,0.24418803919189122,1.1522071660318058
118,unseen,lgbm,29,False,0.09556650246305416,-1.597836888885782
118,unseen,ridge,29,False,0.23251231527093594,1.3724842751353812
118,unseen,lgbm_process,29,False,0.2842364532019704,2.1379120831063965
118,unseen,knn,29,False,-0.032023648475445546,-1.412598793647689
119,all,lgbm,107,False,0.39900860126569876,1.0375282271339827
119,all,ridge,107,False,0.39602069006054197,0.911021893277205
119,all,lgbm_process,107,False,0.33931895217382785,1.2730715125038792
119,all,knn,107,False,0.27230555265806383,1.2403700772848723
119,unseen,lgbm,26,False,0.254017094017094,-1.684217736816997
119,unseen,ridge,26,False,0.23350427350427347,0.7235657880872193
119,unseen,lgbm_process,26,False,0.2622222222222222,-0.8283786563572253
119,unseen,knn,26,False,0.10837606837606836,-0.3857196525258093
120,all,lgbm,104,False,0.37773391656886807,1.0072923186155904
120,all,ridge,104,False,0.3402752587218607,1.3872730203699764
120,all,lgbm_process,104,False,0.3186386429104876,0.9736920749225213
120,all,knn,104,False,0.28671424014507924,0.2835705323497546
120,unseen,lgbm,28,False,0.15270935960591134,-0.1731089169715716
120,unseen,ridge,28,False,0.19759168035030103,0.8755251682414613
120,unseen,lgbm_process,28,False,0.3360700602079913,1.6759179981422996
120,unseen,knn,28,False,0.1439715354935839,-1.576036223159747
121,all,lgbm,103,False,0.34708737864077666,0.8642062480843862
121,all,ridge,103,False,0.39412643324693586,0.7556781515540507
121,all,lgbm_process,103,False,0.3434640190893407,2.1784997218066167
121,all,knn,103,False,0.2930410985012886,1.9482639192722608
121,unseen,lgbm,23,False,0.2756916996047431,1.2208627321250756
121,unseen,ridge,23,False,0.4150197628458498,1.2208627321250756
121,unseen,lgbm_process,23,False,0.6462450592885376,3.0794782927658044
121,unseen,knn,23,False,0.3523597834280839,-0.626137267874924
122,all,lgbm,97,False,0.38532242794024824,2.1250553408257833
122,all,ridge,97,False,0.34759625499684405,1.7603949112513142
122,all,lgbm_process,97,False,0.3400878392594151,1.3470755227211964
122,all,knn,97,False,0.2709264236394521,2.0255345339003146
122,unseen,lgbm,23,False,0.4130434782608696,0.5870659388195651
122,unseen,ridge,23,False,0.2855731225296443,2.874232605486233
122,unseen,lgbm_process,23,False,0.3883399209486166,0.5870659388195651
122,unseen,knn,23,False,0.15270571259365764,-0.0474889598290833
123,all,lgbm,101,False,0.36497379149679665,1.5418800870014877
123,all,ridge,101,False,0.33874199184624343,1.2684761161630238
123,all,lgbm_process,101,False,0.37345369831100755,1.9952253298070275
123,all,knn,101,False,0.32421963894436334,1.708675364705707
123,unseen,lgbm,22,False,0.09542631281761718,4.216536184531689
123,unseen,ridge,22,False,0.30208921513269343,4.216536184531689
123,unseen,lgbm_process,22,False,0.3980801806888764,3.4682028511983543
123,unseen,knn,22,False,0.12086981560779074,-1.8036930782043665
124,all,lgbm,106,False,0.49494420233267,1.646304374127947
124,all,ridge,106,False,0.4186260926518377,1.1260367570783512
124,all,lgbm_process,106,False,0.3771821548227826,1.7033091521328245
124,all,knn,106,False,0.311792227357849,1.4688283182249382
124,unseen,lgbm,26,False,0.5425641025641026,1.0649131359444581
124,unseen,ridge,26,False,0.45777777777777773,0.05325427567904306
124,unseen,lgbm_process,26,False,0.3572649572649573,1.9830926231239445
124,unseen,knn,26,False,0.3511111111111111,-0.5943461233148017
125,all,lgbm,95,False,0.45471724524076146,1.851189792360751
125,all,ridge,95,False,0.49298712206047035,2.2521321559627285
125,all,lgbm_process,95,False,0.4048152295632699,2.2101161306027084
125,all,knn,95,False,0.28850912370232307,1.7942165222456836
125,unseen,lgbm,25,False,0.3853846153846154,0.6150573043184888
125,unseen,ridge,25,False,0.5715384615384614,4.005057304318489
125,unseen,lgbm_process,25,False,0.3030769230769231,0.6150573043184888
125,unseen,knn,25,False,0.353914220818765,0.9139858757470609
126,all,lgbm,94,False,0.38142542354513603,1.1995763726330892
126,all,ridge,94,False,0.40340281038904746,1.8680096447465608
126,all,lgbm_process,94,False,0.2589386988404436,0.5319500146214313
126,all,knn,94,False,0.2947658225390693,1.0243402064557419
126,unseen,lgbm,21,False,0.31428571428571433,1.3058650048571625
126,unseen,ridge,21,False,0.34935064935064936,1.2301150048571632
126,unseen,lgbm_process,21,False,0.38051948051948054,2.1034225806147386
126,unseen,knn,21,False,0.18181818181818182,1.3058650048571625
127,all,lgbm,97,False,0.4016805175678518,1.1198077329776694
127,all,ridge,97,False,0.4164738060172522,1.8009567778489934
127,all,lgbm_process,97,False,0.3892804544498212,1.3380954566819057
127,all,knn,97,False,0.16823056872290124,0.18125290014276274
127,unseen,lgbm,26,False,0.35521367521367525,1.7355246949384249
127,unseen,ridge,26,False,0.5446153846153846,3.6519990539127853
127,unseen,lgbm_process,26,False,0.4461538461538461,0.8360897743035043
127,unseen,knn,26,False,0.020858266675168855,-2.7024244116991376
128,all,lgbm,100,False,0.5135073507350735,1.7730332613146462
128,all,ridge,100,False,0.4936573657365736,1.4213239998716638
128,all,lgbm_process,100,False,0.2968256825682568,1.0290218660932506
128,all,knn,100,False,0.2682525787417836,1.2220415503767121
128,unseen,lgbm,30,False,0.43492769744160176,1.0374889316518523
128,unseen,ridge,30,False,0.4567296996662959,2.377465122128042
128,unseen,lgbm_process,30,False,0.3343715239154616,1.3897943386631404
128,unseen,knn,30,False,0.23381535038932147,0.18232875849167662
129,all,lgbm,103,False,0.42308790581206346,0.7455231940971903
129,all,ridge,103,False,0.45143434520933096,1.8407315499575336
129,all,lgbm_process,103,False,0.34299081843342266,1.45935842787733
129,all,knn,103,False,0.32331037900343046,2.2028625304010454
129,unseen,lgbm,22,False,0.5686053077357426,-0.3184651650587469
129,unseen,ridge,22,False,0.6103896103896105,3.2588906550470718
129,unseen,lgbm_process,22,False,0.5900621118012424,1.2254977979042145
129,unseen,knn,22,False,0.3969508752117449,0.6905626127190292
130,all,lgbm,103,False,0.4134011334182665,1.5725353781517448
130,all,ridge,103,False,0.36814128190484563,2.054501367917549
130,all,lgbm_process,103,False,0.358169941820151,1.290352180214466
130,all,knn,103,False,0.236949777493408,1.559420079902603
130,unseen,lgbm,24,False,0.4026086956521739,0.5188355738278236
130,unseen,ridge,24,False,0.3104347826086956,-0.7497502847580346
130,unseen,lgbm_process,24,False,0.3782608695652173,-0.21056056143787494
130,unseen,knn,24,False,0.15307675943518076,-2.33946051203076
131,all,lgbm,101,False,0.46741991846243447,1.9500598926267472
131,all,ridge,101,False,0.3982527664531159,1.8570987397445435
131,all,lgbm_process,101,False,0.3398670351413221,1.184078214143172
131,all,knn,101,False,0.2888189283388848,1.620669088644469
131,unseen,lgbm,23,False,0.4466403162055336,1.546529132258538
131,unseen,ridge,23,False,0.4930830039525692,3.8843862751156806
131,unseen,lgbm_process,23,False,0.42391304347826086,1.546529132258538
131,unseen,knn,23,False,0.38991847002069874,-0.30278289781664824
132,all,lgbm,98,False,0.3724792634954638,1.1706957926737314
132,all,ridge,98,False,0.3749784824895281,1.7382049493974492
132,all,lgbm_process,98,False,0.20665164155324844,0.045904149241890124
132,all,knn,98,False,0.20655750433863612,0.7484092192535758
132,unseen,lgbm,25,False,-0.05692307692307692,-2.6010460632058
132,unseen,ridge,25,False,0.23153846153846153,-0.1765817774915135
132,unseen,lgbm_process,25,False,-0.05153846153846154,-2.6010460632058
132,unseen,knn,25,False,-0.0203885366341245,-2.585742311402049
133,all,lgbm,102,False,0.44812299619453666,2.3120060977798484
133,all,ridge,102,False,0.41564367744598557,2.0636766516481053
133,all,lgbm_process,102,False,0.4023895821906576,2.1439303105482868
133,all,knn,102,False,0.32625629523944544,1.9856090630172236
133,unseen,lgbm,27,False,0.5695970695970696,3.351302943738892
133,unseen,ridge,27,False,0.63003663003663,3.3282221356580823
133,unseen,lgbm_process,27,False,0.7106227106227105,3.7085966937388886
133,unseen,knn,27,False,0.4231415100436495,1.958850562786509
134,all,lgbm,103,False,0.3810020647542064,1.9442355858583404
134,all,ridge,103,False,0.4445042393357642,1.9679053699051998
134,all,lgbm_process,103,False,0.2827065852479902,1.67516863272059
134,all,knn,103,False,0.22626723115918493,1.980612914312747
134,unseen,lgbm,27,False,0.27167277167277165,1.5013324040583225
134,unseen,ridge,27,False,0.4725274725274725,2.0870037003546162
134,unseen,lgbm_process,27,False,0.3565323565323565,1.3456019909529076
134,unseen,knn,27,False,0.15722790596859995,1.1186217813476986
135,all,lgbm,98,False,0.41704441851717255,1.5407295045856007
135,all,ridge,98,False,0.346275717409738,1.0654692407460526
135,all,lgbm_process,98,False,0.27683313250323555,0.43651440962137755
135,all,knn,98,False,0.17806031274593606,1.2109866607428383
135,unseen,lgbm,25,False,0.19307692307692306,0.8494362424569601
135,unseen,ridge,25,False,0.32076923076923075,-0.41398767058651664
135,unseen,lgbm_process,25,False,0.2053846153846154,-0.5677376705865171
135,unseen,knn,25,False,0.1392307692307692,-0.8151265594754058
136,all,lgbm,97,False,0.3695560698506206,2.8484524974516408
136,all,ridge,97,False,0.3925284031138228,1.7570230312845148
136,all,lgbm_process,97,False,0.2896338155976872,2.356943907338282
136,all,knn,97,False,0.2495503955601995,1.3921800406837797
136,unseen,lgbm,20,False,0.4781954887218045,2.6958121378117905
136,unseen,ridge,20,False,0.4601503759398496,0.9911909256905798
136,unseen,lgbm_process,20,False,0.4827067669172932,2.305369554079734
136,unseen,knn,20,False,0.28872180451127816,-1.351110939111285
137,all,lgbm,103,False,0.5012630145411413,1.4982287084045733
137,all,ridge,103,False,0.46454773096692004,1.4260319503856476
137,all,lgbm_process,103,False,0.40680050959891056,1.5917112612088928
137,all,knn,103,False,0.3093918110523668,1.677633840606358
137,unseen,lgbm,29,False,0.4118226600985221,-0.48561580108122904
137,unseen,ridge,29,False,0.2901477832512315,0.8543603893949623
137,unseen,lgbm_process,29,False,0.3862068965517241,0.2703033446090828
137,unseen,knn,29,False,0.1679802955665024,-0.20036183282726228
138,all,lgbm,98,False,0.4309431363923263,2.2209566067812965
138,all,ridge,98,False,0.3899865475712309,2.212672522930365
138,all,lgbm_process,98,False,0.43077236951799536,1.7544219660656957
138,all,knn,98,False,0.32983485544612695,1.7924187673480034
138,unseen,lgbm,26,False,0.06119658119658119,0.43573899756534473
138,unseen,ridge,26,False,0.27794871794871795,1.9774056642320144
138,unseen,lgbm_process,26,False,0.23623931623931624,0.35005675850810647
138,unseen,knn,26,False,0.045143641490937476,-1.6806667263403785
139,all,lgbm,104,False,0.33651979088872297,1.32514828796797
139,all,ridge,104,False,0.3173050250720154,0.7795407185096099
139,all,lgbm_process,104,False,0.2248906433372453,1.043033665077937
139,all,knn,104,False,0.1492198906657839,0.7046993143711777
139,unseen,lgbm,28,False,0.25123152709359603,1.0025037703343962
139,unseen,ridge,28,False,0.2205801860974275,-0.5556329818023578
139,unseen,lgbm_process,28,False,0.2802408319649699,1.3611577829884087
139,unseen,knn,28,False,0.10071154898741107,-1.0186116142809887
140,all,lgbm,108,False,0.4495984452256423,1.0765433784398546
140,all,ridge,108,False,0.415273371631084,2.0797865970711804
140,all,lgbm_process,108,False,0.36045614335934145,1.0673565822472106
140,all,knn,108,False,0.2724604969020598,1.312518248795799
140,unseen,lgbm,32,False,0.4197214076246334,1.0992392183165247
140,unseen,ridge,32,False,0.4538123167155425,1.7575305348431378
140,unseen,lgbm_process,32,False,0.3654692082111437,-0.002701282021542184
140,unseen,knn,32,False,0.2388415370676371,-1.4807445646703545
141,all,lgbm,103,False,0.4053398058252427,2.00116723041619
141,all,ridge,103,False,0.39922242235206257,2.1788103215994834
141,all,lgbm_process,103,False,0.3621117603127883,2.965528278924351
141,all,knn,103,False,0.2275536920364008,0.6636653994680604
141,unseen,lgbm,27,False,0.5256410256410257,2.9031433154820157
141,unseen,ridge,27,False,0.5488400488400489,4.8134210932597945
141,unseen,lgbm_process,27,False,0.5958485958485958,3.658208563703056
141,unseen,knn,27,False,0.2472904928826523,-1.9248693107806094
142,all,lgbm,92,False,0.5080837815760677,1.7187811363400645
142,all,ridge,92,False,0.42641369850346006,1.4867143379803593
142,all,lgbm_process,92,False,0.3636699905984618,1.0997367153175421
142,all,knn,92,False,0.27300684817190396,1.7778080734373702
142,unseen,lgbm,18,False,0.2507739938080495,2.2410741391005757
142,unseen,ridge,18,False,0.25902992776057787,0.9069074724339075
142,unseen,lgbm_process,18,False,0.4406604747162023,1.4080277410541768
142,unseen,knn,18,False,0.06501547987616099,-0.44099482641666654
143,all,lgbm,94,False,0.3699815771412058,0.7833350102079297
143,all,ridge,94,False,0.3516454141530903,1.4378381433031926
143,all,lgbm_process,94,False,0.20603980782429648,0.08827369878626357
143,all,knn,94,False,0.23388297449774129,0.9352303328195859
143,unseen,lgbm,20,False,0.11278195488721804,-2.2186152094855043
143,unseen,ridge,20,False,0.09473684210526315,0.0393940497737546
143,unseen,lgbm_process,20,False,0.03609022556390977,-1.3615135611338562
143,unseen,knn,20,False,-0.13082706766917293,-2.2186152094855043
144,all,lgbm,97,False,0.40470492320639595,1.5138464498644844
144,all,ridge,97,False,0.27723280033662945,0.7331764174387754
144,all,lgbm_process,97,False,0.30396591626341257,0.7107039044096339
144,all,knn,97,False,0.25624991889325943,1.2486490193485107
144,unseen,lgbm,18,False,0.43653250773993807,2.0802645284472856
144,unseen,ridge,18,False,0.1413828689370485,0.3899886663783203
144,unseen,lgbm_process,18,False,0.2549019607843137,0.7052645284472874
144,unseen,knn,18,False,0.03199174406604747,-1.236935471552714
145,all,lgbm,99,False,0.3224366110080396,0.5988708878009046
145,all,ridge,99,False,0.3877798392084106,1.6120427304739735
145,all,lgbm_process,99,False,0.21203463203463202,1.0340049243179266
145,all,knn,99,False,0.16681510722989076,1.117163597265984
145,unseen,lgbm,22,False,0.34048560135516664,0.288687661833114
145,unseen,ridge,22,False,0.3822699040090345,2.405830518975973
145,unseen,lgbm_process,22,False,0.25352907961603616,0.288687661833114
145,unseen,knn,22,False,0.21349902009226587,-3.039740909595457
146,all,lgbm,96,False,0.4305344546934346,0.5902840394152076
146,all,ridge,96,False,0.4174986435160065,0.8954237529557698
146,all,lgbm_process,96,False,0.32733315246880085,1.2375796187214547
146,all,knn,96,False,0.24027432257298656,1.2328778297118514
146,unseen,lgbm,19,False,0.7263157894736841,1.2210718459488898
146,unseen,ridge,19,False,0.7421052631578948,2.4377385126155566
146,unseen,lgbm_process,19,False,0.7315789473684211,2.5039196720358454
146,unseen,knn,19,False,0.2596491228070175,1.2210718459488898
147,all,lgbm,94,False,0.3727847415381281,1.5458487199600945
147,all,ridge,94,False,0.36356608749051766,2.533940406151247
147,all,lgbm_process,94,False,0.2578405519632988,0.7743494670008637
147,all,knn,94,False,0.1555252895770279,1.1384422706502786
147,unseen,lgbm,22,False,0.4376058723884812,3.7441901993615705
147,unseen,ridge,22,False,0.3901750423489555,2.390344045515418
147,unseen,lgbm_process,22,False,0.3675889328063242,3.2741901993615716
147,unseen,knn,22,False,0.012987012987012988,-1.599748452712161
148,all,lgbm,93,False,0.4336635731550833,1.9565849740825634
148,all,ridge,93,False,0.3749365879860344,2.1588898913874814
148,all,lgbm_process,93,False,0.31835815105487747,0.9201697278230547
148,all,knn,93,False,0.1530225492438894,2.269258387765042
148,unseen,lgbm,26,False,0.39965811965811965,0.4319679847176463
148,unseen,ridge,26,False,0.4817094017094017,1.9331043483540107
148,unseen,lgbm_process,26,False,0.47076923076923066,0.029808893808555226
148,unseen,knn,26,False,0.1835897435897436,0.12882224157190159
149,all,lgbm,102,False,0.3351917716043449,0.8969708316661187
149,all,ridge,102,False,0.33374422536485515,1.0795837886978141
149,all,lgbm_process,102,False,0.2569119114742768,1.0703756600093612
149,all,knn,102,False,0.24215485204011752,1.5867459353746654
149,unseen,lgbm,25,False,0.35230769230769227,1.8902757021115395
149,unseen,ridge,25,False,0.4076923076923077,1.8902757021115395
149,unseen,lgbm_process,25,False,0.3353846153846154,0.4786090354448742
149,unseen,knn,25,False,0.13541065840022312,1.8621452673289323
150,all,lgbm,89,False,0.40469867211440247,1.3811483315675055
150,all,ridge,89,False,0.3794858699353082,2.111846037958829
150,all,lgbm_process,89,False,0.313363976847123,0.5016724979539919
150,all,knn,89,False,0.24792600607261955,1.146333687876485
150,unseen,lgbm,18,False,0.5892672858617131,2.4437757939718274
150,unseen,ridge,18,False,0.35810113519091846,3.6299702384162735
150,unseen,lgbm_process,18,False,0.5603715170278638,0.7950741031505721
150,unseen,knn,18,False,0.49638802889576883,-0.5444990598293415
151,all,lgbm,95,False,0.43661267011980015,1.7659827629551579
151,all,ridge,95,False,0.3560412795419321,0.553681334584768
151,all,lgbm_process,95,False,0.3517159564549687,2.213852841787098
151,all,knn,95,False,0.2317992521541703,1.3929215524472305
151,unseen,lgbm,20,False,0.34736842105263155,1.2896630586056688
151,unseen,ridge,20,False,0.312781954887218,1.9055763712991656
151,unseen,lgbm_process,20,False,0.4330827067669173,4.4557619036231255
151,unseen,knn,20,False,0.044377588696799336,-1.3225108544378106
152,all,lgbm,94,False,0.4198605642452047,1.8608799217544405
152,all,ridge,94,False,0.4353935628363978,2.442615627207431
152,all,lgbm_process,94,False,0.3580320052017484,1.3162453656742326
152,all,knn,94,False,0.3467805496404841,1.8606249077310757
152,unseen,lgbm,27,False,0.48412698412698413,1.5104033125828593
152,unseen,ridge,27,False,0.4426129426129426,2.659681090360637
152,unseen,lgbm_process,27,False,0.5091575091575091,-0.4463837244541775
152,unseen,knn,27,False,0.4954968764796848,-0.005024529051878446
153,all,lgbm,96,False,0.41714595767769935,1.395180493791372
153,all,ridge,96,False,0.3459576776994031,1.1071127571420565
153,all,lgbm_process,96,False,0.371228974498101,0.6599573095366544
153,all,knn,96,False,0.36300306163763923,2.426355050208988
153,unseen,lgbm,23,False,0.49011857707509887,1.8833577176013119
153,unseen,ridge,23,False,0.5513833992094862,4.113203871447466
153,unseen,lgbm_process,23,False,0.4189723320158103,-1.3844200601764651
153,unseen,knn,23,False,0.4221453802948502,0.7760243842679788
154,all,lgbm,99,False,0.40701298701298705,2.2280927575513765
154,all,ridge,99,False,0.43934446505875074,2.832995456415013
154,all,lgbm_process,99,False,0.36665429808286953,1.2709590648745497
154,all,knn,99,False,0.22443785570643288,0.9174310662139931
154,unseen,lgbm,33,False,0.5033422459893049,2.4014527528399974
154,unseen,ridge,33,False,0.4996657754010695,3.495998207385451
154,unseen,lgbm_process,33,False,0.5528074866310161,3.509934673495831
154,unseen,knn,33,False,0.2366507904978391,-1.9701006891889872
155,all,lgbm,108,False,0.4320881800946964,1.8638603208981035
155,all,ridge,108,False,0.3997637352691798,1.5604837285461723
155,all,lgbm_process,108,False,0.31984337934779494,1.926110271105376
155,all,knn,108,False,0.1607669870875395,1.3682926094820598
155,unseen,lgbm,29,False,0.4019704433497536,0.8521735615985992
155,unseen,ridge,29,False,0.46945812807881765,3.465260438489821
155,unseen,lgbm_process,29,False,0.5709359605911328,3.447419900069576
155,unseen,knn,29,False,0.15198916237961463,-0.7904021959771601
156,all,lgbm,97,False,0.37447401641068795,1.7650339238043298
156,all,ridge,97,False,0.3455186198190616,1.2886555350429436
156,all,lgbm_process,97,False,0.282466337050284,1.14785287557695
156,all,knn,97,False,0.25490235132873956,1.1491223302866356
156,unseen,lgbm,19,False,0.3929824561403509,3.432314953913675
156,unseen,ridge,19,False,0.3368421052631579,3.018981620580341
156,unseen,lgbm_process,19,False,0.30526315789473685,1.4770768586755807
156,unseen,knn,19,False,0.014035087719298246,-1.568417572968043
157,all,lgbm,97,False,0.4551204502419524,1.4081938562566965
157,all,ridge,97,False,0.47619924258363133,0.6986067880994202
157,all,lgbm_process,97,False,0.3619687565747948,1.6956619099059402
157,all,knn,97,False,0.3234414170709063,1.381922971549173
157,unseen,lgbm,22,False,0.31451157538114066,0.0353769761664644
157,unseen,ridge,22,False,0.36420101637492946,-1.0503373095478228
157,unseen,lgbm_process,22,False,0.27950310559006214,-0.08628969050020352
157,unseen,knn,22,False,0.16770186335403728,-0.9989285793890907
158,all,lgbm,100,False,0.38169331441310234,2.2447904263535996
158,all,ridge,100,False,0.34724376610947194,2.0026687125099887
158,all,lgbm_process,100,False,0.3090018271895912,2.214948211804332
158,all,knn,100,False,0.2411359454539266,1.7417079740571886
158,unseen,lgbm,25,False,0.4461538461538462,1.3027845099834803
158,unseen,ridge,25,False,0.3246153846153846,3.453722009983478
158,unseen,lgbm_process,25,False,0.22999999999999998,1.2432755814120515
158,unseen,knn,25,False,0.007692307692307692,-0.5839213723694616
159,all,lgbm,102,False,0.35359144138285903,1.0020258134927964
159,all,ridge,102,False,0.35963042335073026,1.9096695376651507
159,all,lgbm_process,102,False,0.2879607351983937,1.0733981841172735
159,all,knn,102,False,0.1967976074904864,1.3348397176977365
159,unseen,lgbm,26,False,0.2964102564102564,0.38403757719735765
159,unseen,ridge,26,False,0.3367521367521367,1.8977280533878353
159,unseen,lgbm_process,26,False,0.30461538461538457,-0.18055501539523178
159,unseen,knn,26,False,0.009914529914529914,-2.182134380474599
160,all,lgbm,99,False,0.3973531230674088,2.8652762327581396
160,all,ridge,99,False,0.4411750154607297,2.022439566091471
160,all,lgbm_process,99,False,0.3203463203463203,0.7835777303426816
160,all,knn,99,False,0.2612132589706612,1.0182362070674564
160,unseen,lgbm,22,False,0.2749858836815359,2.2565018350866985
160,unseen,ridge,22,False,0.40033879164313946,2.2565018350866985
160,unseen,lgbm_process,22,False,0.4488989271597968,1.6924529220432234
160,unseen,knn,22,False,0.26207287122436873,-1.0881436327495564
161,all,lgbm,93,False,0.3217749395720808,1.8235271253856453
161,all,ridge,93,False,0.32256572468741596,0.2537340606266998
161,all,lgbm_process,93,False,0.25766262444833415,2.2559846666486134
161,all,knn,93,False,0.27114180245892117,1.5723542732593057
161,unseen,lgbm,23,False,-0.1057312252964427,0.17208195844554552
161,unseen,ridge,23,False,0.24901185770750991,1.3820819584455446
161,unseen,lgbm_process,23,False,0.2549407114624506,0.9949080454020667
161,unseen,knn,23,False,0.04398319877293053,-2.566876374887787
162,all,lgbm,94,False,0.4349456345049308,2.131198531958086
162,all,ridge,94,False,0.4205541306939277,2.4633873880474955
162,all,lgbm_process,94,False,0.251049380486219,0.5992693875294961
162,all,knn,94,False,0.22269507197162675,1.0688579866920076
162,unseen,lgbm,20,False,0.4616541353383458,1.7197294677544672
162,unseen,ridge,20,False,0.29473684210526313,1.7197294677544672
162,unseen,lgbm_process,20,False,0.31127819548872177,-1.6524169968919953
162,unseen,knn,20,False,0.02706766917293233,-1.1062364413364403
163,all,lgbm,103,False,0.34295787022800156,1.595995252249164
163,all,ridge,103,False,0.31416113868997936,0.7047873330131473
163,all,lgbm_process,103,False,0.1598537099679304,0.13529646930695982
163,all,knn,103,False,0.241934954150047,2.023160296612378
163,unseen,lgbm,24,False,0.44,-0.5702169289044292
163,unseen,ridge,24,False,0.3834782608695652,2.054408071095569
163,unseen,lgbm_process,24,False,0.3930434782608695,-1.2449669289044287
163,unseen,knn,24,False,0.4922809422745017,1.6261322774447784
164,all,lgbm,94,False,0.42879023227251384,1.5512546771778535
164,all,ridge,94,False,0.39288371925008125,1.2896285574904152
164,all,lgbm_process,94,False,0.29289455622584254,2.4063065077440537
164,all,knn,94,False,0.2388780123818985,1.6601419098088837
164,unseen,lgbm,22,False,0.15640880858272163,1.2908197595130186
164,unseen,ridge,22,False,0.04912478825522304,3.5054030928463504
164,unseen,lgbm_process,22,False,0.1293054771315641,0.5424864261796856
164,unseen,knn,22,False,-0.05590062111801244,-1.8760899627092051
165,all,lgbm,97,False,0.37524984220492313,1.7501328810719343
165,all,ridge,97,False,0.4231800967809804,1.7694362558354282
165,all,lgbm_process,97,False,0.2966415947822428,0.9797937882482142
165,all,knn,97,False,0.22505186514880907,1.5516368413874808
165,unseen,lgbm,23,False,0.3557312252964427,1.0803354802227307
165,unseen,ridge,23,False,0.40513833992094866,1.0803354802227307
165,unseen,lgbm_process,23,False,0.4407114624505929,0.6154949005125889
165,unseen,knn,23,False,0.06620553359683795,-0.7313311864439331
166,all,lgbm,103,False,0.48651320124763875,0.956605749380234
166,all,ridge,103,False,0.39455475991740985,1.9166053263306484
166,all,lgbm_process,103,False,0.35428107015771204,0.6793098481566933
166,all,knn,103,False,0.21366197803172224,1.4217671575821846
166,unseen,lgbm,27,False,0.49267399267399264,2.125745559137176
166,unseen,ridge,27,False,0.4242979242979243,1.448322719631003
166,unseen,lgbm_process,27,False,0.4542124542124542,-0.09931396467234599
166,unseen,knn,27,False,0.26290077561451114,-1.474996865105247
167,all,lgbm,98,False,0.4967389017462654,2.2414348532768518
167,all,ridge,98,False,0.46255315622031373,1.2860613660244198
167,all,lgbm_process,98,False,0.4150424930984577,1.9148659700925013
167,all,knn,98,False,0.34888347970630385,2.603260158688995
167,unseen,lgbm,19,False,0.7035087719298245,4.795343792140661
167,unseen,ridge,19,False,0.5754385964912281,3.279177125473991
167,unseen,lgbm_process,19,False,0.719298245614035,3.81617712547399
167,unseen,knn,19,False,0.4659939018150463,0.04275333161434425
168,all,lgbm,99,False,0.4542238713667285,2.9462551474099197
168,all,ridge,99,False,0.42191713048855906,2.4955685247768624
168,all,lgbm_process,99,False,0.33982789062589985,1.355445080948055
168,all,knn,99,False,0.27921979841303973,1.6592901536680067
168,unseen,lgbm,21,False,0.44285714285714284,4.087924034217961
168,unseen,ridge,21,False,0.42337662337662335,4.347924034217959
168,unseen,lgbm_process,21,False,0.4701298701298702,2.5039416467424207
168,unseen,knn,21,False,0.13186100078368282,0.1874776056465315
169,all,lgbm,100,False,0.41467746774677466,1.6893099350903178
169,all,ridge,100,False,0.4364356435643564,1.823638106440825
169,all,lgbm_process,100,False,0.3468346834683467,1.2344109117685118
169,all,knn,100,False,0.29800972894734185,1.2953804348407605
169,unseen,lgbm,26,False,0.2451282051282051,2.1055635862894313
169,unseen,ridge,26,False,0.31008547008547005,-1.6481864137105653
169,unseen,lgbm_process,26,False,0.5726495726495726,3.598173153319289
169,unseen,knn,26,False,0.25918960884881953,-0.7593253025994571
170,all,lgbm,98,False,0.4605384796842823,2.9280317377846288
170,all,ridge,98,False,0.4373569484026037,2.3685553176466794
170,all,lgbm_process,98,False,0.29677587998648375,0.39995315421385946
170,all,knn,98,False,0.31116878115831736,1.5711655300085638
170,unseen,lgbm,21,False,0.4883116883116883,-0.5241948310015534
170,unseen,ridge,21,False,0.4285714285714285,-0.5241948310015534
170,unseen,lgbm_process,21,False,0.3675324675324675,0.22929723249050937
170,unseen,knn,21,False,0.17142857142857143,1.4506940578873362
171,all,lgbm,97,False,0.44106353881758886,1.0995040843509152
171,all,ridge,97,False,0.4047969703345255,1.252012311673239
171,all,lgbm_process,97,False,0.34607090258783924,1.6795804856988994
171,all,knn,97,False,0.24288452623346896,1.3669955600450425
171,unseen,lgbm,24,False,0.39826086956521733,-0.17752305900109278
171,unseen,ridge,24,False,0.32956521739130434,2.8242230948450597
171,unseen,lgbm_process,24,False,0.40869565217391296,4.041981418610849
171,unseen,knn,24,False,0.01261143756710296,-0.17752305900109278
172,all,lgbm,99,False,0.4725046382189239,2.0498954850848854
172,all,ridge,99,False,0.4386765615337044,2.729982829528973
172,all,lgbm_process,99,False,0.36436611008039577,1.9356516880111716
172,all,knn,99,False,0.21866167095425953,1.3580780132215882
172,unseen,lgbm,25,False,0.5753846153846153,3.845795849248791
172,unseen,ridge,25,False,0.6638461538461539,2.7264625159154576
172,unseen,lgbm_process,25,False,0.6030769230769231,3.3417655462184896
172,unseen,knn,25,False,0.33153846153846156,-1.3057874840845418
173,all,lgbm,92,False,0.34428124470200205,2.0578133599143467
173,all,ridge,92,False,0.35150964042969646,1.3323946117087786
173,all,lgbm_process,92,False,0.3423251942953231,2.1818127659905286
173,all,knn,92,False,0.19440858662864205,1.119979580710277
173,unseen,lgbm,19,False,-0.0912280701754386,-0.595878304928064
173,unseen,ridge,19,False,0.0035087719298245615,-1.4128519891385878
173,unseen,lgbm_process,19,False,0.2,3.1403016452587345
173,unseen,knn,19,False,-0.09477842070814503,-1.140128304928064
174,all,lgbm,96,False,0.30345903418339665,0.9745774318436222
174,all,ridge,96,False,0.2950217037438958,0.5595523384606711
174,all,lgbm_process,96,False,0.28423765599565926,0.963224057807361
174,all,knn,96,False,0.30143026504962356,0.6948309368237258
174,unseen,lgbm,20,False,0.05563909774436089,-1.320071676322268
174,unseen,ridge,20,False,-0.05413533834586466,-1.320071676322268
174,unseen,lgbm_process,20,False,0.30977443609022554,-1.320071676322268
174,unseen,knn,20,False,0.1353892536512522,-1.359690023661205
175,all,lgbm,97,False,0.48437828739743316,1.5991197538497683
175,all,ridge,97,False,0.511584788554597,0.8376115930889192
175,all,lgbm_process,97,False,0.38920155691142433,1.9005319853100815
175,all,knn,97,False,0.3752379534116836,1.4200851020992644
175,unseen,lgbm,20,False,0.5774436090225563,0.7956104384152471
175,unseen,ridge,20,False,0.6496240601503759,0.944610438415248
175,unseen,lgbm_process,20,False,0.41503759398496237,2.393691639750063
175,unseen,knn,20,False,0.431578947368421,0.7956104384152471
176,all,lgbm,103,False,0.5184839432412248,2.409965448687947
176,all,ridge,103,False,0.5186486842683302,2.0771146232984776
176,all,lgbm_process,103,False,0.40998550278961476,1.1870986448342862
176,all,knn,103,False,0.2701242100256232,1.0185292718594798
176,unseen,lgbm,26,False,0.42837606837606834,0.3795286708012977
176,unseen,ridge,26,False,0.4741880341880342,1.735123908896533
176,unseen,lgbm_process,26,False,0.42495726495726494,1.552452021959942
176,unseen,knn,26,False,0.1835897435897436,0.15669533746796027
177,all,lgbm,102,False,0.4796636716784186,1.026669409911511
177,all,ridge,102,False,0.4275520070567879,2.3916843447197653
177,all,lgbm_process,102,False,0.37148220818655253,0.8927690535526462
177,all,knn,102,False,0.34058352564452427,1.6999347227605295
177,unseen,lgbm,29,False,0.4083743842364531,1.0568928770614345
177,unseen,ridge,29,False,0.364039408866995,1.8142926264348649
177,unseen,lgbm_process,29,False,0.2275862068965517,-0.38426797962574
177,unseen,knn,29,False,0.1551915272271592,0.2677370329055879
178,all,lgbm,99,False,0.46290661719233145,1.5811466596381134
178,all,ridge,99,False,0.368843537414966,0.9624544720885915
178,all,lgbm_process,99,False,0.36715636102946403,2.083821581570895
178,all,knn,99,False,0.24475115955355994,0.9956997870602304
178,unseen,lgbm,24,False,0.38,1.8489675711653746
178,unseen,ridge,24,False,0.2434782608695652,1.594346359044163
178,unseen,lgbm_process,24,False,0.35478260869565215,1.4949675711653754
178,unseen,knn,24,False,0.053489890370816,-1.453032428834625
179,all,lgbm,108,False,0.51041755980451,2.4562268146375033
179,all,ridge,108,False,0.41097678317947545,2.133636598667575
179,all,lgbm_process,108,False,0.4486076576447836,1.8155842599505583
179,all,knn,108,False,0.31884845298718684,2.3308195661938527
179,unseen,lgbm,28,False,0.5172413793103449,4.272227128418507
179,unseen,ridge,28,False,0.4165298303229338,4.272227128418507
179,unseen,lgbm_process,28,False,0.6442255062944717,2.8118236892650685
179,unseen,knn,28,False,0.2501710711808663,-0.767759931622896
180,all,lgbm,98,False,0.45643407492174776,0.6421640725586943
180,all,ridge,98,False,0.4534566795370142,1.23320437205453
180,all,lgbm_process,98,False,0.3350377435478935,2.0735229400481128
180,all,knn,98,False,0.1886188517199382,0.6040287840777356
180,unseen,lgbm,27,False,0.46336996336996333,0.17165087314964467
180,unseen,ridge,27,False,0.34065934065934067,2.2739453678706116
180,unseen,lgbm_process,27,False,0.33943833943833945,1.1376230953718682
180,unseen,knn,27,False,-0.022588522588522588,-1.8283491268503553
181,all,lgbm,91,False,0.4326007326007327,1.8137122343693264
181,all,ridge,91,False,0.45234910017518715,1.9361724182748823
181,all,lgbm_process,91,False,0.2676381589425068,1.3163802204133574
181,all,knn,91,False,0.2393890057413816,0.9480407564136311
181,unseen,lgbm,22,False,0.4150197628458499,1.9564614087054792
181,unseen,ridge,22,False,0.5053642010163749,1.9564614087054792
181,unseen,lgbm_process,22,False,0.383399209486166,1.9564614087054792
181,unseen,knn,22,False,0.18577075098814233,-1.710076289707219
182,all,lgbm,98,False,0.48611722102149196,1.932230131835798
182,all,ridge,98,False,0.45236501348430647,1.631654837117523
182,all,lgbm_process,98,False,0.32728930372523884,1.2852618444966737
182,all,knn,98,False,0.21617968334137522,0.8486994285698497
182,unseen,lgbm,26,False,0.4167521367521367,0.43165644881434595
182,unseen,ridge,26,False,0.4721367521367521,1.32703656577341
182,unseen,lgbm_process,26,False,0.3887179487179487,2.3592490414069385
182,unseen,knn,26,False,0.14871794871794874,0.8598231154810101
183,all,lgbm,89,False,0.46401089547156976,1.4549824547964256
183,all,ridge,89,False,0.4368232890704801,1.5673300496540286
183,all,lgbm_process,89,False,0.3407048008171605,0.9828523266961824
183,all,knn,89,False,0.2598187585529083,1.5923226619259374
183,unseen,lgbm,20,False,0.6285714285714286,0.4438998640738365
183,unseen,ridge,20,False,0.3639097744360902,2.3625855783595533
183,unseen,lgbm_process,20,False,0.4661654135338345,1.311633197407172
183,unseen,knn,20,False,0.1894736842105263,-0.9075287073547358
184,all,lgbm,101,False,0.45529411764705874,2.049201359681623
184,all,ridge,101,False,0.4586022131624927,1.6075966418769045
184,all,lgbm_process,101,False,0.30356435643564356,0.9590891382147309
184,all,knn,101,False,0.3182637635227565,2.39677258768255
184,unseen,lgbm,22,False,0.5448898927159798,1.9508158730228544
184,unseen,ridge,22,False,0.383399209486166,1.9508158730228544
184,unseen,lgbm_process,22,False,0.4861660079051384,2.8109335493925585
184,unseen,knn,22,False,0.2208415789843279,-0.04213055554857448
185,all,lgbm,94,False,0.3974496983708413,0.9246653159881646
185,all,ridge,94,False,0.3506050644800058,0.997184928718303
185,all,lgbm_process,94,False,0.3482642777155655,1.1208407702337997
185,all,knn,94,False,0.2029971983637874,0.6142969404094796
185,unseen,lgbm,22,False,0.059288537549407126,-1.5587479811600229
185,unseen,ridge,22,False,0.11914172783738003,-1.5587479811600229
185,unseen,lgbm_process,22,False,0.20383963862224735,1.2711383824763427
185,unseen,knn,22,False,0.24061000677064884,-0.4584214890957252
186,all,lgbm,96,False,0.5102007596310364,1.4477057628988046
186,all,ridge,96,False,0.4754612045577862,1.908344469940726
186,all,lgbm_process,96,False,0.34271568095496474,0.4062995502213269
186,all,knn,96,False,0.2707315181961208,0.7437651057143988
186,unseen,lgbm,26,False,0.37025641025641026,-1.6116501074068115
186,unseen,ridge,26,False,0.3976068376068376,-0.014507250263955385
186,unseen,lgbm_process,26,False,0.3305982905982906,-1.1361303941451641
186,unseen,knn,26,False,0.31145299145299143,-1.5433961391528435
187,all,lgbm,105,False,0.44379017209205884,2.5506940469921844
187,all,ridge,105,False,0.48606676342525396,1.845809815374066
187,all,lgbm_process,105,False,0.32386481443085213,2.45706147341944
187,all,knn,105,False,0.2978486278320966,2.2675836232676705
187,unseen,lgbm,28,False,0.585112205801861,3.5864944581785227
187,unseen,ridge,28,False,0.6190476190476191,4.633427791511858
187,unseen,lgbm_process,28,False,0.5998905309250135,3.1677333470674114
187,unseen,knn,28,False,0.3662241720350099,-0.10347081959925575
188,all,lgbm,96,False,0.43193163320672817,1.7056264127824168
188,all,ridge,96,False,0.4141345632121541,1.2395690426813992
188,all,lgbm_process,96,False,0.2943841562669561,0.8908097486558546
188,all,knn,96,False,0.28174230510259457,1.9218220862022068
188,unseen,lgbm,23,False,0.3379446640316206,-1.0635058914552786
188,unseen,ridge,23,False,0.3843873517786562,-0.24392605952250435
188,unseen,lgbm_process,23,False,0.14822134387351776,0.6170025119060654
188,unseen,knn,23,False,0.2861378886463683,-0.6594503358997219
189,all,lgbm,90,False,0.4449127254954977,1.790703707574357
189,all,ridge,90,False,0.3943630668966475,1.1709463203323143
189,all,lgbm_process,90,False,0.281468006208937,1.1587260335160394
189,all,knn,90,False,0.29338810838923457,1.7968839531765433
189,unseen,lgbm,23,False,0.4525691699604743,2.1728109061974568
189,unseen,ridge,23,False,0.47727272727272735,2.1728109061974568
189,unseen,lgbm_process,23,False,0.28952569169960474,2.1728109061974568
189,unseen,knn,23,False,0.46047430830039526,0.6406705292133292
190,all,lgbm,96,False,0.4407894736842105,1.8605647775907794
190,all,ridge,96,False,0.40311991318502444,1.508720800812842
190,all,lgbm_process,96,False,0.28689636462289747,0.9709219057320784
190,all,knn,96,False,0.2446742502945726,1.5350902146683243
190,unseen,lgbm,22,False,0.37323546019198195,4.6590160033253465
190,unseen,ridge,22,False,0.3314511575381141,4.6590160033253465
190,unseen,lgbm_process,22,False,0.38791643139469234,2.361032810048032
190,unseen,knn,22,False,0.17899491812535295,-1.2706107084704872
191,all,lgbm,99,False,0.43266542980828687,1.706942902909093
191,all,ridge,99,False,0.4152380952380952,2.4655366146637423
191,all,lgbm_process,99,False,0.3471366728509585,1.61042617436196
191,all,knn,99,False,0.2505427230375543,0.7200943756083351
191,unseen,lgbm,22,False,0.3054771315640881,1.3338809964446323
191,unseen,ridge,22,False,0.36420101637492946,1.417880996444632
191,unseen,lgbm_process,22,False,0.36984754376058726,2.827689543453177
191,unseen,knn,22,False,-0.03670242800677584,-0.691119003555368
192,all,lgbm,100,False,0.48612061206120605,1.4650815276077669
192,all,ridge,100,False,0.47360336033603356,2.2017431618069008
192,all,lgbm_process,100,False,0.4372637263726372,1.5350673549635108
192,all,knn,100,False,0.28223009265288745,1.3080563229266104
192,unseen,lgbm,25,False,0.31846153846153846,1.8416060149365077
192,unseen,ridge,25,False,0.4684615384615385,2.9299393482698406
192,unseen,lgbm_process,25,False,0.5523076923076923,0.6231337927142864
192,unseen,knn,25,False,0.16698731516941218,-0.9375780128412714
193,all,lgbm,102,False,0.41574545804094976,1.3272841127943185
193,all,ridge,102,False,0.4228814086434343,1.7573177331700425
193,all,lgbm_process,102,False,0.28858272948170327,1.8133763504710085
193,all,knn,102,False,0.18529650509016907,0.811272835786303
193,unseen,lgbm,25,False,0.28307692307692306,1.228319232891307
193,unseen,ridge,25,False,0.3392307692307693,4.171740285522885
193,unseen,lgbm_process,25,False,0.32923076923076927,4.5136368372470255
193,unseen,knn,25,False,0.10732833435699506,-1.6587320491599744
194,all,lgbm,102,False,0.36453850981900016,1.637280464532319
194,all,ridge,102,False,0.3163849794459743,1.0833384200039564
194,all,lgbm_process,102,False,0.2388118778299682,1.1684637190159517
194,all,knn,102,False,0.27814865532185123,1.6368097473782708
194,unseen,lgbm,29,False,0.31970443349753686,-1.5725392926010002
194,unseen,ridge,29,False,0.20394088669950733,-0.4136931387548479
194,unseen,lgbm_process,29,False,0.3458128078817733,-1.002393459267667
194,unseen,knn,29,False,0.17836906183100404,0.0239279438662372
195,all,lgbm,109,False,0.4543508479288296,1.597055012968113
195,all,ridge,109,False,0.3540079696042999,1.993316899477323
195,all,lgbm_process,109,False,0.27996478546937265,1.107847771148025
195,all,knn,109,False,0.25326351568275174,1.2811496100673896
195,unseen,lgbm,26,False,0.5849572649572649,2.982089341128537
195,unseen,ridge,26,False,0.4591452991452991,3.751857859647055
195,unseen,lgbm_process,26,False,0.4564102564102564,1.849565938605135
195,unseen,knn,26,False,0.2950931826339463,-0.8663488396993486
196,all,lgbm,90,False,0.4838868996172367,1.9137019342873618
196,all,ridge,90,False,0.45942297402971555,0.8428200003171931
196,all,lgbm_process,90,False,0.4455959402266008,1.5783434294257628
196,all,knn,90,False,0.41141554518440276,1.6841965622688502
196,unseen,lgbm,20,False,0.44360902255639095,0.6570991971672129
196,unseen,ridge,20,False,0.3714285714285714,1.6352722740902887
196,unseen,lgbm_process,20,False,0.4240601503759398,0.6570991971672129
196,unseen,knn,20,False,0.19999999999999998,0.2706706257386404
197,all,lgbm,99,False,0.46291423288481315,2.5257947779663095
197,all,ridge,99,False,0.4324441324823781,2.278870048579636
197,all,lgbm_process,99,False,0.3411513331844793,0.8530426259786843
197,all,knn,99,False,0.2763543275161674,0.6135802188015713
197,unseen,lgbm,23,False,0.5780632411067194,4.311541038068212
197,unseen,ridge,23,False,0.5306324110671937,4.97554103806821
197,unseen,lgbm_process,23,False,0.6096837944664032,2.7845751289773
197,unseen,knn,23,False,0.18136892078275849,-2.320619676217504
198,all,lgbm,101,False,0.39860221316249267,0.5898560877199301
198,all,ridge,101,False,0.34417006406523004,1.9364956728021507
198,all,lgbm_process,101,False,0.3706067868588424,2.2936337159618443
198,all,knn,101,False,0.2018511088135548,0.4652243944535801
198,unseen,lgbm,30,False,0.3739710789766407,0.3272592542156154
198,unseen,ridge,30,False,0.4082313681868743,1.5659012295242558
198,unseen,lgbm_process,30,False,0.47363737486095664,1.963244979524255
198,unseen,knn,30,False,0.1439377085650723,-1.3627866011635739
199,all,lgbm,97,False,0.3321191878813381,2.076485260521542
199,all,ridge,97,False,0.3244266778876499,1.2942632175107924
199,all,lgbm_process,97,False,0.32447927624658107,2.6213339774837063
199,all,knn,97,False,0.22152082045378033,1.1149699798217654
199,unseen,lgbm,25,False,0.2907692307692308,2.8592776433912857
199,unseen,ridge,25,False,0.40230769230769226,2.1194533190669596
199,unseen,lgbm_process,25,False,0.46384615384615385,4.566302277400295
199,unseen,knn,25,False,0.1900365490048586,0.9892776433912864
200,all,lgbm,101,False,0.4260570762958648,1.0539926552312622
200,all,ridge,101,False,0.3925451368666278,1.244327723619726
200,all,lgbm_process,101,False,0.34236458940011644,0.6076326079683945
200,all,knn,101,False,0.30329719261415583,1.3314729718632279
200,unseen,lgbm,27,False,0.394993894993895,-0.632843324053944
200,unseen,ridge,27,False,0.36324786324786323,1.6552086239980035
200,unseen,lgbm_process,27,False,0.3827838827838828,-0.20005017517383905
200,unseen,knn,27,False,0.36507936507936506,0.822457258939929
201,all,lgbm,99,False,0.40735930735930737,1.5909443253889552
201,all,ridge,99,False,0.39884972170686456,0.7429530724736129
201,all,lgbm_process,99,False,0.30650587507730365,1.049664342439252
201,all,knn,99,False,0.32895538665938295,1.1252868729855283
201,unseen,lgbm,28,False,0.3530377668308703,0.9824515372767753
201,unseen,ridge,28,False,0.4192665571975917,2.212148506973742
201,unseen,lgbm_process,28,False,0.27367268746579093,2.5169848706101057
201,unseen,knn,28,False,0.3037766830870279,-0.8102681358376351
202,all,lgbm,93,False,0.3086908354398972,0.21525122871277347
202,all,ridge,93,False,0.2744183791101837,1.241347207438423
202,all,lgbm_process,93,False,0.2108643835784401,0.18206477725100179
202,all,knn,93,False,0.147542696788613,1.0409942439871678
202,unseen,lgbm,22,False,0.28289102202145683,-1.8579535172426187
202,unseen,ridge,22,False,0.08413325804630155,0.4125821970430952
202,unseen,lgbm_process,22,False,0.16544325239977417,-1.8579535172426187
202,unseen,knn,22,False,0.026538678712591763,-1.7379667447558464
203,all,lgbm,105,False,0.377399958532034,0.9361876722052713
203,all,ridge,105,False,0.3297117976363259,0.5072134809510551
203,all,lgbm_process,105,False,0.2722327188292339,0.8489882537383817
203,all,knn,105,False,0.21274158260217996,0.9731890255169713
203,unseen,lgbm,24,False,0.31130434782608696,0.3658953142536472
203,unseen,ridge,24,False,0.27478260869565213,-2.1746046857463543
203,unseen,lgbm_process,24,False,0.2478260869565217,1.6656582772166093
203,unseen,knn,24,False,-0.010434782608695651,0.3658953142536472
204,all,lgbm,87,False,0.3373004301232047,1.688372523530159
204,all,ridge,87,False,0.3107822410147991,1.9215791206140267
204,all,lgbm_process,87,False,0.184406211270686,1.0488698374941965
204,all,knn,87,False,0.20678089902690316,1.4343281768034117
204,unseen,lgbm,15,False,0.4964285714285714,1.5008498977802383
204,unseen,ridge,15,False,0.37499999999999994,3.3265317159620587
204,unseen,lgbm_process,15,False,0.37499999999999994,2.5729602873906288
204,unseen,knn,15,False,0.1607142857142857,-1.3361501022197615
205,all,lgbm,95,False,0.35251959686450174,1.7902115099967073
205,all,ridge,95,False,0.35452127659574467,1.641272116057312
205,all,lgbm_process,95,False,0.2588885778275476,0.6153108084579131
205,all,knn,95,False,0.17709274045149523,0.8765785127307435
205,unseen,lgbm,17,False,0.5318627450980392,3.4692552776431462
205,unseen,ridge,17,False,0.5612745098039216,3.5262249746128447
205,unseen,lgbm_process,17,False,0.6642156862745099,4.306693088588421
205,unseen,knn,17,False,0.11158800380653923,-0.5215629041750329
206,all,lgbm,99,False,0.4855163883735312,2.294125447360825
206,all,ridge,99,False,0.421595547309833,1.8901018840382946
206,all,lgbm_process,99,False,0.43036487322201605,2.1040265434446894
206,all,knn,99,False,0.25168233740310436,1.2115418293484002
206,unseen,lgbm,26,False,0.5719658119658119,2.652574201519167
206,unseen,ridge,26,False,0.524102564102564,1.7583242015191693
206,unseen,lgbm_process,26,False,0.610940170940171,3.2741433645019082
206,unseen,knn,26,False,0.2376474645777435,-0.7686341318141636
207,all,lgbm,93,False,0.46429530601891916,1.8255699937751135
207,all,ridge,93,False,0.49600131300170086,1.4645819698043105
207,all,lgbm_process,93,False,0.3556742562143773,2.2220266402910713
207,all,knn,93,False,0.36696002229827873,2.804651243498517
207,unseen,lgbm,18,False,0.1042311661506708,-1.455773667937958
207,unseen,ridge,18,False,0.38493292053663575,0.32652044970910055
207,unseen,lgbm_process,18,False,0.3519091847265222,0.32652044970910055
207,unseen,knn,18,False,0.3500258597586871,2.121583474919184
208,all,lgbm,96,False,0.5723684210526315,1.8881284644942866
208,all,ridge,96,False,0.5054801953336951,1.6193713936962322
208,all,lgbm_process,96,False,0.5244981009224091,2.554370323102665
208,all,knn,96,False,0.31670736962194246,1.3637010805012295
208,unseen,lgbm,23,False,0.6561264822134387,2.2540500061070734
208,unseen,ridge,23,False,0.599802371541502,3.432285048842113
208,unseen,lgbm_process,23,False,0.8577075098814229,3.435169664226729
208,unseen,knn,23,False,0.39733136869029373,0.45080000610707316
209,all,lgbm,96,False,0.4012072707542051,2.234694319223328
209,all,ridge,96,False,0.4265735214324471,1.4797767721230777
209,all,lgbm_process,96,False,0.38281334780249593,2.5582602597489768
209,all,knn,96,False,0.3176077183888715,2.2953912730291286
209,unseen,lgbm,21,False,0.21428571428571425,2.7194143446735985
209,unseen,ridge,21,False,0.3077922077922078,1.0986643446735993
209,unseen,lgbm_process,21,False,0.4,3.690407409242063
209,unseen,knn,21,False,0.10847678389593611,-0.4089189886597353
210,all,lgbm,104,False,0.4207937693374587,1.8255360090052974
210,all,ridge,104,False,0.4184999466552865,2.6439676448477893
210,all,lgbm_process,104,False,0.31998292969166764,0.7066346001485222
210,all,knn,104,False,0.2628337311240065,1.0225742889304694
210,unseen,lgbm,26,False,0.44,0.06821954659525709
210,unseen,ridge,26,False,0.3811965811965812,0.8398862132619254
210,unseen,lgbm_process,26,False,0.3647863247863247,1.5262323671080775
210,unseen,knn,26,False,0.1938461538461538,-1.6758192541102108
211,all,lgbm,96,False,0.5440179055887141,1.79623251463474
211,all,ridge,96,False,0.5305344546934346,1.4660594646515879
211,all,lgbm_process,96,False,0.5227753662506782,2.4030732721513086
211,all,knn,96,False,0.34767391155476185,1.828307476931963
211,unseen,lgbm,22,False,0.5031055900621118,0.6714453180155875
211,unseen,ridge,22,False,0.6103896103896105,2.230445318015585
211,unseen,lgbm_process,22,False,0.637492941840768,1.8860027342835277
211,unseen,knn,22,False,0.4217955957086392,-0.839607313563361
212,all,lgbm,100,False,0.358055805580558,1.0008401698556302
212,all,ridge,100,False,0.36252025202520244,1.195958016149465
212,all,lgbm_process,100,False,0.2609180918091809,0.9800461965472156
212,all,knn,100,False,0.26313231202497306,1.0653323434007174
212,unseen,lgbm,22,False,0.3201581027667985,1.4850719560000307
212,unseen,ridge,22,False,0.5810276679841898,3.6199052893333654
212,unseen,lgbm_process,22,False,0.2874082439299831,1.4850719560000307
212,unseen,knn,22,False,0.26433212011423396,-0.8499280439999684
213,all,lgbm,104,False,0.43207084177957966,1.2634770744753236
213,all,ridge,104,False,0.4661581137309293,1.5581805016037507
213,all,lgbm_process,104,False,0.3615127534226916,1.5000625206121398
213,all,knn,104,False,0.26125996602073515,1.5115522826005297
213,unseen,lgbm,27,False,0.4981684981684982,1.981472605217471
213,unseen,ridge,27,False,0.5323565323565322,2.651147929892794
213,unseen,lgbm_process,27,False,0.4621489621489622,1.8877860452021427
213,unseen,knn,27,False,0.14990078025355838,-0.4302581640132992
214,all,lgbm,91,False,0.480697563306259,1.0504363097290774
214,all,ridge,91,False,0.5358178053830228,2.6425513616413774
214,all,lgbm_process,91,False,0.2473323777671604,0.5864824149598036
214,all,knn,91,False,0.21335563406328237,1.1921136571363018
214,unseen,lgbm,25,False,0.3992307692307692,-0.7403633902869373
214,unseen,ridge,25,False,0.42692307692307696,1.1071450272214811
214,unseen,lgbm_process,25,False,0.42692307692307696,1.456235936312389
214,unseen,knn,25,False,0.14307692307692307,-0.1541729140964616
215,all,lgbm,97,False,0.38445455501788345,0.9443695710482505
215,all,ridge,97,False,0.35513096991373866,1.6289529222577617
215,all,lgbm_process,97,False,0.32976541131916676,1.7856122325232473
215,all,knn,97,False,0.2604853330619319,1.1990305198216973
215,unseen,lgbm,21,False,0.2922077922077922,0.737852738547355
215,unseen,ridge,21,False,0.24285714285714283,0.737852738547355
215,unseen,lgbm_process,21,False,0.41818181818181815,0.737852738547355
215,unseen,knn,21,False,0.2194805194805195,-1.4189488487542317
216,all,lgbm,104,False,0.3583484476688361,1.642220237618508
216,all,ridge,104,False,0.36832390910060814,0.7211927179836692
216,all,lgbm_process,104,False,0.2714819161421103,1.7483955632020827
216,all,knn,104,False,0.23867753077998266,1.6991118894391377
216,unseen,lgbm,24,False,0.25217391304347825,0.7954273611123082
216,unseen,ridge,24,False,0.4513043478260869,1.841071300506247
216,unseen,lgbm_process,24,False,0.35739130434782607,0.7954273611123082
216,unseen,knn,24,False,0.18917156350654435,-0.03298781745912116
217,all,lgbm,97,False,0.3762623606143488,1.2007551820885318
217,all,ridge,97,False,0.38082526825163054,1.670208250492994
217,all,lgbm_process,97,False,0.3610088365243004,2.549031113040435
217,all,knn,97,False,0.2773724578028651,1.1405298726774227
217,unseen,lgbm,23,False,0.37549407114624506,1.1634439481337964
217,unseen,ridge,23,False,0.5444664031620554,2.755408233848083
217,unseen,lgbm_process,23,False,0.4229249011857708,2.572658233848081
217,unseen,knn,23,False,0.17741537482564113,-1.0048947964549484
218,all,lgbm,96,False,0.18053445469343463,0.6247047229034131
218,all,ridge,96,False,0.20078676071622356,0.1305155745517652
218,all,lgbm_process,96,False,0.10787475540877076,0.7355019733434602
218,all,knn,96,False,0.07584426926929903,0.7795903154107489
218,unseen,lgbm,23,False,0.3409090909090909,-1.5086042813349962
218,unseen,ridge,23,False,0.3992094861660079,0.7212803340496201
218,unseen,lgbm_process,23,False,0.283596837944664,-1.5086042813349962
218,unseen,knn,23,False,0.08794466403162056,-1.842854281334997
219,all,lgbm,98,False,0.4174779565059388,1.6531900898122558
219,all,ridge,98,False,0.39382463388354394,1.6259122448549022
219,all,lgbm_process,98,False,0.2850065987032113,0.7097204646322055
219,all,knn,98,False,0.3175418919832501,2.0603766972884365
219,unseen,lgbm,24,False,0.27478260869565213,-0.9200804931485393
219,unseen,ridge,24,False,0.43652173913043474,1.4269649613969158
219,unseen,lgbm_process,24,False,0.25304347826086954,-0.9200804931485393
219,unseen,knn,24,False,0.24048706808992887,-0.11972335029139813
220,all,lgbm,98,False,0.34451606322003964,0.801317780624851
220,all,ridge,98,False,0.3324280040038508,0.31843904785004895
220,all,lgbm_process,98,False,0.31702465428533166,2.1413270430472924
220,all,knn,98,False,0.19191420169805262,1.4483355588364368
220,unseen,lgbm,26,False,0.21435897435897436,-0.4236908598966238
220,unseen,ridge,26,False,0.3449572649572649,0.5528442984501307
220,unseen,lgbm_process,26,False,0.30188034188034185,1.581116110685251
220,unseen,knn,26,False,0.15865960225046472,-0.6813062445120082
221,all,lgbm,92,False,0.38184116024228226,0.9326363170137242
221,all,ridge,92,False,0.33187429681118313,0.826667516401205
221,all,lgbm_process,92,False,0.28240062882419126,1.8968652308836873
221,all,knn,92,False,0.23437518171855132,1.6766103643206982
221,unseen,lgbm,20,False,0.4015037593984962,1.1223166669440214
221,unseen,ridge,20,False,0.5518796992481202,2.451795833610687
221,unseen,lgbm_process,20,False,0.45112781954887216,3.2764842173151774
221,unseen,knn,20,False,0.33233082706766914,1.1223166669440214
222,all,lgbm,107,False,0.4181606222692451,1.9130440578488468
222,all,ridge,107,False,0.39990987284233626,0.8400870465057615
222,all,lgbm_process,107,False,0.3289053468915927,1.4416684935670308
222,all,knn,107,False,0.2898523766599294,1.3162894628412456
222,unseen,lgbm,26,False,0.5186324786324785,2.559648337671131
222,unseen,ridge,26,False,0.44341880341880335,1.3371483376711346
222,unseen,lgbm_process,26,False,0.41811965811965807,1.0201245281473241
222,unseen,knn,26,False,0.26808001759561284,-0.7197500580507903
223,all,lgbm,94,False,0.46420546906043425,2.060952677181776
223,all,ridge,94,False,0.41149441895748295,1.7937218804896844
223,all,lgbm_process,94,False,0.3360979662608821,1.250732471055457
223,all,knn,94,False,0.3178901752774611,2.2625862373821697
223,unseen,lgbm,21,False,0.43376623376623374,3.9574351929008476
223,unseen,ridge,21,False,0.5961038961038961,3.9574351929008476
223,unseen,lgbm_process,21,False,0.42727272727272725,3.6203240817897377
223,unseen,knn,21,False,0.05064935064935065,-3.2836191549252387
224,all,lgbm,92,False,0.3506619607601375,0.8081275588604111
224,all,ridge,92,False,0.3259251267666415,0.782529531430642
224,all,lgbm_process,92,False,0.3240294067783549,1.0690854082769814
224,all,knn,92,False,0.25605432757616536,0.8771370808049692
224,unseen,lgbm,17,False,0.25000000000000006,0.8791178599229728
224,unseen,ridge,17,False,0.32598039215686275,3.320784526589639
224,unseen,lgbm_process,17,False,0.29656862745098045,2.3288797646848796
224,unseen,knn,17,False,0.1593137254901961,-2.193431247219884
225,all,lgbm,101,False,0.4317414094350611,1.592223091503973
225,all,ridge,101,False,0.3544205008736167,0.9923683910755621
225,all,lgbm_process,101,False,0.3068025626092021,1.6847423463658906
225,all,knn,101,False,0.1804477138695699,0.6167623000209126
225,unseen,lgbm,26,False,0.3572649572649573,-0.19687902037328264
225,unseen,ridge,26,False,0.37025641025641026,1.0209305034362384
225,unseen,lgbm_process,26,False,0.3811965811965812,0.8500543129600509
225,unseen,knn,26,False,0.18396307329903022,0.379751016256753
226,all,lgbm,102,False,0.3830060333274904,1.6408749103526432
226,all,ridge,102,False,0.41715907741545144,1.905036033133653
226,all,lgbm_process,102,False,0.33523700742432894,1.3552673432273927
226,all,knn,102,False,0.22503152808670082,1.6537682252216594
226,unseen,lgbm,30,False,0.38731924360400444,2.23987935515143
226,unseen,ridge,30,False,0.41713014460511677,1.9572126884847645
226,unseen,lgbm_process,30,False,0.35172413793103446,1.0678793551514314
226,unseen,knn,30,False,0.12169076751946609,-0.95834636847135
227,all,lgbm,106,False,0.4143537295009699,1.667389637648517
227,all,ridge,106,False,0.46527949215305947,2.407894292925901
227,all,lgbm_process,106,False,0.2705752842170064,1.8292656083340493
227,all,knn,106,False,0.2457650188118736,1.2478189234706036
227,unseen,lgbm,28,False,0.150519978106185,-1.054022210632846
227,unseen,ridge,28,False,0.32676518883415434,0.7760144194037846
227,unseen,lgbm_process,28,False,0.13136288998357964,0.7489292201203082
227,unseen,knn,28,False,0.06897495616802878,-0.2275036921143272
228,all,lgbm,103,False,0.422615648201028,1.5645517232688988
228,all,ridge,103,False,0.3791349997803453,2.191645625779696
228,all,lgbm_process,103,False,0.3031078480106536,1.6949719695446284
228,all,knn,103,False,0.2131138093785796,1.26434860242931
228,unseen,lgbm,25,False,0.4238461538461538,-0.16355824560704946
228,unseen,ridge,25,False,0.4123076923076923,2.1447750877262823
228,unseen,lgbm_process,25,False,0.43769230769230766,1.4233303413494713
228,unseen,knn,25,False,0.27,0.34810842105961726
229,all,lgbm,95,False,0.4193169092945129,0.5638369315834808
229,all,ridge,95,False,0.4919372900335946,0.9296109485711899
229,all,lgbm_process,95,False,0.31982082866741324,1.841577914770017
229,all,knn,95,False,0.22751548790227552,1.1926023389704916
229,unseen,lgbm,25,False,0.4061538461538462,0.4409734984417035
229,unseen,ridge,25,False,0.5715384615384614,2.0320327089680177
229,unseen,lgbm_process,25,False,0.3646153846153847,2.503371994682304
229,unseen,knn,25,False,0.07461538461538461,-1.9465265015582975
230,all,lgbm,95,False,0.3951987681970885,2.1365883430993584
230,all,ridge,95,False,0.43096304591265394,1.8357288638229274
230,all,lgbm_process,95,False,0.3213407101808246,2.370878913917428
230,all,knn,95,False,0.21905362107426107,1.5311166005693835
230,unseen,lgbm,22,False,0.4240542066629024,2.1953904668931514
230,unseen,ridge,22,False,0.43083003952569177,2.44289046689315
230,unseen,lgbm_process,22,False,0.4997176736307172,2.88969046689315
230,unseen,knn,22,False,0.1507622811970638,1.7971404668931505
231,all,lgbm,101,False,0.42630168899242865,0.8541399186484071
231,all,ridge,101,False,0.3878974956319161,0.8745534765035341
231,all,lgbm_process,101,False,0.2431333721607455,0.21966637324355354
231,all,knn,101,False,0.1737489413521282,1.0294074816027639
231,unseen,lgbm,26,False,0.30188034188034185,-0.13781637833872473
231,unseen,ridge,26,False,0.14461538461538462,0.5043905813682379
231,unseen,lgbm_process,26,False,0.17811965811965808,0.635533375355859
231,unseen,knn,26,False,-0.10427350427350426,-2.1811497116720577
232,all,lgbm,107,False,0.48461960461607795,2.3625974070594467
232,all,ridge,107,False,0.485981308411215,1.6236514368389265
232,all,lgbm_process,107,False,0.36689190347663736,1.3271640239347775
232,all,knn,107,False,0.30275730712564264,1.399838585400646
232,unseen,lgbm,27,False,0.4896214896214896,1.5461144182091662
232,unseen,ridge,27,False,0.531135531135531,1.6456382277329755
232,unseen,lgbm_process,27,False,0.4432234432234432,2.232507112273092
232,unseen,knn,27,False,0.3566412379997084,0.6412691801139268
233,all,lgbm,101,False,0.47664531158998247,1.2212985443644033
233,all,ridge,101,False,0.43891671520093184,1.7482569997091861
233,all,lgbm_process,101,False,0.366919044845661,0.9175444006209315
233,all,knn,101,False,0.2906553451202281,1.0916787631034612
233,unseen,lgbm,27,False,0.4792429792429792,-0.8810291965929586
233,unseen,ridge,27,False,0.5006105006105006,0.9740806129874393
233,unseen,lgbm_process,27,False,0.3778998778998779,0.18957080906586832
233,unseen,knn,27,False,0.2985803728879432,-0.044938287502050756
234,all,lgbm,98,False,0.4037450031559015,1.4941362027302034
234,all,ridge,98,False,0.3432919559576408,0.2654019644194925
234,all,lgbm_process,98,False,0.34714279338727055,1.0923633111120612
234,all,knn,98,False,0.240351723838669,2.0066111455642446
234,unseen,lgbm,26,False,0.3846153846153845,1.9673940664895895
234,unseen,ridge,26,False,0.4468376068376068,2.6740607331562547
234,unseen,lgbm_process,26,False,0.5829059829059828,2.562809939505465
234,unseen,knn,26,False,0.2270473618411823,0.3093940664895918
235,all,lgbm,103,False,0.510115099064271,2.4058712172009677
235,all,ridge,103,False,0.4613188068356544,1.0584891284563813
235,all,lgbm_process,103,False,0.45384081031013424,1.8741034582147602
235,all,knn,103,False,0.3196963985341038,2.1036680020841985
235,unseen,lgbm,28,False,0.37328954570333883,2.2503541156239404
235,unseen,ridge,28,False,0.30158730158730157,0.8649695002393241
235,unseen,lgbm_process,28,False,0.43185550082101803,2.6436411586695847
235,unseen,knn,28,False,0.18450589248672972,-0.9575176792478537
236,all,lgbm,101,False,0.3570016220213798,1.593875544812871
236,all,ridge,101,False,0.38074077094154135,1.0536832168864656
236,all,lgbm_process,101,False,0.23745555461823054,1.3146217056726623
236,all,knn,101,False,0.18675753293479422,0.8868077452155791
236,unseen,lgbm,26,False,0.4564102564102564,2.9265646245291883
236,unseen,ridge,26,False,0.5001709401709401,2.3360646245291914
236,unseen,lgbm_process,26,False,0.43316239316239313,3.0019842956234335
236,unseen,knn,26,False,0.1303009652124786,-0.4436020421374778
237,all,lgbm,99,False,0.45782312925170066,1.3903807543364781
237,all,ridge,99,False,0.4159059987631416,1.465913727982521
237,all,lgbm_process,99,False,0.3334570191713048,1.8890155955141115
237,all,knn,99,False,0.29573941275396387,1.5169021693424511
237,unseen,lgbm,27,False,0.34371184371184366,1.3702777182708186
237,unseen,ridge,27,False,0.28266178266178266,1.8605668735599732
237,unseen,lgbm_process,27,False,0.44627594627594624,1.9842753872684877
237,unseen,knn,27,False,0.2600732600732601,0.6823575502035926
238,all,lgbm,101,False,0.4688293535235876,2.679871685157085
238,all,ridge,101,False,0.3880838672102504,1.667451642010045
238,all,lgbm_process,101,False,0.43291788002329645,2.2298034649636502
238,all,knn,101,False,0.31595378884010605,1.68069316404687
238,unseen,lgbm,23,False,0.5138339920948617,3.0655474554788213
238,unseen,ridge,23,False,0.5642292490118578,4.482184360240726
238,unseen,lgbm_process,23,False,0.6818181818181818,4.351081875768678
238,unseen,knn,23,False,0.27081789806253853,-0.3656267869454197
239,all,lgbm,96,False,0.4540830168204015,2.5116966784055936
239,all,ridge,96,False,0.41823114487249047,1.470574751023019
239,all,lgbm_process,96,False,0.3136190992946283,1.5361337042173826
239,all,knn,96,False,0.2635973926706305,1.9407685519278122
239,unseen,lgbm,22,False,0.5110107284020329,1.977690653625075
239,unseen,ridge,22,False,0.4963297571993225,5.071143034577455
239,unseen,lgbm_process,22,False,0.6058723884810843,3.2671430345774564
239,unseen,knn,22,False,0.19486021675087759,-0.03493434637492321
240,all,lgbm,101,False,0.43528246942341287,1.4448342665847278
240,all,ridge,101,False,0.5307862550960978,2.3798796671883036
240,all,lgbm_process,101,False,0.3944554455445544,1.5898496852016972
240,all,knn,101,False,0.27238838674600513,2.39693814909932
240,unseen,lgbm,22,False,0.4025974025974026,1.2329363881594624
240,unseen,ridge,22,False,0.5674760022586111,2.9085613881594625
240,unseen,lgbm_process,22,False,0.3506493506493507,-0.050962324616993016
240,unseen,knn,22,False,0.02766798418972332,1.2329363881594624
241,all,lgbm,99,False,0.43856524427953003,2.383114344765378
241,all,ridge,99,False,0.3524551638837353,1.6863556219040703
241,all,lgbm_process,99,False,0.26185528756957327,0.3863622834892819
241,all,knn,99,False,0.18659252941325202,1.671259753330741
241,unseen,lgbm,24,False,0.48,1.4818689734533006
241,unseen,ridge,24,False,0.4904347826086956,5.070656852241177
241,unseen,lgbm_process,24,False,0.29478260869565215,0.0702023067866353
241,unseen,knn,24,False,0.2739726092163746,-0.5528431477588196
242,all,lgbm,91,False,0.380060519190954,0.8623312730523054
242,all,ridge,91,False,0.36249402771141903,1.1218072108473685
242,all,lgbm_process,91,False,0.3120095238499163,1.8112028124736472
242,all,knn,91,False,0.16550389619098937,1.5941007797057605
242,unseen,lgbm,20,False,0.21804511278195485,0.6892740313843291
242,unseen,ridge,20,False,0.1533834586466165,2.910274031384329
242,unseen,lgbm_process,20,False,0.27368421052631575,0.6892740313843291
242,unseen,knn,20,False,0.06466165413533834,-1.805410179141985
243,all,lgbm,106,False,0.41681235357835605,0.9150580527009211
243,all,ridge,106,False,0.37853238279970775,1.526187096792727
243,all,lgbm_process,106,False,0.2904609679858272,1.1500464454398145
243,all,knn,106,False,0.2751087093801957,1.4766183519327516
243,unseen,lgbm,29,False,0.33399014778325115,0.5231108616386173
243,unseen,ridge,29,False,0.26305418719211815,1.1871849357126898
243,unseen,lgbm_process,29,False,0.23990147783251226,0.9922960468238013
243,unseen,knn,29,False,0.2623799044889769,0.1771866192143765
244,all,lgbm,100,False,0.42712271227122706,0.5473987919727961
244,all,ridge,100,False,0.38219021902190214,1.4237199867036043
244,all,lgbm_process,100,False,0.3609600960096009,2.0223627622213645
244,all,knn,100,False,0.2852813486920546,1.441597892377981
244,unseen,lgbm,23,False,0.3656126482213439,0.13449899748747995
244,unseen,ridge,23,False,0.47727272727272735,3.795957330820812
244,unseen,lgbm_process,23,False,0.4031620553359684,3.9886981720691175
244,unseen,knn,23,False,-0.03558191361405616,-1.9586260025125206
245,all,lgbm,87,False,0.33564190420645906,0.9199868285632711
245,all,ridge,87,False,0.4204272071152584,1.5437778656320855
245,all,lgbm_process,87,False,0.2583290807027775,1.4587116942698692
245,all,knn,87,False,0.22624364583798076,0.9804175529359096
245,unseen,lgbm,17,False,-0.07107843137254903,-1.1582482388403523
245,unseen,ridge,17,False,0.02696078431372549,-1.1582482388403523
245,unseen,lgbm_process,17,False,0.058823529411764705,0.8023744261658745
245,unseen,knn,17,False,0.24264705882352944,-0.23724823884035118
246,all,lgbm,102,False,0.38115136470814415,1.1070126755588792
246,all,ridge,102,False,0.34664774301530665,1.4458268518691302
246,all,lgbm_process,102,False,0.34137873514771677,1.7814295354989511
246,all,knn,102,False,0.3592643729352196,1.8766942550753178
246,unseen,lgbm,24,False,0.3069565217391304,4.146730888683443
246,unseen,ridge,24,False,0.3565217391304348,4.146730888683443
246,unseen,lgbm_process,24,False,0.3078260869565217,0.5798558886834435
246,unseen,knn,24,False,0.17569037162446882,-2.2452276099938047
247,all,lgbm,99,False,0.3347309833024118,2.0244561508748085
247,all,ridge,99,False,0.2843290043290043,1.466364703506386
247,all,lgbm_process,99,False,0.18550401978973408,1.1155325699244365
247,all,knn,99,False,0.26654874108736826,1.614595294563026
247,unseen,lgbm,24,False,0.37130434782608696,3.5942933791641227
247,unseen,ridge,24,False,0.4721739130434783,3.5942933791641227
247,unseen,lgbm_process,24,False,0.20608695652173914,3.378964431795703
247,unseen,knn,24,False,0.2639704345941895,1.1533211569419013
248,all,lgbm,100,False,0.4934893489348935,1.046434106119154
248,all,ridge,100,False,0.4323312331233123,1.397506995274819
248,all,lgbm_process,100,False,0.36799279927992795,-0.31074916381364126
248,all,knn,100,False,0.34672916198965564,0.8645549262740051
248,unseen,lgbm,27,False,0.4884004884004884,1.042934080884816
248,unseen,ridge,27,False,0.4242979242979243,2.4466007475514857
248,unseen,lgbm_process,27,False,0.43101343101343104,-0.7965897286389918
248,unseen,knn,27,False,0.4432234432234432,-0.6960421095913745
249,all,lgbm,96,False,0.5517634291915355,1.586860096410506
249,all,ridge,96,False,0.5060227889310905,2.651051559785511
249,all,lgbm_process,96,False,0.35398806294085733,0.059070531347833466
249,all,knn,96,False,0.25711708267393707,1.1825931230006006
249,unseen,lgbm,26,False,0.589059829059829,2.12439419551324
249,unseen,ridge,26,False,0.6423931623931624,3.5498941955132413
249,unseen,lgbm_process,26,False,0.615042735042735,2.4478299097989566
249,unseen,knn,26,False,0.40034188034188034,0.5195124750831326
250,all,lgbm,101,False,0.5033212094407172,1.8799694534057636
250,all,ridge,101,False,0.48602937108351413,1.71540091028222
250,all,lgbm_process,101,False,0.42492384929440474,1.2014130321981398
250,all,knn,101,False,0.3258949918951375,1.9364513527021874
250,unseen,lgbm,22,False,0.549407114624506,0.865961981259229
250,unseen,ridge,22,False,0.5821569734613213,3.9677801630774105
250,unseen,lgbm_process,22,False,0.48164878599661215,1.4822384964107442
250,unseen,knn,22,False,0.15193448784343788,-1.284663018740769
251,all,lgbm,93,False,0.3929605204261286,1.8712171959967066
251,all,ridge,93,False,0.385351078750261,1.9454808904449656
251,all,lgbm_process,93,False,0.2090358389782459,0.13479954618798828
251,all,knn,93,False,0.24328135624772332,1.5847816971862496
251,unseen,lgbm,18,False,0.23219814241486067,-0.8814313934481781
251,unseen,ridge,18,False,0.5314757481940144,0.786326182309395
251,unseen,lgbm_process,18,False,0.025799793601651185,0.786326182309395
251,unseen,knn,18,False,0.1929824561403509,-1.8093202823370689
252,all,lgbm,98,False,0.45385689421035513,1.7287116462211483
252,all,ridge,98,False,0.36535138891545366,1.672429211109261
252,all,lgbm_process,98,False,0.3421571065164584,1.148569956949805
252,all,knn,98,False,0.2950052456426349,1.143861458435003
252,unseen,lgbm,22,False,0.3596837944664032,0.9581731399699027
252,unseen,ridge,22,False,0.3777526821005082,3.131228695525458
252,unseen,lgbm_process,22,False,0.2523997741389046,0.9581731399699027
252,unseen,knn,22,False,0.0378317334839074,-2.138172263469251
253,all,lgbm,95,False,0.35887458006718925,1.8323195328390351
253,all,ridge,95,False,0.39035554311310194,1.4634466553108254
253,all,lgbm_process,95,False,0.3010788811569427,2.306932082483458
253,all,knn,95,False,0.23364551509996,1.6385716612568508
253,unseen,lgbm,22,False,0.09316770186335405,-1.0030114807737753
253,unseen,ridge,22,False,0.32128740824393004,3.1677401452424867
253,unseen,lgbm_process,22,False,0.13721061547148505,2.3504794283171346
253,unseen,knn,22,False,0.0694522868435912,-0.9525307115430053
254,all,lgbm,97,False,0.32037660424994735,0.9883421926532385
254,all,ridge,97,False,0.3266095097832947,1.340690772774943
254,all,lgbm_process,97,False,0.21721807279612876,0.662856193006002
254,all,knn,97,False,0.07941293529301907,0.2564655568234695
254,unseen,lgbm,20,False,0.29473684210526313,2.0249970617800734
254,unseen,ridge,20,False,0.40451127819548865,2.0249970617800734
254,unseen,lgbm_process,20,False,0.24962406015037594,1.1633231487365947
254,unseen,knn,20,False,0.12410681584698119,-2.7011779591054754
255,all,lgbm,101,False,0.46590564938846823,0.5713230560163822
255,all,ridge,101,False,0.5141991846243448,2.06610686110019
255,all,lgbm_process,101,False,0.4112871287128713,1.5827217166294005
255,all,knn,101,False,0.2997355539003946,1.5009898256557346
255,unseen,lgbm,25,False,0.2369230769230769,1.4329665441848345
255,unseen,ridge,25,False,0.4061538461538462,0.48063699873029186
255,unseen,lgbm_process,25,False,0.3146153846153846,-2.1339084558151633
255,unseen,knn,25,False,0.1465948550219955,-2.0368370272437364
256,all,lgbm,95,False,0.39731243001119815,0.6675834149321993
256,all,ridge,95,False,0.45177771556550955,1.4567039569937528
256,all,lgbm_process,95,False,0.3045912653975364,1.3324243565566434
256,all,knn,95,False,0.2816555387090261,1.3042775721863311
256,unseen,lgbm,24,False,0.25999999999999995,-1.0617279336465746
256,unseen,ridge,24,False,0.3608695652173913,2.943886784968141
256,unseen,lgbm_process,24,False,0.21304347826086956,0.6060296421109985
256,unseen,knn,24,False,0.29217391304347823,-1.0000472613776683
257,all,lgbm,108,False,0.3737174540569893,2.3178817438238095
257,all,ridge,108,False,0.377652023969438,2.014896394162614
257,all,lgbm_process,108,False,0.3226537864281155,1.9351221061330008
257,all,knn,108,False,0.2246475376193501,2.0299764851008533
257,unseen,lgbm,24,False,0.10869565217391304,1.465978469782014
257,unseen,ridge,24,False,0.22,3.9467739243274664
257,unseen,lgbm_process,24,False,0.4913043478260869,0.6973926111961557
257,unseen,knn,24,False,-0.055676386302230325,-2.778327085773542
258,all,lgbm,101,False,0.430541642399534,1.9468276235148565
258,all,ridge,101,False,0.37223063482818863,1.1272522372997642
258,all,lgbm_process,101,False,0.32698893418753644,1.2720119370303635
258,all,knn,101,False,0.23465102646463457,1.2019322481864076
258,unseen,lgbm,23,False,0.5385375494071146,2.8233657447795437
258,unseen,ridge,23,False,0.5276679841897233,4.130085996072966
258,unseen,lgbm_process,23,False,0.6561264822134387,4.080421493908462
258,unseen,knn,23,False,0.2124505928853755,-0.11970717188712321
259,all,lgbm,99,False,0.44695114409400116,2.4364817221755377
259,all,ridge,99,False,0.4351267779839208,2.3899605498748535
259,all,lgbm_process,99,False,0.39429808286951146,1.446518359858473
259,all,knn,99,False,0.24598133520431623,1.3678381462302518
259,unseen,lgbm,20,False,0.4060150375939849,2.894813607052665
259,unseen,ridge,20,False,0.39999999999999997,2.894813607052665
259,unseen,lgbm_process,20,False,0.437593984962406,2.5489542320526652
259,unseen,knn,20,False,0.05415570146050089,-4.154755837391779
260,all,lgbm,95,False,0.38241881298992164,1.3936839674667905
260,all,ridge,95,False,0.3176091825307951,0.650371798974783
260,all,lgbm_process,95,False,0.26488754510081386,0.7907779330481457
260,all,knn,95,False,0.11792127668287601,0.7837622595815823
260,unseen,lgbm,20,False,0.16541353383458643,-2.800652483393888
260,unseen,ridge,20,False,0.34586466165413526,3.769686802320395
260,unseen,lgbm_process,20,False,0.09172932330827067,-0.5492239119653171
260,unseen,knn,20,False,-0.1518796992481203,-3.189938197679604
261,all,lgbm,87,False,0.4716045782605525,1.2382824135463348
261,all,ridge,87,False,0.5059962090836188,1.9403284909520604
261,all,lgbm_process,87,False,0.2954545454545454,0.7221926241959142
261,all,knn,87,False,0.30192170406215907,1.7030970722987337
261,unseen,lgbm,19,False,0.2175438596491228,-0.2333495472552798
261,unseen,ridge,19,False,0.30877192982456136,1.1061888821515726
261,unseen,lgbm_process,19,False,0.1456140350877193,0.24665045274472064
261,unseen,knn,19,False,0.1,-0.8796764321759145
262,all,lgbm,95,False,0.5094064949608063,2.1549028773647727
262,all,ridge,95,False,0.49209126539753645,2.1610320259939204
262,all,lgbm_process,95,False,0.46082888028305785,1.3243330208171287
262,all,knn,95,False,0.3881896754650729,1.683039403749131
262,unseen,lgbm,22,False,0.3935629587803502,1.1064424528357275
262,unseen,ridge,22,False,0.5381140598531904,4.004840721233993
262,unseen,lgbm_process,22,False,0.4568040654997177,3.1788335266415437
262,unseen,knn,22,False,0.25698956122217187,-2.235337732922787
263,all,lgbm,99,False,0.3230797773654916,1.7510606726643587
263,all,ridge,99,False,0.30321583178726036,-0.14443275903088093
263,all,lgbm_process,99,False,0.2663450834879406,0.7575462227250114
263,all,knn,99,False,0.16155468688160157,1.3237682915997162
263,unseen,lgbm,26,False,0.3182905982905983,1.4906854696573468
263,unseen,ridge,26,False,0.18974358974358974,-0.5329811970093186
263,unseen,lgbm_process,26,False,0.30871794871794866,2.2558908977669745
263,unseen,knn,26,False,0.017099864201112678,-2.2887084697365943
264,all,lgbm,95,False,0.4569708846584546,2.2822227125404044
264,all,ridge,95,False,0.46062430011198213,2.282283864405871
264,all,lgbm_process,95,False,0.3748040313549832,1.4354687286293384
264,all,knn,95,False,0.28450134571971225,1.5876009573273464
264,unseen,lgbm,25,False,0.5453846153846154,1.4600961177711174
264,unseen,ridge,25,False,0.5838461538461539,2.4888560384060394
264,unseen,lgbm_process,25,False,0.5069230769230769,0.35849889554889636
264,unseen,knn,25,False,0.3884615384615384,-0.9387550727050709
265,all,lgbm,101,False,0.49563191613278973,1.8431607394111644
265,all,ridge,101,False,0.4791263832265579,1.5584037441160117
265,all,lgbm_process,101,False,0.45409567296544595,2.0114371602561825
265,all,knn,101,False,0.3481846961317301,1.6437675950490505
265,unseen,lgbm,25,False,0.4107692307692308,1.9856329087673323
265,unseen,ridge,25,False,0.34076923076923077,2.3491412522756754
265,unseen,lgbm_process,25,False,0.44307692307692315,2.8013326244745116
265,unseen,knn,25,False,-0.03423735397051097,-0.7227004245660016
266,all,lgbm,101,False,0.45692486895748397,2.1103159580056534
266,all,ridge,101,False,0.44831683168316827,1.7705704029593292
266,all,lgbm_process,101,False,0.3307280139778684,0.658611064538615
266,all,knn,101,False,0.31405671454865475,1.5737390537529805
266,unseen,lgbm,25,False,0.4646153846153846,0.4224687179510127
266,unseen,ridge,25,False,0.4769230769230769,2.6930044322367284
266,unseen,lgbm_process,25,False,0.45,3.2523550815873765
266,unseen,knn,25,False,0.3638461538461538,1.224968717951013
267,all,lgbm,88,False,0.37253002712127087,1.2736241580389827
267,all,ridge,88,False,0.30042971364164706,0.4550913500801208
267,all,lgbm_process,88,False,0.3852629354372865,0.697605216443387
267,all,knn,88,False,0.24232923761908687,1.1136094893309938
267,unseen,lgbm,22,False,0.25578769057029926,0.7883148318156916
267,unseen,ridge,22,False,0.25691699604743085,3.835767212768072
267,unseen,lgbm_process,22,False,0.409373235460192,3.093567212768072
267,unseen,knn,22,False,0.08977978543195936,-1.534006596755738
268,all,lgbm,99,False,0.46185528756957334,3.059065897765416
268,all,ridge,99,False,0.5062461348175634,2.4338525800709334
268,all,lgbm_process,99,False,0.3811379097093382,1.9604066075691922
268,all,knn,99,False,0.35127011225370586,1.8415455263571818
268,unseen,lgbm,24,False,0.39739130434782605,4.619539793282437
268,unseen,ridge,24,False,0.41478260869565214,3.3800397932824335
268,unseen,lgbm_process,24,False,0.4513043478260869,4.0396288343783215
268,unseen,knn,24,False,0.28006088942118296,-2.1531720122731226
269,all,lgbm,95,False,0.5069568868980963,0.7460298279213493
269,all,ridge,95,False,0.42365621500559913,1.022562099816124
269,all,lgbm_process,95,False,0.3963045912653975,2.1883611103805443
269,all,knn,95,False,0.21801943129233586,1.9015333245720978
269,unseen,lgbm,19,False,0.3719298245614035,1.2998942960548217
269,unseen,ridge,19,False,0.4263157894736842,2.2412404499009764
269,unseen,lgbm_process,19,False,0.3368421052631579,0.1658942960548213
269,unseen,knn,19,False,-0.02982456140350877,-1.0842723706118438
270,all,lgbm,102,False,0.37648076629479055,0.6545216883282023
270,all,ridge,102,False,0.3247196792780363,1.5079436827259638
270,all,lgbm_process,102,False,0.2541185916928683,1.8667556341079123
270,all,knn,102,False,0.21512205008410848,2.1743919263342075
270,unseen,lgbm,22,False,0.3754940711462451,1.7522478849695435
270,unseen,ridge,22,False,0.16883116883116886,-1.4604897523930944
270,unseen,lgbm_process,22,False,-0.0852625635234331,0.18458121830287766
270,unseen,knn,22,False,0.006777746669595742,-2.2306271150304564
271,all,lgbm,95,False,0.42560190369540873,1.5566652496420375
271,all,ridge,95,False,0.42252239641657335,1.5566636891478272
271,all,lgbm_process,95,False,0.31361391942353084,0.9096059845987643
271,all,knn,95,False,0.32778026860284626,1.878273196459583
271,unseen,lgbm,20,False,0.43458646616541347,2.285476978299048
271,unseen,ridge,20,False,0.43909774436090226,1.3271133419354122
271,unseen,lgbm_process,20,False,0.22857142857142856,-0.22846560543300853
271,unseen,knn,20,False,0.16240601503759397,0.24211334193541134
272,all,lgbm,100,False,0.5103510351035103,1.8636748464070934
272,all,ridge,100,False,0.5041344134413441,2.4830829064678337
272,all,lgbm_process,100,False,0.4165256525652565,1.6520757935728483
272,all,knn,100,False,0.32788233150597884,1.5430781836948064
272,unseen,lgbm,24,False,0.497391304347826,1.5103504116021291
272,unseen,ridge,24,False,0.5347826086956522,4.001600411602128
272,unseen,lgbm_process,24,False,0.46173913043478254,0.7172190984708156
272,unseen,knn,24,False,0.31267667623265616,-1.5246053271036093
273,all,lgbm,105,False,0.5154675513166079,1.8151680869555538
273,all,ridge,105,False,0.4438627410325523,1.733321885622006
273,all,lgbm_process,105,False,0.41443710978034115,1.5224437595057587
273,all,knn,105,False,0.36470381089009035,1.5713328061929825
273,unseen,lgbm,27,False,0.43589743589743585,0.5098323578799029
273,unseen,ridge,27,False,0.434065934065934,1.6542340672816103
273,unseen,lgbm_process,27,False,0.45726495726495725,2.090562569697072
273,unseen,knn,27,False,0.3807052402773672,-0.05719036939282596
274,all,lgbm,90,False,0.43008601885006376,2.492340019978519
274,all,ridge,90,False,0.4303000370416101,1.063611464583298
274,all,lgbm_process,90,False,0.3551961147466765,1.3147317431788483
274,all,knn,90,False,0.23428103541784454,1.0094692724951262
274,unseen,lgbm,16,False,0.39999999999999997,2.715059208308274
274,unseen,ridge,16,False,0.45,1.3552973035463705
274,unseen,lgbm_process,16,False,0.4705882352941176,3.9072351144916464
274,unseen,knn,16,False,0.016188378186894656,-1.5424407916917229
275,all,lgbm,108,False,0.40269799079710766,1.310914726778135
275,all,ridge,108,False,0.39650556841674045,1.8368719986729047
275,all,lgbm_process,108,False,0.3218257210030397,1.7390462161193412
275,all,knn,108,False,0.26058829118113336,1.5731491802355109
275,unseen,lgbm,29,False,0.5507389162561575,1.6534041186049322
275,unseen,ridge,29,False,0.47192118226600976,3.314237451938265
275,unseen,lgbm_process,29,False,0.4876847290640393,1.0261263408271546
275,unseen,knn,29,False,0.28624215021898247,-0.035762548061734734
276,all,lgbm,98,False,0.43740795287187034,2.0062431417950517
276,all,ridge,98,False,0.4431204534297317,2.1291205800892055
276,all,lgbm_process,98,False,0.3014172866897461,1.3694093755612826
276,all,knn,98,False,0.2584682686647854,1.537012263844046
276,unseen,lgbm,22,False,0.3348390739695088,0.46413779369286345
276,unseen,ridge,22,False,0.3088650479954828,0.46413779369286345
276,unseen,lgbm_process,22,False,0.24788255223037836,-0.003816751761682724
276,unseen,knn,22,False,0.22190852625635235,-1.1167698855843824
277,all,lgbm,102,False,0.41096177007763596,1.6298117251719955
277,all,ridge,102,False,0.42398968623304367,1.158015771274826
277,all,lgbm_process,102,False,0.28762630689111174,0.9338589598117135
277,all,knn,102,False,0.17587296190619947,1.3929980157553352
277,unseen,lgbm,23,False,0.25790513833992096,-0.1505630280489605
277,unseen,ridge,23,False,0.45158102766798425,1.7084142446783126
277,unseen,lgbm_process,23,False,0.2974308300395257,2.679323335587405
277,unseen,knn,23,False,0.21299728843969726,0.007467274981340921
278,all,lgbm,100,False,0.45617761776177607,1.3885894694048933
278,all,ridge,100,False,0.5015661566156615,1.274722048992409
278,all,lgbm_process,100,False,0.35697569756975694,2.1750193033575
278,all,knn,100,False,0.3072362197150862,1.4958016167059913
278,unseen,lgbm,26,False,0.37025641025641026,-0.05742376117130377
278,unseen,ridge,26,False,0.4981196581196581,1.3459095721620304
278,unseen,lgbm_process,26,False,0.40239316239316236,-0.05742376117130377
278,unseen,knn,26,False,0.4317948717948718,0.7725853069963016
279,all,lgbm,87,False,0.3781803601370562,1.5086579434779068
279,all,ridge,87,False,0.36053801851716843,1.465708921339818
279,all,lgbm_process,87,False,0.3132244659911059,0.8482206191306201
279,all,knn,87,False,0.2201735387547074,1.7029321051830504
279,unseen,lgbm,15,False,0.4428571428571427,0.392300280764017
279,unseen,ridge,15,False,0.43214285714285705,0.392300280764017
279,unseen,lgbm_process,15,False,0.34642857142857136,0.392300280764017
279,unseen,knn,15,False,0.2642857142857143,-1.4606751045591935
280,all,lgbm,103,False,0.45383956420506966,1.6892024480315904
280,all,ridge,103,False,0.3704476562843211,0.4971260179689345
280,all,lgbm_process,103,False,0.34045380661599967,1.1300059103331783
280,all,knn,103,False,0.26006079945069405,1.5241520855468522
280,unseen,lgbm,23,False,0.4466403162055336,1.372027201263263
280,unseen,ridge,23,False,0.4189723320158103,1.2491700584061203
280,unseen,lgbm_process,23,False,0.3982213438735178,2.2428557726918346
280,unseen,knn,23,False,0.13636363636363635,1.2598843441204064
281,all,lgbm,95,False,0.38531634938409853,1.313951064320399
281,all,ridge,95,False,0.3505599104143337,0.9148257436658209
281,all,lgbm_process,95,False,0.3652798337082616,2.6503967357477887
281,all,knn,95,False,0.29009407730367215,1.9270111163095933
281,unseen,lgbm,20,False,0.29323308270676685,-1.2598382585130938
281,unseen,ridge,20,False,0.3218045112781954,0.6163985835921704
281,unseen,lgbm_process,20,False,0.3413533834586466,2.3152021141577155
281,unseen,knn,20,False,0.24595714413310815,1.6116617414869072
282,all,lgbm,101,False,0.46718695398951654,1.857449884998557
282,all,ridge,101,False,0.46533488642981946,1.9946734169674514
282,all,lgbm_process,101,False,0.45107746068724514,1.9624999405208072
282,all,knn,101,False,0.34577400794292446,2.2237061983064823
282,unseen,lgbm,25,False,0.5146153846153847,1.7767235135725787
282,unseen,ridge,25,False,0.4930769230769231,2.847452680239245
282,unseen,lgbm_process,25,False,0.5830769230769232,3.3636121005290978
282,unseen,knn,25,False,0.2869230769230769,-0.3137950049459395
283,all,lgbm,88,False,0.31462435278785533,1.4979333412134377
283,all,ridge,88,False,0.2745940614983622,1.028559857309638
283,all,lgbm_process,88,False,0.2530027121270826,0.8564646616932201
283,all,knn,88,False,0.17408573688280685,1.7305819772606768
283,unseen,lgbm,16,False,0.09999999999999999,1.5723746890525945
283,unseen,ridge,16,False,0.25,4.369874689052594
283,unseen,lgbm_process,16,False,0.3588235294117647,4.87543024460815
283,unseen,knn,16,False,0.05003680530494711,-2.16695864428074
284,all,lgbm,98,False,0.4076850984067478,2.0993749165464664
284,all,ridge,98,False,0.4026101537147192,2.019120827286045
284,all,lgbm_process,98,False,0.25413057823442703,0.4095268779895136
284,all,knn,98,False,0.1865764671676515,1.107183272154094
284,unseen,lgbm,26,False,0.30324786324786324,0.032358407918106735
284,unseen,ridge,26,False,0.31418803418803415,1.2940891771488783
284,unseen,lgbm_process,26,False,0.3005128205128205,-0.4079230735633761
284,unseen,knn,26,False,0.015384615384615384,-0.9139802164205157
285,all,lgbm,98,False,0.47211649420780494,2.457240678107752
285,all,ridge,98,False,0.4867547768873247,1.435969656744831
285,all,lgbm_process,98,False,0.419428877455387,2.4770729869743864
285,all,knn,98,False,0.29365180747909486,1.8731245085782948
285,unseen,lgbm,25,False,0.3569230769230769,2.547585723675823
285,unseen,ridge,25,False,0.5076923076923078,3.5967259951690345
285,unseen,lgbm_process,25,False,0.5569230769230769,3.0685941270371657
285,unseen,knn,25,False,0.15464512692298213,0.18964822367582457
286,all,lgbm,108,False,0.442281860013147,2.3395637103562947
286,all,ridge,108,False,0.3429554050320577,0.8592365043198615
286,all,lgbm_process,108,False,0.3285508778949574,1.4613377339705806
286,all,knn,108,False,0.27127106012249025,1.8683028705198375
286,unseen,lgbm,22,False,0.531338226990401,4.414459213261484
286,unseen,ridge,22,False,0.3348390739695088,3.200159213261486
286,unseen,lgbm_process,22,False,0.4692264257481649,4.414459213261484
286,unseen,knn,22,False,0.03558317001537765,-1.1077630089607347
287,all,lgbm,103,False,0.4369041866186355,2.650495840837735
287,all,ridge,103,False,0.4066577340420859,1.583803771732164
287,all,lgbm_process,103,False,0.33920177480999875,1.9974019377050052
287,all,knn,103,False,0.2979457245924558,2.0995205520344005
287,unseen,lgbm,23,False,0.3952569169960475,3.472109048771621
287,unseen,ridge,23,False,0.43083003952569177,3.472109048771621
287,unseen,lgbm_process,23,False,0.5059288537549407,2.8688704124079862
287,unseen,knn,23,False,0.4542758834788845,0.39696714055906135
288,all,lgbm,97,False,0.3203371554807489,1.7951509345190217
288,all,ridge,97,False,0.29428781822007155,1.2781807587270677
288,all,lgbm_process,97,False,0.2531427519461393,0.30365007010148126
288,all,knn,97,False,0.1412771173003257,1.3696702346633192
288,unseen,lgbm,27,False,0.3327228327228327,1.07862722419193
288,unseen,ridge,27,False,0.351037851037851,1.8813355575252633
288,unseen,lgbm_process,27,False,0.46092796092796096,0.04766542765513293
288,unseen,knn,27,False,0.16241795335008768,-0.6300815300168239
289,all,lgbm,108,False,0.3717739861099202,1.1468650298605905
289,all,ridge,108,False,0.3926662665409128,1.389798417326059
289,all,lgbm_process,108,False,0.33595320434041176,2.230836436883042
289,all,knn,108,False,0.2871645126911555,1.6472894793159334
289,unseen,lgbm,26,False,0.5357264957264957,1.3254302198517482
289,unseen,ridge,26,False,0.5015384615384615,2.667007280783647
289,unseen,lgbm_process,26,False,0.5042735042735041,3.3299674590069834
289,unseen,knn,26,False,0.3388034188034188,-0.409281318609791
290,all,lgbm,103,False,0.4960681808197514,2.899839088655872
290,all,ridge,103,False,0.425701796775469,2.4571556820624725
290,all,lgbm_process,103,False,0.4329064710275447,1.7681476359291892
290,all,knn,103,False,0.37798445389888075,2.092719569959417
290,unseen,lgbm,28,False,0.7033388067870826,3.8270482618617088
290,unseen,ridge,28,False,0.6261631089217295,2.9152149285283784
290,unseen,lgbm_process,28,False,0.6896551724137931,3.0556927364993918
290,unseen,knn,28,False,0.3582865778728162,0.2580265531782384
291,all,lgbm,103,False,0.404307428722049,1.1725262559848293
291,all,ridge,103,False,0.4161138689979353,1.4913499247964168
291,all,lgbm_process,103,False,0.3176097175240522,1.6181772052747831
291,all,knn,103,False,0.31910062024168406,1.6584333896524424
291,unseen,lgbm,26,False,0.2027350427350427,-1.1433280953040033
291,unseen,ridge,26,False,0.13641025641025642,0.4387552380293318
291,unseen,lgbm_process,26,False,0.19452991452991453,0.7693892960003463
291,unseen,knn,26,False,0.2834672635035243,1.018140158664254
292,all,lgbm,98,False,0.4396776517542349,1.1309107455999143
292,all,ridge,98,False,0.37705691461214286,2.212961870710304
292,all,lgbm_process,98,False,0.3726960324898469,0.7397104249082265
292,all,knn,98,False,0.33303683074949947,1.206982137891666
292,unseen,lgbm,26,False,0.3517948717948718,2.2279557933158163
292,unseen,ridge,26,False,0.4974358974358974,2.2279557933158163
292,unseen,lgbm_process,26,False,0.4167521367521367,-0.2601923548323324
292,unseen,knn,26,False,0.31692307692307686,0.0880272218872431
293,all,lgbm,100,False,0.36027602760276023,0.7083518594775331
293,all,ridge,100,False,0.4326552655265526,1.9465643160148076
293,all,lgbm_process,100,False,0.28153615361536155,0.834047984830848
293,all,knn,100,False,0.2459643064983669,1.673649466674572
293,unseen,lgbm,20,False,0.33533834586466166,-2.2602841162984983
293,unseen,ridge,20,False,0.5849624060150376,1.1297158837015004
293,unseen,lgbm_process,20,False,0.2902255639097744,-2.2602841162984983
293,unseen,knn,20,False,0.33533834586466166,-1.6913396718540543
294,all,lgbm,108,False,0.400611620795107,1.8782304334533375
294,all,ridge,108,False,0.4315165718749702,1.771797320099827
294,all,lgbm_process,108,False,0.3392590052111616,1.9550628663034395
294,all,knn,108,False,0.19537571521399322,1.285804649721726
294,unseen,lgbm,29,False,0.38029556650246293,2.886626948586306
294,unseen,ridge,29,False,0.5758620689655172,3.235068244132867
294,unseen,lgbm_process,29,False,0.40147783251231517,3.068918822549824
294,unseen,knn,29,False,0.12957260844680274,-1.3084942635349037
295,all,lgbm,106,False,0.37895558858352024,1.9566931072437672
295,all,ridge,106,False,0.3438597375116508,1.4997646648534992
295,all,lgbm_process,106,False,0.21682746807063505,0.8690772855847904
295,all,knn,106,False,0.24016607019961597,0.873166718252655
295,unseen,lgbm,28,False,0.3420908593322386,1.7959878302812768
295,unseen,ridge,28,False,0.3940886699507389,3.747167483960931
295,unseen,lgbm_process,28,False,0.16748768472906403,0.044187685981134095
295,unseen,knn,28,False,0.23405421079548056,-0.876663135902298
296,all,lgbm,92,False,0.4788927762279796,1.7475618214365198
296,all,ridge,92,False,0.5012561071467102,1.410366835981085
296,all,lgbm_process,92,False,0.42251437202348835,1.1572446788081
296,all,knn,92,False,0.2953420031378442,0.4872857220659874
296,unseen,lgbm,18,False,0.4179566563467492,-0.1373866494605327
296,unseen,ridge,18,False,0.48606811145510836,1.7677073355018749
296,unseen,lgbm_process,18,False,0.4757481940144479,3.2500595344925003
296,unseen,knn,18,False,0.04543108504242547,-2.2085514221878064
297,all,lgbm,93,False,0.43385753931544857,1.204333753272591
297,all,ridge,93,False,0.3536301512936051,1.4330253761373477
297,all,lgbm_process,93,False,0.3401122019635343,1.7685550843861524
297,all,knn,93,False,0.20807545188885,1.7908139645464711
297,unseen,lgbm,21,False,0.13376623376623376,-0.45390964706717263
297,unseen,ridge,21,False,0.20649350649350648,1.12470107554355
297,unseen,lgbm_process,21,False,0.4805194805194805,2.976414362256838
297,unseen,knn,21,False,0.0006495615802151863,-0.45390964706717263
298,all,lgbm,101,False,0.4581945253348864,2.2434027544178825
298,all,ridge,101,False,0.3617355853232382,1.8324278090471182
298,all,lgbm_process,101,False,0.4038672102504368,1.667197521406763
298,all,knn,101,False,0.3325576871102836,0.6607983718908059
298,unseen,lgbm,20,False,0.5037593984962406,2.1941821111251745
298,unseen,ridge,20,False,0.2556390977443609,2.1941821111251745
298,unseen,lgbm_process,20,False,0.4631578947368421,4.831985437935348
298,unseen,knn,20,False,0.3271906963238595,-0.9213178888748246
299,all,lgbm,97,False,0.3807332211235009,1.6668227503214776
299,all,ridge,97,False,0.44128708184304644,1.6762828069315319
299,all,lgbm_process,97,False,0.29638615212313046,1.4629963263827097
299,all,knn,97,False,0.249632603985546,1.6067510121756374
299,unseen,lgbm,28,False,0.4433497536945813,2.0778831526299353
299,unseen,ridge,28,False,0.552271483305966,2.110190844937625
299,unseen,lgbm_process,28,False,0.45922276956759717,3.341360721729286
299,unseen,knn,28,False,0.3738880560536798,1.6387164859632684
300,all,lgbm,101,False,0.34413511939429237,0.2815960239981177
300,all,ridge,101,False,0.36280722189866044,0.472968749061792
300,all,lgbm_process,101,False,0.29248689574839837,1.3103881161058872
300,all,knn,101,False,0.21801077848752012,0.9068650368830706
300,unseen,lgbm,23,False,0.208498023715415,-1.197967502990867
300,unseen,ridge,23,False,0.2806324110671937,2.3478137470091323
300,unseen,lgbm_process,23,False,0.10869565217391304,3.235735958611219
300,unseen,knn,23,False,-0.04002965281581317,-1.197967502990867
301,all,lgbm,97,False,0.37501314958973275,1.496882927257694
301,all,ridge,97,False,0.3403508310540711,1.2427768271711859
301,all,lgbm_process,97,False,0.20898054183175538,0.5983895037489955
301,all,knn,97,False,0.11355865396881927,1.299646641560587
301,unseen,lgbm,23,False,0.38241106719367585,1.7260376736944227
301,unseen,ridge,23,False,0.24604743083003952,0.18732338798013792
301,unseen,lgbm_process,23,False,0.1798418972332016,0.2514772341339846
301,unseen,knn,23,False,0.06521739130434782,-1.1183084801517307
302,all,lgbm,100,False,0.43169516951695164,2.1926156901265212
302,all,ridge,100,False,0.41046504650465043,2.025273329310842
302,all,lgbm_process,100,False,0.2887017362801361,1.7238347967755345
302,all,knn,100,False,0.09449565564758801,0.027205364279563327
302,unseen,lgbm,26,False,0.3654700854700854,1.7823984706310458
302,unseen,ridge,26,False,0.3408547008547009,3.2747577779903523
302,unseen,lgbm_process,26,False,0.4974358974358974,3.5450415606633783
302,unseen,knn,26,False,-0.10533516347885409,-2.90472792247939
303,all,lgbm,102,False,0.29017082176521475,0.9997976047525263
303,all,ridge,102,False,0.2906118710100593,0.844836602912391
303,all,lgbm_process,102,False,0.23777643326868383,-0.018494233614397615
303,all,knn,102,False,0.27557950988054625,0.9446492634813204
303,unseen,lgbm,29,False,0.4650246305418719,1.6221972403760816
303,unseen,ridge,29,False,0.2635467980295566,0.88017703835588
303,unseen,lgbm_process,29,False,0.2980295566502463,-0.251577853453016
303,unseen,knn,29,False,0.27392536234381115,-1.4532133125213118
304,all,lgbm,99,False,0.5143970315398886,0.92529037421399
304,all,ridge,99,False,0.47207173778602346,1.2809343606623234
304,all,lgbm_process,99,False,0.3753617810760667,1.8855657094960172
304,all,knn,99,False,0.26911218662740255,1.238236671679811
304,unseen,lgbm,25,False,0.5292307692307692,-0.5405603304302851
304,unseen,ridge,25,False,0.3984615384615384,0.8367337872167724
304,unseen,lgbm_process,25,False,0.4684615384615385,0.8367337872167724
304,unseen,knn,25,False,0.25769230769230766,0.2654690813344196
305,all,lgbm,103,False,0.30193735447875936,0.6239241719765367
305,all,ridge,103,False,0.3377410710363309,1.6169327735091592
305,all,lgbm_process,103,False,0.18351052146026448,1.850906058617566
305,all,knn,103,False,0.20619338201104845,1.9606563797988663
305,unseen,lgbm,23,False,0.23715415019762848,0.8441261976747061
305,unseen,ridge,23,False,0.44762845849802374,4.037459531008038
305,unseen,lgbm_process,23,False,0.1373517786561265,-1.2338048368080532
305,unseen,knn,23,False,-0.01779095680702808,-2.773090551093768
306,all,lgbm,87,False,0.389206823649486,0.20270721039817197
306,all,ridge,87,False,0.34329663920682363,0.8856729929047145
306,all,lgbm_process,87,False,0.2651089888459575,2.169854130341893
306,all,knn,87,False,0.11584732417811315,0.9376150643962315
306,unseen,lgbm,17,False,0.31617647058823534,-2.4616284302469555
306,unseen,ridge,17,False,0.42401960784313725,3.312704903086379
306,unseen,lgbm_process,17,False,0.5294117647058825,4.530463226852165
306,unseen,knn,17,False,-0.03188228680186835,-1.4136412507597758
307,all,lgbm,101,False,0.40272568433313916,2.089719287568462
307,all,ridge,101,False,0.4036109493302271,2.4241653693053564
307,all,lgbm_process,101,False,0.362527664531159,1.9448308911625727
307,all,knn,101,False,0.312899535012951,1.8925868225525413
307,unseen,lgbm,22,False,0.3800112930547713,4.071957355975483
307,unseen,ridge,22,False,0.4918125352907962,4.071957355975483
307,unseen,lgbm_process,22,False,0.4376058723884812,2.710004975023102
307,unseen,knn,22,False,0.2983051323542335,-0.6367479136323588
308,all,lgbm,97,False,0.4904007994950557,1.8668094433794487
308,all,ridge,97,False,0.4692957079739112,1.4132233639782648
308,all,lgbm_process,97,False,0.37484220492320636,1.2850909115911513
308,all,knn,97,False,0.31285753870676364,1.150988714115881
308,unseen,lgbm,24,False,0.5843478260869565,1.0683575043377669
308,unseen,ridge,24,False,0.5356521739130434,3.1596761856564495
308,unseen,lgbm_process,24,False,0.5165217391304348,1.0683575043377669
308,unseen,knn,24,False,0.33739130434782605,1.4435003614806252
309,all,lgbm,97,False,0.3512781401220282,1.2312874834727605
309,all,ridge,97,False,0.35885230380812116,0.8463583304401574
309,all,lgbm_process,97,False,0.2891144050957301,1.7696174002087162
309,all,knn,97,False,0.19425174836893022,1.2391741855211933
309,unseen,lgbm,24,False,0.3043478260869565,1.6103744083297684
309,unseen,ridge,24,False,0.27652173913043476,1.6103744083297684
309,unseen,lgbm_process,24,False,0.32347826086956516,1.6103744083297684
309,unseen,knn,24,False,0.03826918985879519,0.6522845814899405
310,all,lgbm,99,False,0.47114409400123686,1.5507168883760603
310,all,ridge,99,False,0.482708719851577,1.5985932333425712
310,all,lgbm_process,99,False,0.4599505256648113,3.0161672974223332
310,all,knn,99,False,0.3664218474295483,1.9370293196040613
310,unseen,lgbm,18,False,0.6821465428276574,4.587844788993124
310,unseen,ridge,18,False,0.6140350877192982,3.8255233604216947
310,unseen,lgbm_process,18,False,0.7213622291021672,3.616730256973419
310,unseen,knn,18,False,0.258131165013781,-2.0613997165013807
311,all,lgbm,96,False,0.3688279978296256,1.5433931258560651
311,all,ridge,96,False,0.31026858383071076,-0.03480328108117625
311,all,lgbm_process,96,False,0.3104449267498643,0.6164181044339063
311,all,knn,96,False,0.2740219456637995,1.5829286310015664
311,unseen,lgbm,24,False,0.40695652173913033,0.9841671169144401
311,unseen,ridge,24,False,0.4243478260869564,0.1415004502477739
311,unseen,lgbm_process,24,False,0.3834782608695652,0.8010894913436655
311,unseen,knn,24,False,0.30658839602784776,0.13118451618183968
312,all,lgbm,96,False,0.30876288659793816,-0.05600682865882156
312,all,ridge,96,False,0.383776451437873,0.6631378722347154
312,all,lgbm_process,96,False,0.2090748779164406,0.677927075867208
312,all,knn,96,False,0.14353593206594623,0.7767949761491586
312,unseen,lgbm,23,False,0.026679841897233204,-1.6516672929726521
312,unseen,ridge,23,False,0.19960474308300394,-0.4878617374170968
312,unseen,lgbm_process,23,False,0.1432806324110672,0.4638579595526
312,unseen,knn,23,False,0.0019767729785586754,-0.7448617374170983
313,all,lgbm,100,False,0.4211221122112211,1.4957463914310463
313,all,ridge,100,False,0.4180978097809781,1.5558521632134408
313,all,lgbm_process,100,False,0.34509450945094505,1.6445942491449923
313,all,knn,100,False,0.25473651526989993,1.159739671390005
313,unseen,lgbm,25,False,0.5092307692307693,3.4884790282743836
313,unseen,ridge,25,False,0.4415384615384615,1.7371933139886693
313,unseen,lgbm_process,25,False,0.3823076923076923,1.9317694009451891
313,unseen,knn,25,False,0.07424504849784962,-1.188485257439904
314,all,lgbm,94,False,0.3526713145251599,2.5164568363601987
314,all,ridge,94,False,0.3513997760358342,2.133435822286554
314,all,lgbm_process,94,False,0.21179062962829176,0.3233536740426395
314,all,knn,94,False,0.18181687053800258,1.116044463905359
314,unseen,lgbm,21,False,0.3103896103896104,2.2217318479154233
314,unseen,ridge,21,False,0.42727272727272725,4.2679398311087
314,unseen,lgbm_process,21,False,0.2792207792207792,1.2975354193439959
314,unseen,knn,21,False,0.2,-1.7831796743858046
315,all,lgbm,98,False,0.46790862549330875,2.518011354410717
315,all,ridge,98,False,0.45969690594138307,1.6151654204929997
315,all,lgbm_process,98,False,0.346237464057788,1.8062707031502132
315,all,knn,98,False,0.24963335429729294,1.4882282101796527
315,unseen,lgbm,30,False,0.5394883203559511,3.2915928120636195
315,unseen,ridge,30,False,0.6329254727474972,3.9504916215874317
315,unseen,lgbm_process,30,False,0.3721913236929922,0.912266831671463
315,unseen,knn,30,False,0.375834455232563,-0.9309905212697114
316,all,lgbm,105,False,0.43027791384633896,1.643446019959125
316,all,ridge,105,False,0.35082508507552274,1.8800204333864308
316,all,lgbm_process,105,False,0.35853907598525797,1.2439974727884735
316,all,knn,105,False,0.2661033433355215,1.204889035027401
316,unseen,lgbm,24,False,0.44434782608695644,1.5051487309726514
316,unseen,ridge,24,False,0.32608695652173914,1.5051487309726514
316,unseen,lgbm_process,24,False,0.4026086956521739,1.5051487309726514
316,unseen,knn,24,False,0.22869565217391302,-2.018047697598778
317,all,lgbm,107,False,0.4149767824604714,1.7462985206542179
317,all,ridge,107,False,0.38166891984560825,2.188113172084295
317,all,lgbm_process,107,False,0.2931777660220616,1.279558398488529
317,all,knn,107,False,0.2608812809258358,1.7323892288807983
317,unseen,lgbm,29,False,0.39211822660098516,0.39850278472039413
317,unseen,ridge,29,False,0.3852216748768472,1.5108273461239055
317,unseen,lgbm_process,29,False,0.30147783251231525,-0.6087472152796014
317,unseen,knn,29,False,0.3857617962503671,0.7792620439796547
318,all,lgbm,104,False,0.46861197055371817,2.26879416293432
318,all,ridge,104,False,0.39853835484903455,2.352341698819828
318,all,lgbm_process,104,False,0.3784700736157047,0.6861113504825695
318,all,knn,104,False,0.28119923501694194,0.6388383136229621
318,unseen,lgbm,21,False,0.525974025974026,1.569289013917471
318,unseen,ridge,21,False,0.4454545454545455,4.7975582446867
318,unseen,lgbm_process,21,False,0.6025974025974027,0.783111816115273
318,unseen,knn,21,False,0.29480519480519485,-1.0527472764051087
319,all,lgbm,105,False,0.4702156334231805,2.253718954491779
319,all,ridge,105,False,0.4142546133112171,1.8323391909019104
319,all,lgbm_process,105,False,0.31463900746271817,1.1785370433647522
319,all,knn,105,False,0.21375620874596146,1.556844561508063
319,unseen,lgbm,25,False,0.4038461538461539,3.540852099573476
319,unseen,ridge,25,False,0.40076923076923077,3.540852099573476
319,unseen,lgbm_process,25,False,0.5061538461538462,2.1291854329068105
319,unseen,knn,25,False,0.0969417213547052,-0.8531002813789019
320,all,lgbm,102,False,0.3887396735104693,1.201102424606681
320,all,ridge,102,False,0.4037692747001713,2.317524860457283
320,all,lgbm_process,102,False,0.31739147644061955,1.1604458128282253
320,all,knn,102,False,0.2753304798741278,1.5495912555253586
320,unseen,lgbm,26,False,0.3723076923076923,1.0833463557415257
320,unseen,ridge,26,False,0.3941880341880341,2.1978312042263735
320,unseen,lgbm_process,26,False,0.5664957264957264,2.7911303495255204
320,unseen,knn,26,False,0.2188408306902962,-0.2831400860574149
321,all,lgbm,102,False,0.32708325087220314,0.8618982902701262
321,all,ridge,102,False,0.36120236809517614,1.3171578027295077
321,all,lgbm_process,102,False,0.28200575625809293,1.8356813225317463
321,all,knn,102,False,0.13974517862595384,0.7436459334013303
321,unseen,lgbm,26,False,0.31555555555555553,-0.5252267458945443
321,unseen,ridge,26,False,0.5917948717948718,2.113662142994345
321,unseen,lgbm_process,26,False,0.4905982905982905,1.8717372603652347
321,unseen,knn,26,False,0.010258163938607633,-2.854402977070775
322,all,lgbm,91,False,0.2791049530179965,1.412946360399003
322,all,ridge,91,False,0.3178531613314222,0.4744569877212239
322,all,lgbm_process,91,False,0.30985825768434466,2.685186116139006
322,all,knn,91,False,0.18960464203156044,0.9185983190388463
322,unseen,lgbm,20,False,0.12180451127819547,-1.743545366497182
322,unseen,ridge,20,False,0.030075187969924807,-0.8472953664971801
322,unseen,lgbm_process,20,False,0.41052631578947363,3.278554148335603
322,unseen,knn,20,False,-0.1632192669017874,-1.743545366497182
323,all,lgbm,100,False,0.3397419741974197,1.2266900764094526
323,all,ridge,100,False,0.3707890789078907,0.7202832311713578
323,all,lgbm_process,100,False,0.31511045637842516,1.109326407427078
323,all,knn,100,False,0.191535587294012,1.7895047748471438
323,unseen,lgbm,26,False,0.4140170940170939,2.659444457661248
323,unseen,ridge,26,False,0.4844444444444444,1.9475396957564879
323,unseen,lgbm_process,26,False,0.5097435897435897,1.7259579964100809
323,unseen,knn,26,False,0.14324786324786323,0.09231314452993722
324,all,lgbm,101,False,0.43543389633080953,2.3600042995284447
324,all,ridge,101,False,0.3801514269073966,0.8629060229015799
324,all,lgbm_process,101,False,0.3192312172393709,2.291181075787577
324,all,knn,101,False,0.30621017540619316,1.811830108857432
324,unseen,lgbm,22,False,0.45793337097684933,0.5554460487429242
324,unseen,ridge,22,False,0.5064935064935067,1.9598389058857837
324,unseen,lgbm_process,22,False,0.35177865612648224,3.0137116737429235
324,unseen,knn,22,False,0.2749858836815359,-1.874678951257076
325,all,lgbm,92,False,0.47003067059168036,3.0958085801695034
325,all,ridge,92,False,0.4631259343741812,2.7513294985741954
325,all,lgbm_process,92,False,0.3816870366659988,1.313727650422349
325,all,knn,92,False,0.2115177132911147,0.8479199211146202
325,unseen,lgbm,21,False,0.6064935064935064,3.810017707160563
325,unseen,ridge,21,False,0.7025974025974026,3.810017707160563
325,unseen,lgbm_process,21,False,0.6870129870129871,3.0168863940292514
325,unseen,knn,21,False,0.22994479939617593,-1.7096590605162039
326,all,lgbm,105,False,0.2819510678001244,1.4065332864540565
326,all,ridge,105,False,0.2861082313912503,1.9513589433642764
326,all,lgbm_process,105,False,0.18120511405076942,1.4975110230792286
326,all,knn,105,False,0.15022018836363746,1.1062950742458497
326,unseen,lgbm,29,False,0.17241379310344823,2.3187968371667704
326,unseen,ridge,29,False,0.2960591133004925,1.701832551452485
326,unseen,lgbm_process,29,False,0.27192118226600975,0.030046837166771923
326,unseen,knn,29,False,0.050738916256157625,0.4844612653311984
327,all,lgbm,110,False,0.41877690868516554,1.0680117027161629
327,all,ridge,110,False,0.3825124540720871,1.006332937251475
327,all,lgbm_process,110,False,0.3393142934427338,1.234144426865356
327,all,knn,110,False,0.22188756995267392,1.4729285336661633
327,unseen,lgbm,27,False,0.3956043956043956,1.3886198929053428
327,unseen,ridge,27,False,0.4267399267399268,2.8767384736709847
327,unseen,lgbm_process,27,False,0.4157509157509158,0.15417544846089903
327,unseen,knn,27,False,0.11416361416361415,-0.20685629757084456
328,all,lgbm,101,False,0.3728829353523587,0.9939102946350129
328,all,ridge,101,False,0.3767734420500873,2.2190001936249146
328,all,lgbm_process,101,False,0.27288293535235875,0.5300690825137995
328,all,knn,101,False,0.14930424168767162,1.0158183537980747
328,unseen,lgbm,26,False,0.30324786324786324,-2.016832751617896
328,unseen,ridge,26,False,0.42769230769230765,1.3491520968669537
328,unseen,lgbm_process,26,False,0.37777777777777777,-0.5168448728300152
328,unseen,knn,26,False,0.08069755631704671,-1.903856561141703
329,all,lgbm,95,False,0.4889137737961926,2.4448916086717727
329,all,ridge,95,False,0.41832306830907057,1.5164668903000624
329,all,lgbm_process,95,False,0.37548992161254197,1.827916692925017
329,all,knn,95,False,0.3012894145671468,1.211308625115338
329,unseen,lgbm,19,False,0.41052631578947374,4.555447162048475
329,unseen,ridge,19,False,0.36315789473684207,1.0295096620484756
329,unseen,lgbm_process,19,False,0.5263157894736842,4.047038071139385
329,unseen,knn,19,False,0.07368421052631578,-2.2393756193368066
330,all,lgbm,92,False,0.5092242960405653,2.1334304341044064
330,all,ridge,92,False,0.4529537783394726,1.2984433016595496
330,all,lgbm_process,92,False,0.4094909298275357,1.976535663848253
330,all,knn,92,False,0.23979375769412947,2.355488048369997
330,unseen,lgbm,23,False,0.3626482213438736,2.1042750641140895
330,unseen,ridge,23,False,0.44861660079051385,2.1042750641140895
330,unseen,lgbm_process,23,False,0.44762845849802374,0.5934000641140909
330,unseen,knn,23,False,0.11866505117751647,-1.173744281124005
331,all,lgbm,99,False,0.38259740259740255,1.7062465258560149
331,all,ridge,99,False,0.3325788497217068,1.2826059372560206
331,all,lgbm_process,99,False,0.25973487858775557,1.422320319000944
331,all,knn,99,False,0.20452493292343735,1.2889966356479405
331,unseen,lgbm,32,False,0.3713343108504399,2.268998467153292
331,unseen,ridge,32,False,0.40579178885630496,3.237936320260637
331,unseen,lgbm_process,32,False,0.347140762463343,1.5957233633062788
331,unseen,knn,32,False,0.22472734032611133,0.5079032290580532
332,all,lgbm,91,False,0.3691670648192387,1.785800659249869
332,all,ridge,91,False,0.3172638955247651,1.8688209334567691
332,all,lgbm_process,91,False,0.31081382385730216,1.3883151164932315
332,all,knn,91,False,0.20218849177166792,0.37666253186571197
332,unseen,lgbm,19,False,0.4,4.228626511873992
332,unseen,ridge,19,False,0.3508771929824562,3.150912226159706
332,unseen,lgbm_process,19,False,0.20526315789473687,2.1443088035406586
332,unseen,knn,19,False,0.0,-1.977683832953593
333,all,lgbm,106,False,0.47672620097236573,2.4151079937265845
333,all,ridge,106,False,0.42250547900345115,1.379626696654487
333,all,lgbm_process,106,False,0.37830158022534877,2.458979797689464
333,all,knn,106,False,0.270933318036193,1.396460905051942
333,unseen,lgbm,30,False,0.45850945494994433,2.0031711668102066
333,unseen,ridge,30,False,0.41846496106785314,3.0879119075509482
333,unseen,lgbm_process,30,False,0.32725250278086765,2.6335507964398364
333,unseen,knn,30,False,0.062298365053427035,-1.755078833189792
334,all,lgbm,107,False,0.5158702168929642,2.1713127457711465
334,all,ridge,107,False,0.5262544328846568,2.5646097491476176
334,all,lgbm_process,107,False,0.45090029193361936,1.7088746488049686
334,all,knn,107,False,0.3138743710029749,1.4082229831530881
334,unseen,lgbm,30,False,0.6484983314794216,3.2464401655405837
334,unseen,ridge,30,False,0.6040044493882092,4.283715913048887
334,unseen,lgbm_process,30,False,0.6591768631813125,2.995131476551407
334,unseen,knn,30,False,0.32413793103448274,-1.366787347686932
335,all,lgbm,103,False,0.39287440144093483,1.5330730443934701
335,all,ridge,103,False,0.42989720159908623,2.181893392257207
335,all,lgbm_process,103,False,0.3029258006413918,1.5427895981398763
335,all,knn,103,False,0.2741711391674081,1.1917825888306748
335,unseen,lgbm,25,False,0.4761538461538461,2.2565882710762164
335,unseen,ridge,25,False,0.5146153846153847,2.5830882710762157
335,unseen,lgbm_process,25,False,0.3946153846153846,3.9118660488539962
335,unseen,knn,25,False,0.23923076923076922,1.6570049377428813
336,all,lgbm,96,False,0.3788388497015735,1.2548683615289011
336,all,ridge,96,False,0.3002034725990233,1.1417039545242549
336,all,lgbm_process,96,False,0.22010309278350512,1.122816433357471
336,all,knn,96,False,0.20035613372919717,1.3175888777627822
336,unseen,lgbm,18,False,0.15789473684210525,-1.0542476646458727
336,unseen,ridge,18,False,0.2549019607843137,0.22734324444503784
336,unseen,lgbm_process,18,False,0.479876160990712,0.22734324444503784
336,unseen,knn,18,False,0.29411764705882354,-0.9889698868680945
337,all,lgbm,92,False,0.4149931415008553,1.9607294758804326
337,all,ridge,92,False,0.3928918206618066,2.1564080656111457
337,all,lgbm_process,92,False,0.3037313317818227,1.2115112862026276
337,all,knn,92,False,0.29421875195039576,1.6215497977579822
337,unseen,lgbm,18,False,0.4592363261093911,1.775284115575781
337,unseen,ridge,18,False,0.28792569659442724,4.408617448909114
337,unseen,lgbm_process,18,False,0.44272445820433437,2.1981710203376874
337,unseen,knn,18,False,0.1311306318270008,-1.2597158844242173
338,all,lgbm,95,False,0.4679171332586786,1.5103836122590675
338,all,ridge,95,False,0.44174132138857786,1.512121239696059
338,all,lgbm_process,95,False,0.3300403486874516,1.2134411811800536
338,all,knn,95,False,0.23871685836089365,1.0011034320649674
338,unseen,lgbm,23,False,0.2984189723320158,-1.760803720020716
338,unseen,ridge,23,False,0.18280632411067196,2.1066962799792837
338,unseen,lgbm_process,23,False,0.24505928853754944,1.0745296133126168
338,unseen,knn,23,False,-0.07509881422924902,-2.056440974922678
339,all,lgbm,100,False,0.46342634263426336,1.2357578177013355
339,all,ridge,100,False,0.3775817581758176,1.4812014329204235
339,all,lgbm_process,100,False,0.30289828982898287,0.6603199965770372
339,all,knn,100,False,0.2681565599216523,1.0304793721389913
339,unseen,lgbm,24,False,0.2860869565217391,-1.6514856421326911
339,unseen,ridge,24,False,0.22869565217391302,0.24111051171346176
339,unseen,lgbm_process,24,False,0.2478260869565217,-1.6514856421326911
339,unseen,knn,24,False,0.11219830663146771,-1.4796523087993592
340,all,lgbm,105,False,0.45927845739166484,2.6585481603576966
340,all,ridge,105,False,0.45443707236160064,1.7702803004398397
340,all,lgbm_process,105,False,0.3061476259589467,1.72785113892329
340,all,knn,105,False,0.3279437241470211,1.833336465772092
340,unseen,lgbm,29,False,0.3975369458128078,0.6873407614006002
340,unseen,ridge,29,False,0.41330049261083734,1.3514148354746727
340,unseen,lgbm_process,29,False,0.2689655172413793,2.35919261325245
340,unseen,knn,29,False,0.1569158775296832,-1.815421143361304
341,all,lgbm,93,False,0.34431977559607285,0.8921793890310123
341,all,ridge,93,False,0.3367401748679537,0.6513157762845783
341,all,lgbm_process,93,False,0.28198203574945535,-0.47605834729808727
341,all,knn,93,False,0.20586304335599753,0.9734006452088195
341,unseen,lgbm,22,False,0.16205533596837948,-1.7204802934793424
341,unseen,ridge,22,False,0.2625635234330887,1.3724826694836185
341,unseen,lgbm_process,22,False,0.2896668548842462,0.5842826694836187
341,unseen,knn,22,False,0.1902879728966686,-0.49614696014600845
342,all,lgbm,102,False,0.3514766667986045,0.8659783827485796
342,all,ridge,102,False,0.3693108888273179,1.8801972535892624
342,all,lgbm_process,102,False,0.3360286342740499,1.9913969624694712
342,all,knn,102,False,0.2366420212857031,1.0214422590645995
342,unseen,lgbm,26,False,0.39008547008547007,2.5445071214101294
342,unseen,ridge,26,False,0.4994871794871794,2.8977705246735326
342,unseen,lgbm_process,26,False,0.5788034188034188,2.8384816074715715
342,unseen,knn,26,False,0.14258847874664612,-0.8353231063331421
343,all,lgbm,101,False,0.3636993701220142,0.9024420674253957
343,all,ridge,101,False,0.3873103882089462,1.1922397924745933
343,all,lgbm_process,101,False,0.227339042921881,0.3883227192265508
343,all,knn,101,False,0.25481202055102325,0.861442099916486
343,unseen,lgbm,25,False,0.33692307692307694,-0.40604761702031844
343,unseen,ridge,25,False,0.30000000000000004,0.7053665243938223
343,unseen,lgbm_process,25,False,0.23923076923076922,-1.6245198392425397
343,unseen,knn,25,False,0.15233699070025103,0.082809525836824
344,all,lgbm,101,False,0.5004659289458357,1.7968569455862422
344,all,ridge,101,False,0.4104601048340128,1.903245834475129
344,all,lgbm_process,101,False,0.34036109493302263,1.5785067936376382
344,all,knn,101,False,0.383450896843241,0.8315492922101537
344,unseen,lgbm,25,False,0.5838461538461539,2.1758952667648543
344,unseen,ridge,25,False,0.5507692307692308,3.414430620300207
344,unseen,lgbm_process,25,False,0.5692307692307692,3.8844789294789503
344,unseen,knn,25,False,0.5693402682736655,-0.15558749185583487
345,all,lgbm,92,False,0.3632384445848682,0.639036774253114
345,all,ridge,92,False,0.36645962732919257,1.2304207253607657
345,all,lgbm_process,92,False,0.3694958617819768,2.0119315708892103
345,all,knn,92,False,0.25316182703410983,1.1784011823301306
345,unseen,lgbm,23,False,0.29249011857707513,1.2757336349174686
345,unseen,ridge,23,False,0.38636363636363635,2.984529931213764
345,unseen,lgbm_process,23,False,0.40217391304347827,3.857212222880431
345,unseen,knn,23,False,0.1793921478041998,-1.9995441428603087
346,all,lgbm,94,False,0.36785752989199144,1.3514430456538218
346,all,ridge,94,False,0.2906693638695228,1.0570815336048724
346,all,lgbm_process,94,False,0.37239461041072136,1.2095711231863397
346,all,knn,94,False,0.270909427392061,0.8335337669045533
346,unseen,lgbm,25,False,0.27,1.1279534582123265
346,unseen,ridge,25,False,0.2892307692307692,1.1279534582123265
346,unseen,lgbm_process,25,False,0.46307692307692305,1.1279534582123265
346,unseen,knn,25,False,0.3715384615384616,-0.24072133853563926
347,all,lgbm,99,False,0.4306122448979592,2.0042515106584524
347,all,ridge,99,False,0.34468769325912185,1.078678865053627
347,all,lgbm_process,99,False,0.2943846629560915,1.813163992000364
347,all,knn,99,False,0.32305389792116185,2.6421994755707914
347,unseen,lgbm,24,False,0.3956521739130434,1.702673279435956
347,unseen,ridge,24,False,0.36260869565217385,3.8109687339814116
347,unseen,lgbm_process,24,False,0.21739130434782608,1.702673279435956
347,unseen,knn,24,False,0.2896281868858817,0.2961455016581773
348,all,lgbm,106,False,0.4541451495075195,2.1183086661317123
348,all,ridge,106,False,0.40947678665894155,1.230073636408644
348,all,lgbm_process,106,False,0.3373403531753029,1.153234969785574
348,all,knn,106,False,0.26999287170177,0.5835980335589941
348,unseen,lgbm,26,False,0.2574358974358974,1.7292432238163524
348,unseen,ridge,26,False,0.35999999999999993,2.2159566741087513
348,unseen,lgbm_process,26,False,0.4741880341880342,1.93042271099584
348,unseen,knn,26,False,0.1764404197440513,-1.6738034031677742
349,all,lgbm,106,False,0.4710129228908986,1.7644095232166634
349,all,ridge,106,False,0.4707509383580623,1.5907991953466016
349,all,lgbm_process,106,False,0.3628293393198386,1.6451223189691984
349,all,knn,106,False,0.31596847967594277,1.4314423010448944
349,unseen,lgbm,31,False,0.3403225806451613,1.6579514947508045
349,unseen,ridge,31,False,0.34959677419354845,1.1401737169730257
349,unseen,lgbm_process,31,False,0.3088709677419355,1.559344529576677
349,unseen,knn,31,False,0.28047182318158176,-0.22191142011211085
350,all,lgbm,97,False,0.370055754260467,0.5946743453820691
350,all,ridge,97,False,0.41191089837997047,0.8677029168106394
350,all,lgbm_process,97,False,0.33949610772143907,1.6498225541515552
350,all,knn,97,False,0.17797315308870212,1.5142524243777586
350,unseen,lgbm,22,False,0.24562394127611523,1.331771159723889
350,unseen,ridge,22,False,0.3777526821005082,2.6756173135700436
350,unseen,lgbm_process,22,False,0.6668548842461888,3.5751756373358283
350,unseen,knn,22,False,0.10392544893380137,-0.7593002688475394
351,all,lgbm,92,False,0.40002774224373105,1.2154791299183785
351,all,ridge,92,False,0.40443567652543805,0.8977880041457134
351,all,lgbm_process,92,False,0.31237766441132503,0.6649049954444539
351,all,knn,92,False,0.11650912043772058,0.8082807542093473
351,unseen,lgbm,23,False,0.3616600790513834,0.16040220269925953
351,unseen,ridge,23,False,0.4407114624505929,2.563179980477038
351,unseen,lgbm_process,23,False,0.3725296442687747,0.16040220269925953
351,unseen,knn,23,False,0.29051383399209485,-1.0017412380103572
352,all,lgbm,98,False,0.3659072289520882,1.1452832639861885
352,all,ridge,98,False,0.3848235717925685,0.7245517630453868
352,all,lgbm_process,98,False,0.37025537381801593,1.836764243948089
352,all,knn,98,False,0.26303489981276484,1.7369066983297934
352,unseen,lgbm,21,False,0.3319259674899602,1.5172517695080998
352,unseen,ridge,21,False,0.3338746522306058,1.8872517695080973
352,unseen,lgbm_process,21,False,0.4689834609153645,3.1960934814646222
352,unseen,knn,21,False,0.2202729044834308,-0.20587323049189976
353,all,lgbm,94,False,0.3957157822490337,1.1547837430435557
353,all,ridge,94,False,0.38415634143698296,1.0937634878704046
353,all,lgbm_process,94,False,0.35395730231550054,2.94233782816106
353,all,knn,94,False,0.21351541925422465,1.7772016012546477
353,unseen,lgbm,24,False,0.3947826086956522,1.4715643239367697
353,unseen,ridge,24,False,0.528695652173913,4.0893229446264225
353,unseen,lgbm_process,24,False,0.528695652173913,3.9645372303407083
353,unseen,knn,24,False,0.10611002642665937,-1.6985114336389895
354,all,lgbm,101,False,0.36280722189866044,1.4758094665660657
354,all,ridge,101,False,0.3555154338963307,1.201474153990441
354,all,lgbm_process,101,False,0.3643331391962726,0.8661787229858451
354,all,knn,101,False,0.28294177535813153,1.6392196138171613
354,unseen,lgbm,29,False,0.23103448275862065,-0.17537387468561327
354,unseen,ridge,29,False,0.27733990147783244,1.4784897616780253
354,unseen,lgbm_process,29,False,0.2669950738916256,-0.5915075956158411
354,unseen,knn,29,False,0.23820667750581423,-0.18077971884145505
355,all,lgbm,103,False,0.38246276852787425,1.9002384188987271
355,all,ridge,103,False,0.3976848394324123,1.6121689857591566
355,all,lgbm_process,103,False,0.2822955077754891,1.0578641159985658
355,all,knn,103,False,0.23267794578224904,1.77177201757085
355,unseen,lgbm,29,False,0.36748768472906396,0.5489614859937397
355,unseen,ridge,29,False,0.351231527093596,2.8089614859937395
355,unseen,lgbm_process,29,False,0.3669950738916255,-1.056878969846716
355,unseen,knn,29,False,0.16947900116235795,-1.171583655965195
356,all,lgbm,101,False,0.34519510774606876,0.7290770264291009
356,all,ridge,101,False,0.3757600465928946,1.9525358397936792
356,all,lgbm_process,101,False,0.2780314502038439,1.177701845704453
356,all,knn,101,False,0.308510453916015,2.118074833654946
356,unseen,lgbm,25,False,0.08692307692307692,-0.48256777804554396
356,unseen,ridge,25,False,0.16923076923076924,1.2821808992031336
356,unseen,lgbm_process,25,False,0.1723076923076923,-1.1221048150825812
356,unseen,knn,25,False,0.19153846153846155,1.503432221954455
357,all,lgbm,96,False,0.4973955507325013,2.3755914827155955
357,all,ridge,96,False,0.4128594682582746,1.5962901493642025
357,all,lgbm_process,96,False,0.3883342376559957,1.493084494809228
357,all,knn,96,False,0.2444123389129668,1.049901252583405
357,unseen,lgbm,23,False,0.38932806324110675,0.7477388793476827
357,unseen,ridge,23,False,0.358695652173913,2.830405546014351
357,unseen,lgbm_process,23,False,0.46936758893280633,0.7477388793476827
357,unseen,knn,23,False,0.14924635988117999,-0.01076112065231527
358,all,lgbm,94,False,0.34356825488566994,0.09507257430660054
358,all,ridge,94,False,0.3308095220893689,0.2981365592012164
358,all,lgbm_process,94,False,0.3300160026608342,0.5075251166919408
358,all,knn,94,False,0.23199066710096633,1.2289558385989992
358,unseen,lgbm,22,False,0.38565782044042923,-0.7472347557745298
358,unseen,ridge,22,False,0.4500282326369283,0.574841137082613
358,unseen,lgbm_process,22,False,0.3280632411067194,-0.5915874343459588
358,unseen,knn,22,False,0.34952004517221913,-1.1012347557745308
359,all,lgbm,100,False,0.5156195619561955,1.486905823572279
359,all,ridge,100,False,0.44904890489048904,2.4404830480226654
359,all,lgbm_process,100,False,0.3694809480948094,-0.0017987945070103706
359,all,knn,100,False,0.3214201067766091,1.4603961362989093
359,unseen,lgbm,24,False,0.4504347826086956,-0.7987187216268108
359,unseen,ridge,24,False,0.4130434782608695,0.4852117596566128
359,unseen,lgbm_process,24,False,0.38,-1.8446746039797493
359,unseen,knn,24,False,0.2069565217391304,0.35205508789699813
360,all,lgbm,102,False,0.5207377962239399,1.5732330981453941
360,all,ridge,102,False,0.5219139275435253,2.2286822552095025
360,all,lgbm_process,102,False,0.44171081871179696,1.7806031556421225
360,all,knn,102,False,0.39624626192252077,2.0523592447675014
360,unseen,lgbm,28,False,0.5429666119321293,1.1702733451731415
360,unseen,ridge,28,False,0.6343732895457033,2.59654001183981
360,unseen,lgbm_process,28,False,0.6365626710454296,1.9247323135384242
360,unseen,knn,28,False,0.4015327805495961,0.5553844562842549
361,all,lgbm,93,False,0.4738593297723135,0.9936861628325548
361,all,ridge,93,False,0.43396198263256835,1.7816433298822876
361,all,lgbm_process,93,False,0.35673494052552096,-0.4380877136173318
361,all,knn,93,False,0.3728563196261322,1.716328467588431
361,unseen,lgbm,18,False,0.37048503611971106,-0.25870013082938215
361,unseen,ridge,18,False,0.4324045407636739,-0.25870013082938215
361,unseen,lgbm_process,18,False,0.48194014447884415,-1.1801336170679129
361,unseen,knn,18,False,0.43859649122807015,0.4684526469483963
362,all,lgbm,101,False,0.3842166569598136,0.29373213939542353
362,all,ridge,101,False,0.36228305183459514,1.0649270561522872
362,all,lgbm_process,101,False,0.29981362842166565,0.17951418683841958
362,all,knn,101,False,0.20255236452444073,0.3232862079567944
362,unseen,lgbm,27,False,0.3742368742368742,-0.8796656957614513
362,unseen,ridge,27,False,0.46459096459096455,0.4425137914180368
362,unseen,lgbm_process,27,False,0.45848595848595847,0.38158914116502984
362,unseen,knn,27,False,0.3156288156288157,-0.7502582883540434
363,all,lgbm,99,False,0.5103401360544217,1.8223817609498365
363,all,ridge,99,False,0.4205071119356833,1.319658055853763
363,all,lgbm_process,99,False,0.4383797155225726,2.27698032398569
363,all,knn,99,False,0.4125874793597141,1.880073236401726
363,unseen,lgbm,25,False,0.48538461538461536,3.7976377787173092
363,unseen,ridge,25,False,0.4876923076923077,2.7680346041141384
363,unseen,lgbm_process,25,False,0.44230769230769235,2.3796570028730315
363,unseen,knn,25,False,0.31287286336572645,-0.8844474747389093
364,all,lgbm,100,False,0.42489048904890486,1.8915169498737239
364,all,ridge,100,False,0.4415721572157216,1.4686527560937233
364,all,lgbm_process,100,False,0.38006600660066003,1.3372460322288653
364,all,knn,100,False,0.2749190605678066,1.388322136438644
364,unseen,lgbm,20,False,0.2526315789473684,4.109040305915807
364,unseen,ridge,20,False,0.27669172932330827,3.269754591630095
364,unseen,lgbm_process,20,False,0.4766917293233082,3.6640958704842728
364,unseen,knn,20,False,0.04663407625765354,-2.2036039248534234
365,all,lgbm,99,False,0.3523685837971552,0.9614545639095073
365,all,ridge,99,False,0.36546691403834264,1.0757628394248435
365,all,lgbm_process,99,False,0.29997526283240566,1.3788970333251118
365,all,knn,99,False,0.23644122933181924,1.7227583247058789
365,unseen,lgbm,27,False,0.15018315018315015,0.6805730323689989
365,unseen,ridge,27,False,0.2625152625152625,0.6805730323689989
365,unseen,lgbm_process,27,False,0.15934065934065933,-0.6089194381234719
365,unseen,knn,27,False,0.017094017094017096,-1.1953714120754455
366,all,lgbm,94,False,0.4298161326445833,0.9131497701939981
366,all,ridge,94,False,0.439323772712495,1.5829100666821994
366,all,lgbm_process,94,False,0.39510891160640105,1.6900394667115126
366,all,knn,94,False,0.31493383505994993,1.2453215945250342
366,unseen,lgbm,23,False,0.2549407114624506,-1.7514787920072745
366,unseen,ridge,23,False,0.38932806324110675,-0.5637257902920076
366,unseen,lgbm_process,23,False,0.2628458498023716,-0.17544515788094017
366,unseen,knn,23,False,0.056338029888922246,-1.3295040020913085
367,all,lgbm,93,False,0.3947957387126614,2.588088897679423
367,all,ridge,93,False,0.3051833726239145,2.029294810458863
367,all,lgbm_process,93,False,0.22904419444361548,1.3526385931108074
367,all,knn,93,False,0.1833559061468282,1.1563693882493062
367,unseen,lgbm,18,False,0.32094943240454077,1.5988578482420213
367,unseen,ridge,18,False,0.18885448916408668,3.3392896664238414
367,unseen,lgbm_process,18,False,0.2425180598555212,2.434746015630189
367,unseen,knn,18,False,-0.14352092774766226,-2.0083643739802017
368,all,lgbm,85,False,0.4019738127809263,2.237211993677068
368,all,ridge,85,False,0.3529607191713895,2.8623194811551986
368,all,lgbm_process,85,False,0.29605237443814736,2.2782393686206746
368,all,knn,85,False,0.12216717094103897,0.49417132739877623
368,unseen,lgbm,23,False,0.5444664031620554,1.8184833717659785
368,unseen,ridge,23,False,0.5464426877470356,3.793113001395607
368,unseen,lgbm_process,23,False,0.46936758893280633,3.907188758971369
368,unseen,knn,23,False,0.03904126632653384,-0.5730721837895754
369,all,lgbm,93,False,0.34514040165915666,1.287083047117605
369,all,ridge,93,False,0.3336367163021097,1.298500301350252
369,all,lgbm_process,93,False,0.33305606016189215,1.6933873681399216
369,all,knn,93,False,0.29028467548326303,1.7529356556854108
369,unseen,lgbm,20,False,0.42105263157894735,3.3349867818783085
369,unseen,ridge,20,False,0.4195488721804511,2.007050273941802
369,unseen,lgbm_process,20,False,0.5218045112781955,2.5525337904253167
369,unseen,knn,20,False,0.3443609022556391,1.4490978929894194
370,all,lgbm,100,False,0.468046804680468,2.3221931585066518
370,all,ridge,100,False,0.4417521752175217,1.1618695598185163
370,all,lgbm_process,100,False,0.4349234923492349,1.6559176438640986
370,all,knn,100,False,0.28456546025071144,2.171929798132835
370,unseen,lgbm,23,False,0.5642292490118578,1.3169862822642724
370,unseen,ridge,23,False,0.6146245059288538,4.194949245227237
370,unseen,lgbm_process,23,False,0.5701581027667983,3.3480603563383493
370,unseen,knn,23,False,0.21739130434782608,-1.5239201504842654
371,all,lgbm,100,False,0.38779477947794777,1.4273522453016092
371,all,ridge,100,False,0.38139813981398135,1.1482602821174979
371,all,lgbm_process,100,False,0.34039003900390036,1.2135462858031225
371,all,knn,100,False,0.2894384680765146,1.9348423510648125
371,unseen,lgbm,24,False,0.31652173913043474,-0.3773538088342576
371,unseen,ridge,24,False,0.25999999999999995,0.6109944054514571
371,unseen,lgbm_process,24,False,0.24434782608695652,-1.7932913088342577
371,unseen,knn,24,False,0.336668148421299,0.5621700006895516
372,all,lgbm,92,False,0.4376493072145246,1.7184100839570906
372,all,ridge,92,False,0.42787787247815295,1.3462127365514078
372,all,lgbm_process,92,False,0.36534363910555523,1.1791301731543644
372,all,knn,92,False,0.33085934740961,2.0778666709456193
372,unseen,lgbm,18,False,0.2260061919504644,0.42567254766653306
372,unseen,ridge,18,False,0.31888544891640863,-0.3622584868162271
372,unseen,lgbm_process,18,False,0.3498452012383901,0.015567600140297344
372,unseen,knn,18,False,0.23541562249256837,-0.885924071231809
373,all,lgbm,98,False,0.4126962875121932,1.7598521665094928
373,all,ridge,98,False,0.4575674693495017,1.7334170273661833
373,all,lgbm_process,98,False,0.33042607858513595,1.6951781236799661
373,all,knn,98,False,0.32958295489396516,1.5779808980440357
373,unseen,lgbm,27,False,0.2936507936507936,-2.079305841528617
373,unseen,ridge,27,False,0.3455433455433455,0.3914320933759825
373,unseen,lgbm_process,27,False,0.38461538461538464,-1.1771790177351278
373,unseen,knn,27,False,0.2973591852687696,0.13585649613371942
374,all,lgbm,102,False,0.39716484498249943,0.6841142257092159
374,all,ridge,102,False,0.49213744903902157,1.345586242974095
374,all,lgbm_process,102,False,0.3516463011235447,1.3473178651484048
374,all,knn,102,False,0.289613209251523,1.056193735574272
374,unseen,lgbm,31,False,0.4028225806451613,-0.04978224611146764
374,unseen,ridge,31,False,0.5463709677419355,1.9682428954136704
374,unseen,lgbm_process,31,False,0.44435483870967746,0.770202602373379
374,unseen,knn,31,False,0.22298387096774194,-0.732306055635279
375,all,lgbm,96,False,0.41992674986435163,1.5069164800531532
375,all,ridge,96,False,0.45427292457949,1.4864298926679371
375,all,lgbm_process,96,False,0.38695871866309955,2.420460515137382
375,all,knn,96,False,0.2635518534215706,1.9435934445691085
375,unseen,lgbm,24,False,0.49217391304347824,4.287604076582625
375,unseen,ridge,24,False,0.41739130434782606,3.2139374099159568
375,unseen,lgbm_process,24,False,0.42869565217391303,2.301208554194563
375,unseen,knn,24,False,0.2278756305228259,-1.8485834234173772
376,all,lgbm,106,False,0.42138700657480416,1.4353824543477103
376,all,ridge,106,False,0.40678640703327706,2.234692646390032
376,all,lgbm_process,106,False,0.36221880746655916,0.7400662045826198
376,all,knn,106,False,0.2654822676146871,1.316903519408715
376,unseen,lgbm,23,False,0.43577075098814233,0.8786204671155105
376,unseen,ridge,23,False,0.48320158102766797,2.5795068307518747
376,unseen,lgbm_process,23,False,0.4654150197628459,2.0596965540720333
376,unseen,knn,23,False,0.056338029888922246,-1.8017352641097855
377,all,lgbm,106,False,0.49155979434318336,1.8938457761576117
377,all,ridge,106,False,0.5074552420986,1.8780302618234543
377,all,lgbm_process,106,False,0.3812498740452631,1.7869077870393912
377,all,knn,106,False,0.348765262983486,1.546949354300235
377,unseen,lgbm,32,False,0.5370234604105572,3.4167151673231118
377,unseen,ridge,32,False,0.6074046920821115,2.873761950948847
377,unseen,lgbm_process,32,False,0.5516862170087976,2.70004763799254
377,unseen,knn,32,False,0.24931256147603068,-0.8641578809702786
378,all,lgbm,101,False,0.4266744321490972,1.6525570716258233
378,all,ridge,101,False,0.3788351776354106,1.0133421318037374
378,all,lgbm_process,101,False,0.3980780430984275,1.7312961212181062
378,all,knn,101,False,0.23167588607583803,1.3954853452187432
378,unseen,lgbm,24,False,0.5478260869565217,3.7247149924351017
378,unseen,ridge,24,False,0.508695652173913,1.9266380693581748
378,unseen,lgbm_process,24,False,0.4860869565217391,2.1368744127249553
378,unseen,knn,24,False,0.17391304347826084,-0.5709516742315675
379,all,lgbm,105,False,0.3785092266224342,1.3596482993549568
379,all,ridge,105,False,0.3283433547584491,1.394018515221676
379,all,lgbm_process,105,False,0.29036906489736675,1.168092233706611
379,all,knn,105,False,0.21319039216299704,0.8668782762134004
379,unseen,lgbm,29,False,0.28275862068965507,0.8272434290778428
379,unseen,ridge,29,False,0.22463054187192114,2.0638673607017726
379,unseen,lgbm_process,29,False,0.3940886699507388,1.9068325424101609
379,unseen,knn,29,False,0.13722592187827246,-1.7101449281789378
380,all,lgbm,90,False,0.5231510062970737,2.4409801054080056
380,all,ridge,90,False,0.4922994608387866,1.0533287005730845
380,all,lgbm_process,90,False,0.4176071119891344,1.1750854797887342
380,all,knn,90,False,0.3753632646646087,1.4756462333624594
380,unseen,lgbm,22,False,0.7221908526256353,4.015222093465606
380,unseen,ridge,22,False,0.72557876905703,3.4873649506084625
380,unseen,lgbm_process,22,False,0.6860530773574253,4.181289001241375
380,unseen,knn,22,False,0.3874611846118899,-0.2615412993915367
381,all,lgbm,95,False,0.38611422172452403,2.7845226070580864
381,all,ridge,95,False,0.37891937290033595,0.7105808488163294
381,all,lgbm_process,95,False,0.27340425531914897,2.2661172364335176
381,all,knn,95,False,0.13786345312788534,0.4903346922870444
381,unseen,lgbm,21,False,0.38311688311688313,3.7853954425204446
381,unseen,ridge,21,False,0.2701298701298701,2.1137287758537777
381,unseen,lgbm_process,21,False,0.5142857142857142,3.9181454425204425
381,unseen,knn,21,False,-0.08311688311688312,-1.6977087241462225
382,all,lgbm,96,False,0.44019262072707543,1.3014757453448542
382,all,ridge,96,False,0.45454422137818773,1.0725188168967517
382,all,lgbm_process,96,False,0.3232637004883342,1.2921871630129544
382,all,knn,96,False,0.20970625028712814,1.513426200591212
382,unseen,lgbm,23,False,0.599802371541502,0.19408969599559
382,unseen,ridge,23,False,0.6057312252964426,2.5515896959955917
382,unseen,lgbm_process,23,False,0.4782608695652174,1.105879169679799
382,unseen,knn,23,False,0.22826086956521738,1.4377435421494376
383,all,lgbm,111,False,0.4692172692172692,1.1573818927761437
383,all,ridge,111,False,0.4299315549315549,2.0674344991768567
383,all,lgbm_process,111,False,0.39210249210249204,1.4844122650228329
383,all,knn,111,False,0.3160866973882533,1.017494970993532
383,unseen,lgbm,27,False,0.5421245421245421,2.5865388642463785
383,unseen,ridge,27,False,0.5457875457875457,2.5865388642463785
383,unseen,lgbm_process,27,False,0.5903540903540903,0.6956754188682286
383,unseen,knn,27,False,0.2863247863247863,0.8458774885850033
384,all,lgbm,103,False,0.33692834863594434,0.8853974764466574
384,all,ridge,103,False,0.314150155954839,1.0253409658519885
384,all,lgbm_process,103,False,0.25406361200193295,1.5042916283422993
384,all,knn,103,False,0.2109015031939241,0.9951873470674553
384,unseen,lgbm,23,False,0.34189723320158105,1.169047727263667
384,unseen,ridge,23,False,0.35079051383399207,3.2880953463112874
384,unseen,lgbm_process,23,False,0.47134387351778656,1.169047727263667
384,unseen,knn,23,False,0.25747468045726746,-1.1954433441649037
385,all,lgbm,94,False,0.3823646281111151,2.321379062332033
385,all,ridge,94,False,0.38503774879890185,2.3435849229472545
385,all,lgbm_process,94,False,0.31062384857132536,1.1865129708836921
385,all,knn,94,False,0.21834604079295034,1.3414665606153502
385,unseen,lgbm,23,False,0.2737154150197629,1.7106061068349412
385,unseen,ridge,23,False,0.3992094861660079,1.5220929489402053
385,unseen,lgbm_process,23,False,0.4120553359683795,2.008671041899877
385,unseen,knn,23,False,-0.03063241106719368,-2.26139389316506
386,all,lgbm,108,False,0.4087570379262054,1.6365441416799449
386,all,ridge,108,False,0.3913706212428668,1.0430190920454159
386,all,lgbm_process,108,False,0.3149275486581497,0.7017388075504698
386,all,knn,108,False,0.27365773476988714,1.398032289765439
386,unseen,lgbm,28,False,0.4625068418171866,2.362851505538112
386,unseen,ridge,28,False,0.5095785440613027,3.049261761948367
386,unseen,lgbm_process,28,False,0.5145046524356869,1.4487274314640377
386,unseen,knn,28,False,0.3908045977011494,0.7887062063928134
387,all,lgbm,106,False,0.47931581731617,1.6126525439320716
387,all,ridge,106,False,0.4446028667153689,1.7635039068523213
387,all,lgbm_process,106,False,0.36539285084515205,1.704766262242245
387,all,knn,106,False,0.3618554328151861,1.809679329096621
387,unseen,lgbm,29,False,0.5049261083743841,0.007709042983492509
387,unseen,ridge,29,False,0.49458128078817726,1.5002090429834922
387,unseen,lgbm_process,29,False,0.3600985221674876,0.007709042983492509
387,unseen,knn,29,False,0.4215324099348728,0.7890582493326974
388,all,lgbm,103,False,0.3320629969687652,1.560221387606724
388,all,ridge,103,False,0.3222663972235646,1.3140777662112662
388,all,lgbm_process,103,False,0.272767209945965,1.3947311908569784
388,all,knn,103,False,0.31336258947555656,1.8749950157692865
388,unseen,lgbm,23,False,0.3339920948616601,4.098599605922502
388,unseen,ridge,23,False,0.25889328063241107,2.0205226828455807
388,unseen,lgbm_process,23,False,0.38241106719367585,3.9114256928790248
388,unseen,knn,23,False,0.29249011857707513,-0.14041527502987705
389,all,lgbm,100,False,0.47972397239723963,1.8789916968736406
389,all,ridge,100,False,0.5089948994899489,1.9792837734248003
389,all,lgbm_process,100,False,0.3910242755021364,2.4324837150643255
389,all,knn,100,False,0.3742071008649911,2.297582912990796
389,unseen,lgbm,18,False,0.3168214654282766,1.5654048228537558
389,unseen,ridge,18,False,0.35397316821465424,1.8716924971677447
389,unseen,lgbm_process,18,False,0.4716202270381837,2.663943667667997
389,unseen,knn,18,False,0.09602479338512657,0.5704048228537566
390,all,lgbm,98,False,0.5364458810703288,2.7996931201747053
390,all,ridge,98,False,0.43497248946438927,1.4489936576771356
390,all,lgbm_process,98,False,0.5007443488487239,2.3343098380034437
390,all,knn,98,False,0.3712842895439079,2.0761154936345836
390,unseen,lgbm,24,False,0.31304347826086953,2.6451433875785177
390,unseen,ridge,24,False,0.36695652173913035,4.069412618347748
390,unseen,lgbm_process,24,False,0.4495652173913043,3.581294873737466
390,unseen,knn,24,False,0.03827751558278335,-0.05207883464370511
391,all,lgbm,106,False,0.44757538353024157,1.529333379926829
391,all,ridge,106,False,0.37772627654482704,1.1918222503241687
391,all,lgbm_process,106,False,0.3169265106353373,0.8025712043919402
391,all,knn,106,False,0.21977684295582656,1.740549156966022
391,unseen,lgbm,29,False,0.22364532019704428,0.13957719829149617
391,unseen,ridge,29,False,0.21871921182266005,2.2988350930283374
391,unseen,lgbm_process,29,False,0.35566502463054184,0.775106685470984
391,unseen,knn,29,False,0.1189801708741554,-0.9274007331973042
392,all,lgbm,98,False,0.444663338625047,1.6839349906239374
392,all,ridge,98,False,0.4057979330438829,1.6511754899941504
392,all,lgbm_process,98,False,0.3273413516881632,1.1499853063732957
392,all,knn,98,False,0.24827841402746767,0.9809391683117106
392,unseen,lgbm,26,False,0.39487179487179486,1.938717872748807
392,unseen,ridge,26,False,0.4523076923076923,1.938717872748807
392,unseen,lgbm_process,26,False,0.27658119658119656,-0.3500321272511915
392,unseen,knn,26,False,0.22191827987187848,-1.811159099270613
393,all,lgbm,102,False,0.42156956986389676,1.4015823935871623
393,all,ridge,102,False,0.44020672769732716,2.537918412305869
393,all,lgbm_process,102,False,0.3377937862784598,1.6712117414363004
393,all,knn,102,False,0.3518005396175519,1.5875202310456284
393,unseen,lgbm,25,False,0.51,2.2359223037001303
393,unseen,ridge,25,False,0.5407692307692307,2.2359223037001303
393,unseen,lgbm_process,25,False,0.5276923076923077,2.2359223037001303
393,unseen,knn,25,False,0.44470091224618735,0.21689623532406266
394,all,lgbm,99,False,0.5032158317872604,2.308116303722489
394,all,ridge,99,False,0.3886456400742115,2.1615539018386585
394,all,lgbm_process,99,False,0.3193444650587507,0.5300924901868118
394,all,knn,99,False,0.24014694983385826,0.7953843067968531
394,unseen,lgbm,25,False,0.563076923076923,4.0173917943957616
394,unseen,ridge,25,False,0.5,2.30582128157525
394,unseen,lgbm_process,25,False,0.3384615384615385,4.0173917943957616
394,unseen,knn,25,False,0.14076923076923076,-0.6188582056042353
395,all,lgbm,93,False,0.3689175528865184,1.5982641116621874
395,all,ridge,93,False,0.4513534785380932,2.3070303388454576
395,all,lgbm_process,93,False,0.3215386107443134,1.4119954054294777
395,all,knn,93,False,0.15422494022739072,0.5130094127017966
395,unseen,lgbm,18,False,0.6202270381836945,3.0621476918143564
395,unseen,ridge,18,False,0.5810113519091847,2.076806782723448
395,unseen,lgbm_process,18,False,0.4489164086687306,3.020556782723446
395,unseen,knn,18,False,0.2053663570691434,-3.0587438125146473
396,all,lgbm,99,False,0.3742238713667285,1.8324978610584104
396,all,ridge,99,False,0.41956709956709953,1.922225267033049
396,all,lgbm_process,99,False,0.35492888064316636,2.239119746071651
396,all,knn,99,False,0.18056543565157626,1.4578449910794404
396,unseen,lgbm,22,False,0.25465838509316774,3.225439609166262
396,unseen,ridge,22,False,0.4680971202710334,4.376189609166261
396,unseen,lgbm_process,22,False,0.5663466967814795,2.1918259728026257
396,unseen,knn,22,False,-0.042925728907439696,-2.7272334677568146
397,all,lgbm,103,False,0.36249615604270086,1.2867328132802278
397,all,ridge,103,False,0.3502394236260598,2.1426366210993795
397,all,lgbm_process,103,False,0.3661204586390195,1.7792119209160209
397,all,knn,103,False,0.31703961804019276,1.2805320242132066
397,unseen,lgbm,30,False,0.13414905450500555,0.5948840003185776
397,unseen,ridge,30,False,0.2489432703003337,2.1874765929111692
397,unseen,lgbm_process,30,False,0.3828698553948832,1.9293606508821863
397,unseen,knn,30,False,0.014905450500556172,-0.9052062252453315
398,all,lgbm,104,False,0.3867491731569402,0.3678201597107922
398,all,ridge,104,False,0.35172303424730617,0.8127780216285245
398,all,lgbm_process,104,False,0.33412994772218074,0.3911703980327257
398,all,knn,104,False,0.252883621925631,1.516453345628081
398,unseen,lgbm,24,False,0.37217391304347824,-2.307377185369811
398,unseen,ridge,24,False,0.308695652173913,0.13887281463019008
398,unseen,lgbm_process,24,False,0.32956521739130434,-2.307377185369811
398,unseen,knn,24,False,0.2834782608695652,0.5362375332449059
399,all,lgbm,102,False,0.4643400376588201,1.9273684734627388
399,all,ridge,102,False,0.39446200473845217,1.9827651899992134
399,all,lgbm_process,102,False,0.29162967695970055,0.04162130423458521
399,all,knn,102,False,0.26457764485513546,2.2551172834826705
399,unseen,lgbm,27,False,0.611111111111111,3.477389715943268
399,unseen,ridge,27,False,0.583028083028083,2.5069135254670787
399,unseen,lgbm_process,27,False,0.5451770451770451,2.003758763562315
399,unseen,knn,27,False,0.4432234432234432,2.6852468588004097
400,all,lgbm,102,False,0.3567805666917348,1.2167756673567016
400,all,ridge,102,False,0.4214451713589406,2.359809562949682
400,all,lgbm_process,102,False,0.28664242780645854,0.724860563986466
400,all,knn,102,False,0.20717814320977476,1.554714485280435
400,unseen,lgbm,27,False,0.3601953601953602,0.8052979744030111
400,unseen,ridge,27,False,0.4706959706959707,2.318988450593489
400,unseen,lgbm_process,27,False,0.3791208791208791,-0.34118350707846723
400,unseen,knn,27,False,0.1184551990598384,-1.1940241155440798
401,all,lgbm,93,False,0.41108889618334266,1.3313994469180113
401,all,ridge,93,False,0.4038524663543314,1.349690583038802
401,all,lgbm_process,93,False,0.2018740115186058,0.07434418113216879
401,all,knn,93,False,0.20712321993514607,1.375518528883747
401,unseen,lgbm,25,False,0.3123076923076923,-0.3481280307550385
401,unseen,ridge,25,False,0.3715384615384616,3.578462323335316
401,unseen,lgbm_process,25,False,0.16615384615384618,1.301594191467185
401,unseen,knn,25,False,0.05538461538461539,-0.8595876580842301
402,all,lgbm,104,False,0.3656886802517871,1.3851386223810014
402,all,ridge,104,False,0.33895230982609625,1.5695697920263587
402,all,lgbm_process,104,False,0.2869198762402646,0.6034213489196123
402,all,knn,104,False,0.19890737911529194,1.5714727552396148
402,unseen,lgbm,24,False,0.08869565217391304,1.6564702928221138
402,unseen,ridge,24,False,0.17913043478260868,1.6564702928221138
402,unseen,lgbm_process,24,False,0.05826086956521739,-1.910404707177884
402,unseen,knn,24,False,0.010434782608695651,-2.218864934450611
403,all,lgbm,104,False,0.37761655819908246,2.6509239633255888
403,all,ridge,104,False,0.38611970553718133,2.0082023578925092
403,all,lgbm_process,104,False,0.2760969702798957,0.7037233721184268
403,all,knn,104,False,0.2655299282219288,1.3726982911145047
403,unseen,lgbm,27,False,0.21428571428571427,2.656331991230278
403,unseen,ridge,27,False,0.41391941391941384,2.6563319912302816
403,unseen,lgbm_process,27,False,0.32722832722832723,1.5418659769205139
403,unseen,knn,27,False,0.06839694975336875,-1.878545538647252
404,all,lgbm,104,False,0.431622746185853,1.2655803637140437
404,all,ridge,104,False,0.35261922543475943,0.4923763020893972
404,all,lgbm_process,104,False,0.2811159714072336,0.5452720586558844
404,all,knn,104,False,0.13573275056322523,1.217468398405856
404,unseen,lgbm,28,False,0.36507936507936506,1.2515355221253905
404,unseen,ridge,28,False,0.3322386425834702,1.7325355221253922
404,unseen,lgbm_process,28,False,0.3541324575807335,1.84002441101428
404,unseen,knn,28,False,0.04597701149425287,0.21553552212538918
405,all,lgbm,93,False,0.459222344901674,3.0887733119462037
405,all,ridge,93,False,0.4174300975798991,1.9396702311376988
405,all,lgbm_process,93,False,0.41947420250067136,1.2300391642016493
405,all,knn,93,False,0.2982223819954076,1.72727792731024
405,unseen,lgbm,22,False,0.6194240542066629,3.871333161722866
405,unseen,ridge,22,False,0.6216826651609261,3.871333161722866
405,unseen,lgbm_process,22,False,0.7594579333709771,3.376258161722866
405,unseen,knn,22,False,0.16944366673989356,-1.7516722730597412
406,all,lgbm,104,False,0.3560759628720794,2.0370818785916978
406,all,ridge,104,False,0.37442654432945705,2.4124647760995934
406,all,lgbm_process,104,False,0.36109132906169483,1.3859212580181577
406,all,knn,104,False,0.17973901604072948,1.0342918860492656
406,unseen,lgbm,32,False,0.23423753665689148,0.029711356050718507
406,unseen,ridge,32,False,0.28702346041055715,0.8460979106725688
406,unseen,lgbm_process,32,False,0.374633431085044,1.2911074344820914
406,unseen,knn,32,False,0.06342223470867416,-1.7998821398842395
407,all,lgbm,97,False,0.49901378077003994,1.904486861097908
407,all,ridge,97,False,0.5156348621922996,2.18234892698211
407,all,lgbm_process,97,False,0.38055037788963353,1.0033269889867658
407,all,knn,97,False,0.33895675165108285,1.2064951745331367
407,unseen,lgbm,28,False,0.37766830870279144,1.4544174785088053
407,unseen,ridge,28,False,0.50519978106185,2.349655573746901
407,unseen,lgbm_process,28,False,0.3360700602079913,1.7328260455886042
407,unseen,knn,28,False,0.2654625068418172,-1.0466094575181284
408,all,lgbm,105,False,0.37298458683669444,0.9712158540411675
408,all,ridge,105,False,0.43535775284656075,1.1527701490449758
408,all,lgbm_process,105,False,0.30738289126524604,1.988145273429188
408,all,knn,105,False,0.2182029317573478,1.5976807485951685
408,unseen,lgbm,25,False,0.10076923076923076,-1.7578063498348797
408,unseen,ridge,25,False,0.30230769230769233,2.0405936760651446
408,unseen,lgbm_process,25,False,0.3276923076923077,0.4779827000846062
408,unseen,knn,25,False,0.15579919503434764,-1.67380634983488
409,all,lgbm,98,False,0.5047593545384413,2.33739834532377
409,all,ridge,98,False,0.4996716587290961,2.4296576077038576
409,all,lgbm_process,98,False,0.39214273646424747,1.6320559207942757
409,all,knn,98,False,0.28454654823256226,1.4952463978172528
409,unseen,lgbm,25,False,0.5776923076923076,3.364352590263767
409,unseen,ridge,25,False,0.6315384615384615,3.0688980448092202
409,unseen,lgbm_process,25,False,0.5423076923076924,2.510352590263768
409,unseen,knn,25,False,-0.011538461538461539,-1.3939695251208484
410,all,lgbm,103,False,0.4028247594781004,1.3600781962012345
410,all,ridge,103,False,0.3659667003470545,1.021271271966052
410,all,lgbm_process,103,False,0.2814498348477278,1.7186465727027187
410,all,knn,103,False,0.18336390586391563,1.5389091599493074
410,unseen,lgbm,25,False,0.43461538461538457,0.7904468947392473
410,unseen,ridge,25,False,0.3446153846153846,2.2147161255084775
410,unseen,lgbm_process,25,False,0.42692307692307696,2.2147161255084775
410,unseen,knn,25,False,-0.07153846153846154,-2.039154753612401
411,all,lgbm,98,False,0.540500736377025,2.2295132892651104
411,all,ridge,98,False,0.5043130654323584,1.9829842479829036
411,all,lgbm_process,98,False,0.43182296348717547,1.308411484578837
411,all,knn,98,False,0.3432931012019799,1.4556102231515258
411,unseen,lgbm,22,False,0.531338226990401,1.8518338026799022
411,unseen,ridge,22,False,0.531338226990401,3.9647967656428627
411,unseen,lgbm_process,22,False,0.5008469791078487,1.2048198222963578
411,unseen,knn,22,False,0.24625812899531194,-1.285969227623129
412,all,lgbm,102,False,0.4372890173083556,1.6971061472243267
412,all,ridge,102,False,0.4490164036392218,1.3387868177678488
412,all,lgbm_process,102,False,0.42331114893328287,1.9919523820666907
412,all,knn,102,False,0.30595094932794015,1.5868719858893154
412,unseen,lgbm,25,False,0.22230769230769232,0.538363735584861
412,unseen,ridge,25,False,0.4707692307692308,0.538363735584861
412,unseen,lgbm_process,25,False,0.5153846153846153,0.538363735584861
412,unseen,knn,25,False,0.23846153846153845,-1.8570157957321722
413,all,lgbm,96,False,0.411706456863809,1.4592157157038308
413,all,ridge,96,False,0.3155588714053174,0.5506886594267755
413,all,lgbm_process,96,False,0.36093326098752027,2.0084955083703466
413,all,knn,96,False,0.2714014405657418,1.223793793284667
413,unseen,lgbm,23,False,0.3043478260869565,2.3855018065913836
413,unseen,ridge,23,False,0.22529644268774704,2.3855018065913836
413,unseen,lgbm_process,23,False,0.3636363636363636,2.3855018065913836
413,unseen,knn,23,False,0.25691699604743085,0.5328180840639103
414,all,lgbm,93,False,0.44282474411387296,1.5714388023648986
414,all,ridge,93,False,0.3408582256572468,0.6630500009820448
414,all,lgbm_process,93,False,0.3008415147265077,1.8758343571865943
414,all,knn,93,False,0.20121839892519075,1.0701933188585944
414,unseen,lgbm,21,False,0.4246753246753247,2.341791600387987
414,unseen,ridge,21,False,0.4246753246753247,2.537791600387985
414,unseen,lgbm_process,21,False,0.5597402597402598,4.0016960779999255
414,unseen,knn,21,False,0.2644574957236021,-1.0564941138977275
415,all,lgbm,104,False,0.41056225328069995,1.5154829273715293
415,all,ridge,104,False,0.3868025178704791,1.9801054864059076
415,all,lgbm_process,104,False,0.2760802304491625,1.538094876748577
415,all,knn,104,False,0.32763560257024604,1.750664527170212
415,unseen,lgbm,25,False,0.2792307692307692,-1.250943724227918
415,unseen,ridge,25,False,0.3030769230769231,2.303621546708042
415,unseen,lgbm_process,25,False,0.1746153846153846,0.27022868956518487
415,unseen,knn,25,False,0.1138899661063272,-0.8196937242279194
416,all,lgbm,96,False,0.4427699403147043,1.7420919151690182
416,all,ridge,96,False,0.40472056429734127,0.7963652077912542
416,all,lgbm_process,96,False,0.3550066298400427,1.294128506555575
416,all,knn,96,False,0.21554981387759065,1.4374150357410826
416,unseen,lgbm,19,False,0.30000000000000004,-0.5261663866749
416,unseen,ridge,19,False,0.4456140350877193,0.5141277309721577
416,unseen,lgbm_process,19,False,0.40175438596491225,0.774461064305493
416,unseen,knn,19,False,0.25449761116075975,-0.23240015290866545
417,all,lgbm,103,False,0.40896410842156133,1.2718504576909915
417,all,ridge,103,False,0.37212801476079604,1.151815016418416
417,all,lgbm_process,103,False,0.2958639019461407,0.8569591391361744
417,all,knn,103,False,0.3241077650125065,1.9865370965585178
417,unseen,lgbm,29,False,0.42216748768472895,-1.4764478965663148
417,unseen,ridge,29,False,0.45467980295566496,2.9188298812114617
417,unseen,lgbm_process,29,False,0.4275862068965517,0.25910765898924026
417,unseen,knn,29,False,0.31387042095676676,1.1637615051430874
418,all,lgbm,94,False,0.4227359751472023,1.2196987405743638
418,all,ridge,94,False,0.4035473033991981,1.7205927712206162
418,all,lgbm_process,94,False,0.31318137485099157,1.2045857527409556
418,all,knn,94,False,0.3166899691937333,1.7389067596249568
418,unseen,lgbm,21,False,0.2831168831168831,-0.3480378787878795
418,unseen,ridge,21,False,0.05714285714285714,0.9484621212121205
418,unseen,lgbm_process,21,False,0.17012987012987013,-1.1565378787878782
418,unseen,knn,21,False,0.20649350649350648,0.19042532467532247
419,all,lgbm,96,False,0.41843461747151384,1.3041155202345642
419,all,ridge,96,False,0.4977346717308736,1.9628713704636507
419,all,lgbm_process,96,False,0.30986163863266414,1.7056354712723678
419,all,knn,96,False,0.3237373007810941,1.9919002063432405
419,unseen,lgbm,26,False,0.5022222222222221,1.9928314460190641
419,unseen,ridge,26,False,0.5193162393162393,3.2024686814687993
419,unseen,lgbm_process,26,False,0.39829059829059826,3.3067687679563864
419,unseen,knn,26,False,0.26017094017094017,-0.20383522064760307
420,all,lgbm,97,False,0.3173926907782338,0.8413324201886976
420,all,ridge,97,False,0.4042394416687688,1.6721155052194625
420,all,lgbm_process,97,False,0.3141973299687251,1.2646521009775054
420,all,knn,97,False,0.22526172070992326,1.475471665134327
420,unseen,lgbm,23,False,0.10375494071146245,0.12766245727647885
420,unseen,ridge,23,False,0.26679841897233203,3.492792327406349
420,unseen,lgbm_process,23,False,0.4031620553359684,2.8768968050182906
420,unseen,knn,23,False,-0.09982703541721309,-1.4471153205012968
421,all,lgbm,97,False,0.30666158215863665,1.5933282870292231
421,all,ridge,97,False,0.30224332000841575,1.3260561428625657
421,all,lgbm_process,97,False,0.1395570546144672,-0.7123716829718845
421,all,knn,97,False,0.1042076267060729,0.7267037559460814
421,unseen,lgbm,20,False,0.3082706766917293,-0.9173842647772794
421,unseen,ridge,20,False,0.3984962406015037,0.6555668630422709
421,unseen,lgbm_process,20,False,0.4330827067669173,-0.9173842647772794
421,unseen,knn,20,False,0.15726114308895708,-1.5701349515904663
422,all,lgbm,108,False,0.39495269941981764,2.3855760950294407
422,all,ridge,108,False,0.35785532595958724,2.3503610780432957
422,all,lgbm_process,108,False,0.32374936884925737,1.5875713756229946
422,all,knn,108,False,0.3238609320344643,2.0766909775499194
422,unseen,lgbm,26,False,0.3408547008547009,1.296940262900879
422,unseen,ridge,26,False,0.33401709401709395,2.7846895506501657
422,unseen,lgbm_process,26,False,0.4051282051282051,1.4045881346532294
422,unseen,knn,26,False,0.4103265575443053,1.5390037549643694
423,all,lgbm,94,False,0.3749087887873424,2.1389575013529054
423,all,ridge,94,False,0.4095437633204494,2.0989987784289266
423,all,lgbm_process,94,False,0.40311382436874615,2.2133412974144626
423,all,knn,94,False,0.2278090487880052,1.7567323519766713
423,unseen,lgbm,21,False,0.438961038961039,3.6163405501250363
423,unseen,ridge,21,False,0.47792207792207797,3.1463405501250374
423,unseen,lgbm_process,21,False,0.6740259740259741,2.7591666370815577
423,unseen,knn,21,False,0.041571941133771925,-2.5206594498749624
424,all,lgbm,101,False,0.4901456027955737,1.65904105488071
424,all,ridge,101,False,0.4753989516598718,2.666787332087015
424,all,lgbm_process,101,False,0.4146022556868356,1.7790271270757625
424,all,knn,101,False,0.3102117630799242,1.6142051015263785
424,unseen,lgbm,25,False,0.30999999999999994,0.6624253200960357
424,unseen,ridge,25,False,0.49538461538461537,3.9186753200960354
424,unseen,lgbm_process,25,False,0.45153846153846156,0.6624253200960357
424,unseen,knn,25,False,0.02308136222731076,-1.1195398511644878
425,all,lgbm,106,False,0.4228984558027055,2.1553033460646223
425,all,ridge,106,False,0.3723958989344283,1.539593181010872
425,all,lgbm_process,106,False,0.3317236358517109,1.1236900373571181
425,all,knn,106,False,0.2717007391592458,2.1871286260478016
425,unseen,lgbm,24,False,0.3052173913043478,1.7470931808745505
425,unseen,ridge,24,False,0.4313043478260869,1.7470931808745505
425,unseen,lgbm_process,24,False,0.32695652173913037,-1.8513790413476698
425,unseen,knn,24,False,0.15391304347826085,-1.6893552318238623
426,all,lgbm,96,False,0.47106619641888225,1.2826644763667154
426,all,ridge,96,False,0.427075420510038,1.632527972177181
426,all,lgbm_process,96,False,0.3196011937059143,-0.1293709129095113
426,all,knn,96,False,0.23787769464253514,0.9343668171177253
426,unseen,lgbm,25,False,0.4330769230769231,-1.3540725573728594
426,unseen,ridge,25,False,0.38461538461538464,1.058070299769998
426,unseen,lgbm_process,25,False,0.31846153846153846,-1.3540725573728594
426,unseen,knn,25,False,0.2623076923076923,-0.40442664772695025
427,all,lgbm,99,False,0.3560296846011131,1.157872165674485
427,all,ridge,99,False,0.41450834879406306,1.7324470668843865
427,all,lgbm_process,99,False,0.3501917130488558,1.9791453136359625
427,all,knn,99,False,0.21974684940813782,1.7313208290417688
427,unseen,lgbm,26,False,0.1152136752136752,1.1759163449876837
427,unseen,ridge,26,False,0.3866666666666666,1.7384201852334584
427,unseen,lgbm_process,26,False,0.3258119658119658,1.2621658562291316
427,unseen,knn,26,False,0.07763338347305156,-1.2143217502504111
428,all,lgbm,105,False,0.44225585735019696,2.9113721573838465
428,all,ridge,105,False,0.4809351026332158,1.4859628118967976
428,all,lgbm_process,105,False,0.3339207961849471,1.6631941588671424
428,all,knn,105,False,0.31005023452505726,1.1487687793775798
428,unseen,lgbm,30,False,0.3704115684093437,3.420665374975904
428,unseen,ridge,30,False,0.3975528364849833,3.5066653749759027
428,unseen,lgbm_process,30,False,0.19555061179087874,2.8516177559282845
428,unseen,knn,30,False,0.041156840934371525,-0.38154515133988376
429,all,lgbm,94,False,0.3537116641982444,0.9597581364135355
429,all,ridge,94,False,0.33459523895531557,1.550127321088718
429,all,lgbm_process,94,False,0.15766354802586427,0.6451806528948758
429,all,knn,94,False,0.10025180410621878,0.7161006468596796
429,unseen,lgbm,19,False,0.19473684210526312,-0.19731643096604756
429,unseen,ridge,19,False,0.01754385964912281,1.737959304328072
429,unseen,lgbm_process,19,False,0.019298245614035085,1.619961346811733
429,unseen,knn,19,False,-0.18771929824561404,-0.19731643096604756
430,all,lgbm,89,False,0.34690160027238687,0.8503289285817761
430,all,ridge,89,False,0.37121212121212127,0.8335833404145294
430,all,lgbm_process,89,False,0.19623849267496715,0.20238208814835268
430,all,knn,89,False,0.1959332067157989,0.38750310630330453
430,unseen,lgbm,17,False,0.15441176470588236,-3.1596273976568092
430,unseen,ridge,17,False,0.18137254901960786,-0.8178681383975519
430,unseen,lgbm_process,17,False,0.10049019607843139,-0.029071842101254575
430,unseen,knn,17,False,0.45833333333333337,0.9311705821411707
431,all,lgbm,96,False,0.3447312287432626,1.443300245460648
431,all,ridge,96,False,0.310378155109473,1.8130020760861676
431,all,lgbm_process,96,False,0.241366797908326,1.1108179443343804
431,all,knn,96,False,0.15393224994153665,0.14656637100425307
431,unseen,lgbm,25,False,0.48384615384615387,4.098053886343431
431,unseen,ridge,25,False,0.39,2.684303886343434
431,unseen,lgbm_process,25,False,0.5353846153846153,3.2408799732999523
431,unseen,knn,25,False,0.18272745096621018,-1.859624685085139
432,all,lgbm,103,False,0.3521184381422746,1.4969636771618813
432,all,ridge,103,False,0.37550623683925766,1.219461345644552
432,all,lgbm_process,103,False,0.3403943361892202,1.8083399586488298
432,all,knn,103,False,0.1975961589398422,1.4658430024847267
432,unseen,lgbm,27,False,0.5256410256410257,2.0639089779839335
432,unseen,ridge,27,False,0.5653235653235653,3.0842456783206327
432,unseen,lgbm_process,27,False,0.6758241758241758,2.597981588143499
432,unseen,knn,27,False,0.19844298811570865,-2.3966259455265337
433,all,lgbm,104,False,0.43466339485756966,1.5216975595507058
433,all,ridge,104,False,0.44879974394537503,1.7767351878485123
433,all,lgbm_process,104,False,0.37056438706924155,1.9501703764233653
433,all,knn,104,False,0.41921621395763525,1.8563878114953258
433,unseen,lgbm,28,False,0.45539135194307606,0.9808030686587088
433,unseen,ridge,28,False,0.4176245210727969,2.6846558166544607
433,unseen,lgbm_process,28,False,0.5632183908045977,2.0422523835096236
433,unseen,knn,28,False,0.44806350494866315,-0.3005309649547385
434,all,lgbm,96,False,0.3753798155181769,1.3730020066763249
434,all,ridge,96,False,0.3030656538252849,0.9738142777385921
434,all,lgbm_process,96,False,0.3337097589199836,1.6633097988042742
434,all,knn,96,False,0.2590955825963819,0.7910133619963879
434,unseen,lgbm,23,False,0.19466403162055337,1.0856600985194191
434,unseen,ridge,23,False,0.16205533596837948,1.4748496589589806
434,unseen,lgbm_process,23,False,0.3675889328063241,3.939124406139829
434,unseen,knn,23,False,0.1907585924309122,-1.3871130107242777
435,all,lgbm,104,False,0.40153632774992004,2.224838763703813
435,all,ridge,104,False,0.43235890323268966,2.52480585469862
435,all,lgbm_process,104,False,0.3301717699775953,0.8332468793882999
435,all,knn,104,False,0.28494831815836486,1.6796774260634102
435,unseen,lgbm,29,False,0.3453201970443349,1.0005790854095373
435,unseen,ridge,29,False,0.405911330049261,2.5638065986370524
435,unseen,lgbm_process,29,False,0.315270935960591,0.7096994557799086
435,unseen,knn,29,False,0.1527093596059113,1.2155129478434006
436,all,lgbm,94,False,0.450030704764657,2.2011812032183933
436,all,ridge,94,False,0.42376187551927175,2.039389067412536
436,all,lgbm_process,94,False,0.3021276595744681,1.5817062457651936
436,all,knn,94,False,0.2225489711604982,0.6431979082480765
436,unseen,lgbm,22,False,0.4240542066629024,3.401798940055645
436,unseen,ridge,22,False,0.2523997741389046,3.1713227495794563
436,unseen,lgbm_process,22,False,0.41840767927724454,1.8372824565391639
436,unseen,knn,22,False,0.050254093732354614,-1.3030694809969834
437,all,lgbm,96,False,0.5038117200217037,1.9465198642271773
437,all,ridge,96,False,0.5010716223548562,1.4967866919244397
437,all,lgbm_process,96,False,0.37894736842105264,2.1136927275058994
437,all,knn,96,False,0.2804989742098413,1.2961010067997076
437,unseen,lgbm,23,False,0.5128458498023715,2.210859683983726
437,unseen,ridge,23,False,0.642292490118577,3.270859683983728
437,unseen,lgbm_process,23,False,0.4545454545454546,3.270859683983728
437,unseen,knn,23,False,0.17247344237924442,-0.7876682880442463
438,all,lgbm,97,False,0.42479749631811475,2.1035790701001176
438,all,ridge,97,False,0.4309646539027982,1.8632952837079486
438,all,lgbm_process,97,False,0.3361824111087734,2.823378746511402
438,all,knn,97,False,0.3554066568097436,1.4432052709666365
438,unseen,lgbm,21,False,0.5493506493506494,1.6620805529054614
438,unseen,ridge,21,False,0.43506493506493504,4.340501605537039
438,unseen,lgbm_process,21,False,0.461038961038961,1.6620805529054614
438,unseen,knn,21,False,0.36505360808093473,-1.3544194470945392
439,all,lgbm,100,False,0.48448844884488446,1.369525153895049
439,all,ridge,100,False,0.5001860186018601,1.389477688025135
439,all,lgbm_process,100,False,0.3883419992276681,2.318243806079943
439,all,knn,100,False,0.2949518119145397,1.307647201585711
439,unseen,lgbm,25,False,0.26076923076923075,0.5740692250367125
439,unseen,ridge,25,False,0.47846153846153844,2.94662167258916
439,unseen,lgbm_process,25,False,0.30076923076923073,3.812264611739561
439,unseen,knn,25,False,0.24393999497098465,0.5740692250367125
440,all,lgbm,104,False,0.4246986023685054,2.3868284167703546
440,all,ridge,104,False,0.4086845193641311,1.460120871968293
440,all,lgbm_process,104,False,0.2578363384188627,0.942017454187793
440,all,knn,104,False,0.26413252391075304,1.3500724223347316
440,unseen,lgbm,27,False,0.40415140415140416,2.712753416336751
440,unseen,ridge,27,False,0.3992673992673993,0.39707067315400657
440,unseen,lgbm_process,27,False,0.4267399267399268,3.2861537012370317
440,unseen,knn,27,False,0.435048089330592,1.5974054309887649
441,all,lgbm,102,False,0.4385556202679091,0.9257493078357015
441,all,ridge,102,False,0.3950953062182289,1.4644977731046858
441,all,lgbm_process,102,False,0.2977591305675399,1.148694152780445
441,all,knn,102,False,0.18297027792913956,1.5700025396628767
441,unseen,lgbm,21,False,0.5337662337662338,1.615513250825245
441,unseen,ridge,21,False,0.6233766233766234,3.0711046876902675
441,unseen,lgbm_process,21,False,0.3103896103896104,1.832187105272686
441,unseen,knn,21,False,0.06493506493506493,0.37662436193635784
442,all,lgbm,102,False,0.43079767714064376,0.8981250772079576
442,all,ridge,102,False,0.45292930206784243,1.773492667950551
442,all,lgbm_process,102,False,0.3643812146432017,2.0251438376280912
442,all,knn,102,False,0.2931491296244557,1.4693566564474327
442,unseen,lgbm,21,False,0.27792207792207796,1.724997975433734
442,unseen,ridge,21,False,0.464935064935065,2.923093213528972
442,unseen,lgbm_process,21,False,0.3207792207792208,0.4154146421003997
442,unseen,knn,21,False,0.11172459179701205,-1.8053353578995992
443,all,lgbm,100,False,0.4254545454545454,1.5827407882438322
443,all,ridge,100,False,0.344998499849985,2.081617791227517
443,all,lgbm_process,100,False,0.2931413141314131,0.4949223571978152
443,all,knn,100,False,0.20084796973042768,1.345862161933935
443,unseen,lgbm,24,False,0.13826086956521738,1.3461519969057711
443,unseen,ridge,24,False,0.17478260869565218,-0.1655146697608938
443,unseen,lgbm_process,24,False,0.248695652173913,0.44978836054213645
443,unseen,knn,24,False,0.025217391304347827,-2.137387256633481
444,all,lgbm,97,False,0.43625078897538394,1.3491526147552744
444,all,ridge,97,False,0.4549626551651589,1.1223311702410506
444,all,lgbm_process,97,False,0.33676099305701657,1.1316891445089183
444,all,knn,97,False,0.330722799356533,0.5059485577763052
444,unseen,lgbm,24,False,0.48173913043478256,1.1719037833820565
444,unseen,ridge,24,False,0.5747826086956522,3.3929037833820566
444,unseen,lgbm_process,24,False,0.48869565217391303,1.1719037833820565
444,unseen,knn,24,False,0.46173913043478254,0.15377266565718983
445,all,lgbm,97,False,0.4685724805386072,2.4953861778138524
445,all,ridge,97,False,0.39272564695981477,1.6701997642274353
445,all,lgbm_process,97,False,0.2632810856301283,1.7937755983320578
445,all,knn,97,False,0.24276875216090293,1.7024605984927135
445,unseen,lgbm,21,False,0.41298701298701296,0.38643309040695684
445,unseen,ridge,21,False,0.46623376623376617,1.7741540755621514
445,unseen,lgbm_process,21,False,0.0987012987012987,3.5571348447929214
445,unseen,knn,21,False,0.12666450814196134,0.38643309040695684
446,all,lgbm,98,False,0.4438345159994644,1.7254549588711132
446,all,ridge,98,False,0.40176857997182,1.2461121017282544
446,all,lgbm_process,98,False,0.3324025017692175,1.4329596388816537
446,all,knn,98,False,0.24719609879467644,1.2954600196818156
446,unseen,lgbm,23,False,0.49209486166007904,-0.5115158545970662
446,unseen,ridge,23,False,0.47332015810276684,-0.5115158545970662
446,unseen,lgbm_process,23,False,0.4535573122529644,1.2297098351360862
446,unseen,knn,23,False,0.14084507472230562,0.14759128826007561
447,all,lgbm,101,False,0.5085497961560862,2.1791637000879174
447,all,ridge,101,False,0.4636458940011648,1.6837099469587784
447,all,lgbm_process,101,False,0.3776936517181129,1.0311891585079351
447,all,knn,101,False,0.30025804195995753,1.5939902435981494
447,unseen,lgbm,26,False,0.4051282051282051,2.5636269613633242
447,unseen,ridge,26,False,0.5528205128205128,1.431945440270038
447,unseen,lgbm_process,26,False,0.41059829059829056,2.7890010864090904
447,unseen,knn,26,False,0.3884424744752757,1.9002936280299902
448,all,lgbm,103,False,0.5061393489434609,2.2070330636857136
448,all,ridge,103,False,0.45065457101436546,2.3353483145409264
448,all,lgbm_process,103,False,0.37803227285724594,1.7346931170224202
448,all,knn,103,False,0.32298508516414653,1.8122454181483718
448,unseen,lgbm,26,False,0.23145299145299145,1.46095815248853
448,unseen,ridge,26,False,0.2745299145299145,2.2211243303966413
448,unseen,lgbm_process,26,False,0.29299145299145296,2.2809819584008224
448,unseen,knn,26,False,0.012651735524282748,-0.502485579705203
449,all,lgbm,102,False,0.5422700465363498,1.2892248390980772
449,all,ridge,102,False,0.4388044172778215,1.5516922976199492
449,all,lgbm_process,102,False,0.41384555360161945,2.388154712057366
449,all,knn,102,False,0.2693867175332514,1.5145315703754978
449,unseen,lgbm,27,False,0.5873015873015872,0.25244242797004013
449,unseen,ridge,27,False,0.47863247863247865,1.1371768602044714
449,unseen,lgbm_process,27,False,0.41391941391941384,2.020954533148812
449,unseen,knn,27,False,0.16971916971916973,-0.7475575720299599
450,all,lgbm,92,False,0.39766347758366477,1.8233131780452254
450,all,ridge,92,False,0.44137309223503285,1.2360652366861746
450,all,lgbm_process,92,False,0.3687189584315953,2.737653963904201
450,all,knn,92,False,0.24562992571420594,0.9073758316470446
450,unseen,lgbm,20,False,0.613533834586466,3.4146424102405497
450,unseen,ridge,20,False,0.5488721804511278,3.1206424102405528
450,unseen,lgbm_process,20,False,0.7263157894736841,4.028278773876917
450,unseen,knn,20,False,0.3715682850206588,0.24835669595483978
451,all,lgbm,98,False,0.3674680743900184,0.9003697529863697
451,all,ridge,98,False,0.3676975945017182,0.7759447072612335
451,all,lgbm_process,98,False,0.33624058808153057,2.0267424840743047
451,all,knn,98,False,0.23304524212212638,1.504659902404768
451,unseen,lgbm,20,False,0.35488721804511275,-0.855311303973803
451,unseen,ridge,20,False,0.35639097744360904,0.5408553626928629
451,unseen,lgbm_process,20,False,0.43909774436090226,0.5408553626928629
451,unseen,knn,20,False,0.16691729323308271,0.04129583888333954
452,all,lgbm,107,False,0.4446893551989655,1.6956479816890138
452,all,ridge,107,False,0.4074139383608613,1.1400180269442526
452,all,lgbm_process,107,False,0.3649366170967299,1.7894610710195593
452,all,knn,107,False,0.23012976679133654,1.5213322512387553
452,unseen,lgbm,27,False,0.4413919413919414,0.899568809048148
452,unseen,ridge,27,False,0.42002442002442003,1.6405115699909096
452,unseen,lgbm_process,27,False,0.35531135531135527,-0.09560401198285184
452,unseen,knn,27,False,0.22656489605803398,-0.956103848903922
453,all,lgbm,105,False,0.4697387518142235,1.6631375358234735
453,all,ridge,105,False,0.44109475430230144,1.8964221683083835
453,all,lgbm_process,105,False,0.2966781481405053,0.6228693634321409
453,all,knn,105,False,0.16280191098479327,1.2936429962054614
453,unseen,lgbm,27,False,0.5946275946275946,3.916368997105481
453,unseen,ridge,27,False,0.5952380952380952,3.4397023304388146
453,unseen,lgbm_process,27,False,0.43833943833943834,3.224313993285774
453,unseen,knn,27,False,0.18531522120959254,0.9372528354893195
454,all,lgbm,97,False,0.5540053650326109,3.0741097254692296
454,all,ridge,97,False,0.5536108773406269,2.5810254334426848
454,all,lgbm_process,97,False,0.4241926151904061,0.6839607257739626
454,all,knn,97,False,0.3978801132561405,2.1513123450125704
454,unseen,lgbm,23,False,0.6837944664031621,0.8094935273060297
454,unseen,ridge,23,False,0.7272727272727272,2.00000634781885
454,unseen,lgbm_process,23,False,0.650197628458498,-0.31348266317016105
454,unseen,knn,23,False,0.40513833992094866,0.6236006701631727
455,all,lgbm,92,False,0.4944284327173528,1.9444102064311917
455,all,ridge,92,False,0.42889508808162385,2.1666364287580873
455,all,lgbm_process,92,False,0.3074611223278825,1.3321310555047958
455,all,knn,92,False,0.212329771516979,1.0397995001638076
455,unseen,lgbm,24,False,0.4834782608695652,3.5706127669970957
455,unseen,ridge,24,False,0.2756521739130435,2.5000461003304313
455,unseen,lgbm_process,24,False,0.39391304347826084,2.0775461003304283
455,unseen,knn,24,False,0.07785994646952522,-2.630346056532316
456,all,lgbm,94,False,0.4373153198714012,2.392196617910278
456,all,ridge,94,False,0.40055629808907994,1.404815809744937
456,all,lgbm_process,94,False,0.33671928620452984,1.0435543791557826
456,all,knn,94,False,0.22701984175521134,0.4957628389660016
456,unseen,lgbm,18,False,0.3519091847265222,-1.82159429761783
456,unseen,ridge,18,False,0.1475748194014448,2.4774871058023766
456,unseen,lgbm_process,18,False,0.5748194014447885,2.738447770705287
456,unseen,knn,18,False,-0.011357771260606367,-1.82159429761783
457,all,lgbm,95,False,0.3855263157894737,1.2508164116265235
457,all,ridge,95,False,0.4134098544232923,1.6165894053023777
457,all,lgbm_process,95,False,0.34750839865621497,1.5123776115815417
457,all,knn,95,False,0.29382881252792753,2.0429072788531695
457,unseen,lgbm,26,False,0.28478632478632476,0.8226012903666771
457,unseen,ridge,26,False,0.43863247863247856,2.722471266726016
457,unseen,lgbm_process,26,False,0.33401709401709395,2.2321124014777887
457,unseen,knn,26,False,0.14261286743727974,-0.6944820429666549
458,all,lgbm,100,False,0.4515331533153315,2.752113213996303
458,all,ridge,100,False,0.4878607860786078,2.6353895504288882
458,all,lgbm_process,100,False,0.39654484412072905,2.2483568532782012
458,all,knn,100,False,0.2744553241844929,1.8647385375397185
458,unseen,lgbm,27,False,0.5427350427350427,2.094723414587355
458,unseen,ridge,27,False,0.6239316239316238,2.094723414587355
458,unseen,lgbm_process,27,False,0.5647130647130647,2.463739144760021
458,unseen,knn,27,False,0.26896657312298355,0.6947234145873544
459,all,lgbm,96,False,0.3920103092783505,1.4474928895178873
459,all,ridge,96,False,0.3762615301139446,2.0002993182091338
459,all,lgbm_process,96,False,0.37080846446011934,1.468220221204838
459,all,knn,96,False,0.3211716504026671,2.2462301168044796
459,unseen,lgbm,21,False,0.5116883116883117,4.1734902088166255
459,unseen,ridge,21,False,0.6090909090909091,2.9279346532610706
459,unseen,lgbm_process,21,False,0.6662337662337662,3.3910372173636336
459,unseen,knn,21,False,0.5066580325678454,3.775240208816628
460,all,lgbm,98,False,0.39697415986075774,1.2997857718269028
460,all,ridge,98,False,0.338625047019745,0.855370514202626
460,all,lgbm_process,98,False,0.35109563975543356,1.2822517805553204
460,all,knn,98,False,0.2080258124363371,0.6555427632557649
460,unseen,lgbm,25,False,0.5184615384615384,2.870037506339548
460,unseen,ridge,25,False,0.5023076923076923,1.294787506339551
460,unseen,lgbm_process,25,False,0.3423076923076923,4.561901451917782
460,unseen,knn,25,False,0.057692307692307696,-0.9435458269937822
461,all,lgbm,97,False,0.40705869976856723,1.2834062451322588
461,all,ridge,97,False,0.4736613717652009,2.0314781649502027
461,all,lgbm_process,97,False,0.3098700820534399,0.8061548739874418
461,all,knn,97,False,0.2552347896459091,1.7236202477627511
461,unseen,lgbm,21,False,0.3363636363636363,1.0760775059156025
461,unseen,ridge,21,False,0.6298701298701298,1.0760775059156025
461,unseen,lgbm_process,21,False,0.36623376623376624,1.0760775059156025
461,unseen,knn,21,False,0.187012987012987,-0.9210283141902167
462,all,lgbm,96,False,0.36230330982094416,2.0169404495410905
462,all,ridge,96,False,0.39830439500813886,1.401955911192914
462,all,lgbm_process,96,False,0.3286625067824199,2.519239425884587
462,all,knn,96,False,0.2506639005338117,1.3427286108910064
462,unseen,lgbm,22,False,0.549407114624506,4.687073381277248
462,unseen,ridge,22,False,0.4477696216826652,2.8395733812772477
462,unseen,lgbm_process,22,False,0.6679841897233203,3.790709744913613
462,unseen,knn,22,False,0.23665632121338467,-1.1727123330084641
463,all,lgbm,92,False,0.5450734398840991,1.961867375942278
463,all,ridge,92,False,0.45719217668726786,2.480963131064348
463,all,lgbm_process,92,False,0.3725027068085031,1.3655928987750432
463,all,knn,92,False,0.32811675444661964,1.6294647051064466
463,unseen,lgbm,23,False,0.5790513833992095,2.9074986852548452
463,unseen,ridge,23,False,0.44762845849802374,2.9074986852548452
463,unseen,lgbm_process,23,False,0.5148221343873518,1.9312922988254595
463,unseen,knn,23,False,0.3142292490118577,0.16737836439923193
464,all,lgbm,103,False,0.43077582041031504,1.6112615592589865
464,all,ridge,103,False,0.379980670386153,2.203667628334438
464,all,lgbm_process,103,False,0.2555682467161622,0.14685850864009353
464,all,knn,103,False,0.21383637479661416,0.7575904188162674
464,unseen,lgbm,24,False,0.5426086956521738,1.7038662943870069
464,unseen,ridge,24,False,0.40086956521739125,2.146771523145178
464,unseen,lgbm_process,24,False,0.28086956521739126,3.3817715231451775
464,unseen,knn,24,False,0.0682757137253505,-1.9968266880691328
465,all,lgbm,96,False,0.4643651654910472,2.2120495873190666
465,all,ridge,96,False,0.4528486163863266,2.0667827611627647
465,all,lgbm_process,96,False,0.29049104720564295,0.8799508093175241
465,all,knn,96,False,0.2686107542780391,1.2839924173299693
465,unseen,lgbm,20,False,0.28120300751879695,2.4780859340659322
465,unseen,ridge,20,False,0.34285714285714286,2.4780859340659322
465,unseen,lgbm_process,20,False,0.3488721804511278,-0.02548549450549409
465,unseen,knn,20,False,-0.0015037593984962405,-1.475979145299144
466,all,lgbm,102,False,0.32360009273343104,0.8887849579511968
466,all,ridge,102,False,0.2845955069521801,1.1830513140917542
466,all,lgbm_process,102,False,0.19557762064646825,0.9672613305683146
466,all,knn,102,False,0.08773100531460193,0.4500482930976446
466,unseen,lgbm,24,False,0.07217391304347825,-0.01277291183379603
466,unseen,ridge,24,False,0.07478260869565216,-0.5258498349107192
466,unseen,lgbm_process,24,False,0.1408695652173913,2.4542045551436704
466,unseen,knn,24,False,-0.08782608695652173,-1.347772911833795
467,all,lgbm,106,False,0.49062145754087216,2.0633035916188316
467,all,ridge,106,False,0.49825931430586695,2.9073339781190377
467,all,lgbm_process,106,False,0.4126266786588367,1.0286208346059205
467,all,knn,106,False,0.2832784553051977,1.1442141595915079
467,unseen,lgbm,29,False,0.6344827586206895,3.685357740143603
467,unseen,ridge,29,False,0.5896551724137931,3.4405429253287867
467,unseen,lgbm_process,29,False,0.5103448275862068,3.068047134082997
467,unseen,knn,29,False,0.025615763546798023,-2.2224828261528433
468,all,lgbm,106,False,0.31993853439806536,1.4637141194409349
468,all,ridge,106,False,0.33554676675819334,1.5268090036079567
468,all,lgbm_process,106,False,0.22816391204423367,0.7090874518551313
468,all,knn,106,False,0.18404438219929334,1.6068277868320973
468,unseen,lgbm,27,False,0.19230769230769232,-0.013670065325692704
468,unseen,ridge,27,False,0.3241758241758242,1.5679324987768695
468,unseen,lgbm_process,27,False,0.30708180708180705,-0.4158291562347838
468,unseen,knn,27,False,0.15600671834942634,-1.3751343510399803
469,all,lgbm,104,False,0.46876133575162704,1.152370835724863
469,all,ridge,104,False,0.46465379280913266,2.148591045064636
469,all,lgbm_process,104,False,0.3798036914541769,0.959777032763661
469,all,knn,104,False,0.33407401462788766,1.1189405186101098
469,unseen,lgbm,27,False,0.4694749694749695,1.5921067617762805
469,unseen,ridge,27,False,0.5811965811965812,2.8451314531343037
469,unseen,lgbm_process,27,False,0.45238095238095233,2.0803248926978988
469,unseen,knn,27,False,0.3345543345543345,-0.9104252895057723
470,all,lgbm,104,False,0.43959244638856293,1.3027795683734844
470,all,ridge,104,False,0.4283473807745653,1.4356500021116556
470,all,lgbm_process,104,False,0.4099647924890644,2.076279172638685
470,all,knn,104,False,0.2900021356670648,1.7142586125486705
470,unseen,lgbm,27,False,0.3492063492063492,-1.4720938678837658
470,unseen,ridge,27,False,0.3992673992673993,0.892656132116235
470,unseen,lgbm_process,27,False,0.3882783882783883,-0.758593867883766
470,unseen,knn,27,False,0.2179819900224861,-1.5843499451398433
471,all,lgbm,91,False,0.5254021340977862,2.428147360312863
471,all,ridge,91,False,0.5004618569835961,2.0827179718001414
471,all,lgbm_process,91,False,0.38619206880076445,1.928938226445494
471,all,knn,91,False,0.3908351737559355,2.5171755975779835
471,unseen,lgbm,25,False,0.5323076923076923,5.015001664116841
471,unseen,ridge,25,False,0.5900000000000001,5.015001664116841
471,unseen,lgbm_process,25,False,0.5061538461538462,4.412827751073365
471,unseen,knn,25,False,0.45854972958257384,-0.39032219640562715
472,all,lgbm,95,False,0.358048712206047,1.6050630505830181
472,all,ridge,95,False,0.4226763717805151,1.459352925805831
472,all,lgbm_process,95,False,0.2743001119820829,1.1615299906003127
472,all,knn,95,False,0.22697890095281786,1.9009116787688338
472,unseen,lgbm,24,False,0.4756521739130434,2.382472126655305
472,unseen,ridge,24,False,0.5121739130434783,3.0853054599886356
472,unseen,lgbm_process,24,False,0.4208695652173913,2.2106387933219693
472,unseen,knn,24,False,0.1313329015608653,-0.2395127218295432
473,all,lgbm,104,False,0.37907820335004805,0.34260486097116605
473,all,ridge,104,False,0.37172730182438923,1.9126948709004363
473,all,lgbm_process,104,False,0.3507948362317295,1.17234393941035
473,all,knn,104,False,0.24591746991167424,1.4179527885778693
473,unseen,lgbm,27,False,0.5506715506715506,0.9025783364350612
473,unseen,ridge,27,False,0.5012210012210012,2.0782060420627655
473,unseen,lgbm_process,27,False,0.5317460317460317,0.9025783364350612
473,unseen,knn,27,False,0.3363858363858364,0.25577617478092485
474,all,lgbm,96,False,0.3928377645143787,2.6538908076901233
474,all,ridge,96,False,0.40613130765056965,2.191287654411875
474,all,lgbm_process,96,False,0.24800002713119793,0.45019297693830573
474,all,knn,96,False,0.19228277837350408,1.5182442668860272
474,unseen,lgbm,20,False,0.35187969924812035,2.725004880353268
474,unseen,ridge,20,False,0.4330827067669173,2.4440048803532655
474,unseen,lgbm_process,20,False,0.23458646616541348,0.27733821368660116
474,unseen,knn,20,False,0.12781954887218044,-1.9196747733263848
475,all,lgbm,95,False,0.38687010078387457,2.6101954751544714
475,all,ridge,95,False,0.4017357222844345,1.4442576154418933
475,all,lgbm_process,95,False,0.32428611422172454,1.1291212325842572
475,all,knn,95,False,0.19211708966292998,0.6821542268347898
475,unseen,lgbm,26,False,0.3517948717948718,1.9724918430183376
475,unseen,ridge,26,False,0.2547008547008547,0.5623164044218463
475,unseen,lgbm_process,26,False,0.35999999999999993,0.7314918430183379
475,unseen,knn,26,False,0.005811965811965812,-1.7490081569816613
476,all,lgbm,97,False,0.43928834420366075,2.0893541486834035
476,all,ridge,97,False,0.4187092362718283,2.323399561408623
476,all,lgbm_process,97,False,0.3531716810435514,0.9264072135712755
476,all,knn,97,False,0.306785418257701,2.3332110206120547
476,unseen,lgbm,22,False,0.3867871259175608,1.5233592565605605
476,unseen,ridge,22,False,0.43083003952569177,4.163541074742378
476,unseen,lgbm_process,22,False,0.549407114624506,3.1288917240930285
476,unseen,knn,22,False,0.34632773888853247,-0.9321407434394384
477,all,lgbm,102,False,0.351069544418748,0.30789148610024597
477,all,ridge,102,False,0.3833339930223748,1.617414854987004
477,all,lgbm_process,102,False,0.22575501410792137,-0.13458472135434896
477,all,knn,102,False,0.23863732943458382,0.21362192447334039
477,unseen,lgbm,27,False,0.10256410256410256,0.24606680800247993
477,unseen,ridge,27,False,0.20024420024420023,1.4062850619707365
477,unseen,lgbm_process,27,False,0.13675213675213677,-0.17579827136259674
477,unseen,knn,27,False,-0.016483516483516484,-1.9010535623678884
478,all,lgbm,100,False,0.406996699669967,1.5129763740836086
478,all,ridge,100,False,0.3879387938793879,2.0248271628042787
478,all,lgbm_process,100,False,0.29995799579957994,0.9576349266864081
478,all,knn,100,False,0.2051785251446056,1.3153935940684054
478,unseen,lgbm,24,False,0.6452173913043477,3.038593178774633
478,unseen,ridge,24,False,0.5617391304347825,4.516401620333076
478,unseen,lgbm_process,24,False,0.5643478260869564,1.8891361080675608
478,unseen,knn,24,False,0.29130434782608694,0.38669353719757105
479,all,lgbm,105,False,0.406199460916442,1.7231434656146902
479,all,ridge,105,False,0.4097657059921211,1.9927168477880723
479,all,lgbm_process,105,False,0.3393530997304582,0.6375230888426593
479,all,knn,105,False,0.2908768572072583,1.3680061864404607
479,unseen,lgbm,26,False,0.24034188034188034,0.7140013111415175
479,unseen,ridge,26,False,0.2458119658119658,2.2276917873319935
479,unseen,lgbm_process,26,False,0.3989743589743589,0.10421870244586628
479,unseen,knn,26,False,0.2547444044754229,-0.1668013584111545
480,all,lgbm,92,False,0.47915478630766145,2.2813576676816165
480,all,ridge,92,False,0.4423346639335419,1.9512848056833203
480,all,lgbm_process,92,False,0.38150208837445865,1.4402389467339507
480,all,knn,92,False,0.3161314487181348,2.572409532610788
480,unseen,lgbm,21,False,0.4246753246753247,1.9823108997030126
480,unseen,ridge,21,False,0.43506493506493504,1.9823108997030126
480,unseen,lgbm_process,21,False,0.6142857142857143,1.9823108997030126
480,unseen,knn,21,False,0.5579733974048451,3.561922609473127
481,all,lgbm,98,False,0.341659812941109,0.5333667605320116
481,all,ridge,98,False,0.36939349310483327,0.5473909647760475
481,all,lgbm_process,98,False,0.33970889199166077,2.035027786171982
481,all,knn,98,False,0.22415997650051692,0.79731683606086
481,unseen,lgbm,25,False,0.30846153846153845,-0.3476884352929961
481,unseen,ridge,25,False,0.4769230769230769,0.8271192570146955
481,unseen,lgbm_process,25,False,0.5546153846153846,1.8035991901250643
481,unseen,knn,25,False,0.22230769230769232,-1.0682995464041074
482,all,lgbm,100,False,0.33161716171617156,1.3378172603747291
482,all,ridge,100,False,0.31361536153615355,1.572131801458088
482,all,lgbm_process,100,False,0.22648664866486645,2.161011498797029
482,all,knn,100,False,0.22091128803206972,1.750000680886643
482,unseen,lgbm,24,False,0.48,1.578613030948107
482,unseen,ridge,24,False,0.46173913043478254,4.378940411900487
482,unseen,lgbm_process,24,False,0.34347826086956523,4.1309894625334
482,unseen,knn,24,False,0.35711182151664916,-0.9713226308165979
483,all,lgbm,92,False,0.38496986884083656,0.9688616578111304
483,all,ridge,92,False,0.4084120647935514,0.8264751335537319
483,all,lgbm_process,92,False,0.22417274170429852,0.5038259446000648
483,all,knn,92,False,0.3463812029438732,1.9431417913546163
483,unseen,lgbm,17,False,0.6151960784313726,1.0443474418633123
483,unseen,ridge,17,False,0.5980392156862745,2.6483474418633115
483,unseen,lgbm_process,17,False,0.3995098039215687,-1.2548192248033558
483,unseen,knn,17,False,0.6180258672362172,2.4243474418633113
484,all,lgbm,99,False,0.35589363017934444,1.8840441696913715
484,all,ridge,99,False,0.3562275819418676,1.9344311715466223
484,all,lgbm_process,99,False,0.2415901100509696,1.6652243037386096
484,all,knn,99,False,0.22772393648847386,2.9777477707852054
484,unseen,lgbm,22,False,0.08639186900056467,-0.5622687488148017
484,unseen,ridge,22,False,0.21287408243929987,1.6166490001029477
484,unseen,lgbm_process,22,False,0.20383963862224735,0.08636761482156352
484,unseen,knn,22,False,0.07396950875211745,-0.013670865216916184
485,all,lgbm,93,False,0.5106830592939631,1.902066567035174
485,all,ridge,93,False,0.519322013667154,3.083797930977884
485,all,lgbm_process,93,False,0.3549519372467222,1.2282275501271034
485,all,knn,93,False,0.3145564443034936,1.047418205019575
485,unseen,lgbm,20,False,0.38195488721804516,4.455774486037097
485,unseen,ridge,20,False,0.5924812030075187,4.455774486037097
485,unseen,lgbm_process,20,False,0.631578947368421,3.891725572993618
485,unseen,knn,20,False,0.29624060150375936,-1.544226887589275
486,all,lgbm,110,False,0.43325744426661855,1.3591639870977303
486,all,ridge,110,False,0.41881297477627755,1.6295890251046448
486,all,lgbm_process,110,False,0.3912404481211821,2.0877577238072167
486,all,knn,110,False,0.23584522923404036,1.1266037801072528
486,unseen,lgbm,31,False,0.5459677419354839,2.4412846448140115
486,unseen,ridge,31,False,0.5209677419354839,3.122951311480678
486,unseen,lgbm_process,31,False,0.6020161290322581,3.23058700343862
486,unseen,knn,31,False,0.35184998666560763,-0.007639597610230808
487,all,lgbm,96,False,0.49302767227346717,1.403776357851184
487,all,ridge,96,False,0.4564161692892024,2.1676195883744214
487,all,lgbm_process,96,False,0.3648534997287032,1.3940878734066082
487,all,knn,96,False,0.27465278560109024,1.1472919424138137
487,unseen,lgbm,23,False,0.3290513833992095,1.736613069533833
487,unseen,ridge,23,False,0.3577075098814229,3.626809147965206
487,unseen,lgbm_process,23,False,0.2509881422924901,1.736613069533833
487,unseen,knn,23,False,0.001976284584980237,-2.998347102034794
488,all,lgbm,100,False,0.4461086108610861,1.670740960977362
488,all,ridge,100,False,0.4763636363636363,2.033481900761295
488,all,lgbm_process,100,False,0.35111911191119105,1.8720182945055495
488,all,knn,100,False,0.2753672780001001,0.9670949613345261
488,unseen,lgbm,24,False,0.5756521739130435,2.2690816683893686
488,unseen,ridge,24,False,0.6252173913043478,3.298378641907652
488,unseen,lgbm_process,24,False,0.5956521739130434,4.235668851697865
488,unseen,knn,24,False,0.33304347826086955,-1.6793834051400438
489,all,lgbm,93,False,0.4673838441108889,2.9921582328257994
489,all,ridge,93,False,0.3866342395034466,1.1559588873479374
489,all,lgbm_process,93,False,0.3330995792426367,1.3008760537399517
489,all,knn,93,False,0.2740970960747746,0.9549207848214287
489,unseen,lgbm,22,False,0.45454545454545453,4.013509827891408
489,unseen,ridge,22,False,0.32128740824393004,2.87850982789141
489,unseen,lgbm_process,22,False,0.30660643704121965,0.3021556612247416
489,unseen,knn,22,False,0.22642574816487862,0.17090566122474193
490,all,lgbm,99,False,0.34833642547928256,2.5577821031922756
490,all,ridge,99,False,0.30483611626468765,1.5337781898507146
490,all,lgbm_process,99,False,0.2948546691403834,0.7721266758418501
490,all,knn,99,False,0.24354763997563048,1.9029745973647696
490,unseen,lgbm,21,False,0.45714285714285713,0.3314130277790994
490,unseen,ridge,21,False,0.42207792207792205,0.3314130277790994
490,unseen,lgbm_process,21,False,0.5467532467532468,0.3314130277790994
490,unseen,knn,21,False,0.2935064935064935,-0.20019555807948386
491,all,lgbm,95,False,0.44304311310190364,1.259696367852749
491,all,ridge,95,False,0.40961646136618146,2.203487713014251
491,all,lgbm_process,95,False,0.3276175811870101,0.8748830401707952
491,all,knn,95,False,0.27208427493156456,1.6122858979250339
491,unseen,lgbm,21,False,0.3844155844155844,4.427342635166074
491,unseen,ridge,21,False,0.49350649350649345,4.257602375425815
491,unseen,lgbm_process,21,False,0.33246753246753247,1.8900881708803627
491,unseen,knn,21,False,0.1702404517925891,-2.141464248474474
492,all,lgbm,96,False,0.41863809007053715,1.271521104441117
492,all,ridge,96,False,0.4215002712967987,2.4262018550528577
492,all,lgbm_process,96,False,0.3156277659668379,1.3209604631114669
492,all,knn,96,False,0.2817945658154246,1.2296587446628795
492,unseen,lgbm,23,False,0.408102766798419,1.7074253901895222
492,unseen,ridge,23,False,0.41600790513833996,4.045282533046665
492,unseen,lgbm_process,23,False,0.3656126482213439,1.7074253901895222
492,unseen,knn,23,False,0.05928853754940712,-0.9673674669533359
493,all,lgbm,99,False,0.4608658008658008,1.9317464651039522
493,all,ridge,99,False,0.3332714904143475,1.494542540661099
493,all,lgbm_process,99,False,0.33419913419913416,1.4171757592051009
493,all,knn,99,False,0.20975024625462121,0.8926380632454407
493,unseen,lgbm,21,False,0.2909090909090909,3.2047037157751426
493,unseen,ridge,21,False,0.1077922077922078,3.2047037157751426
493,unseen,lgbm_process,21,False,0.3987012987012987,3.7415926046640315
493,unseen,knn,21,False,0.10909090909090909,-0.553724855653428
494,all,lgbm,92,False,0.41604118181958294,0.614458059902173
494,all,ridge,92,False,0.4186458702587735,1.0143391435025038
494,all,lgbm_process,92,False,0.3571197386064146,1.2823019296251523
494,all,knn,92,False,0.3327976734373938,1.498812234530531
494,unseen,lgbm,17,False,0.4338235294117647,1.9866796825594601
494,unseen,ridge,17,False,0.5245098039215687,3.3075816433437737
494,unseen,lgbm_process,17,False,0.44117647058823534,1.9866796825594601
494,unseen,knn,17,False,0.2303921568627451,-1.1880822222024445
495,all,lgbm,99,False,0.3390970933828077,2.025895893562099
495,all,ridge,99,False,0.31140383426097706,0.8649043588997891
495,all,lgbm_process,99,False,0.2482251082251082,1.187117838327426
495,all,knn,99,False,0.1867048494081792,1.2224484773308006
495,unseen,lgbm,23,False,0.16205533596837948,1.4991661170653003
495,unseen,ridge,23,False,0.08596837944664032,1.4991661170653003
495,unseen,lgbm_process,23,False,0.25889328063241107,-2.32222277182359
495,unseen,knn,23,False,0.14878894551375868,-2.1378061051569226
496,all,lgbm,98,False,0.35175869785589964,2.0245900563353025
496,all,ridge,98,False,0.3556350375201627,1.54126762719212
496,all,lgbm_process,98,False,0.2127970213389948,0.7658196892833917
496,all,knn,98,False,0.24719523974044189,1.911553487309014
496,unseen,lgbm,21,False,0.5727272727272726,2.571232810314518
496,unseen,ridge,21,False,0.4714285714285714,2.571232810314518
496,unseen,lgbm_process,21,False,0.5285714285714286,4.935295773277479
496,unseen,knn,21,False,0.2585255089256442,-0.13192895439136443
497,all,lgbm,90,False,0.4561139235296539,1.8499398503984192
497,all,ridge,90,False,0.44541301395233973,1.84278732470505
497,all,lgbm_process,90,False,0.3973247726056715,1.003540595258917
497,all,knn,90,False,0.3376514362391959,1.2864957159855397
497,unseen,lgbm,24,False,0.5599999999999999,0.5313695602902655
497,unseen,ridge,24,False,0.5608695652173912,2.4113695602902645
497,unseen,lgbm_process,24,False,0.5634782608695652,0.5313695602902655
497,unseen,knn,24,False,0.3530434782608695,-0.1158637573789072
498,all,lgbm,97,False,0.45028945629798434,0.9268571722120225
498,all,ridge,97,False,0.4801851468346837,1.8352695484496433
498,all,lgbm_process,97,False,0.3995515975181933,1.2036606831026155
498,all,knn,97,False,0.2997590037498422,1.5670028917236873
498,unseen,lgbm,26,False,0.3531623931623932,0.03611139446362799
498,unseen,ridge,26,False,0.5145299145299145,1.6077780611302952
498,unseen,lgbm_process,26,False,0.4256410256410256,1.905644727796961
498,unseen,knn,26,False,0.27794871794871795,-1.3501456503783231
499,all,lgbm,102,False,0.41515739238115706,1.4820289279816006
499,all,ridge,102,False,0.3827911631825661,1.4932121158445533
499,all,lgbm_process,102,False,0.29141480681477633,0.06317227969510242
499,all,knn,102,False,0.25889984309314856,0.7793029802056761
499,unseen,lgbm,22,False,0.36194240542066636,1.5870696735028282
499,unseen,ridge,22,False,0.47374364765669114,1.5870696735028282
499,unseen,lgbm_process,22,False,0.39243365330321855,-2.143680326497172
499,unseen,knn,22,False,0.13495200451722192,-2.218323183640031
500,all,lgbm,105,False,0.4287165664524155,1.2481473556956324
500,all,ridge,105,False,0.36844287787684005,2.5931885316113394
500,all,lgbm_process,105,False,0.3587393738337134,0.35183016964565006
500,all,knn,105,False,0.2971002309592263,1.455496762105012
500,unseen,lgbm,23,False,0.3804347826086957,2.4306727714587115
500,unseen,ridge,23,False,0.4397233201581028,4.35622832701427
500,unseen,lgbm_process,23,False,0.3764822134387352,0.22022634288728504
500,unseen,knn,23,False,0.32666173470682114,-0.11755303499290015
501,all,lgbm,109,False,0.4398387545176536,1.4881662379464409
501,all,ridge,109,False,0.4758595125567603,1.8379193876268207
501,all,lgbm_process,109,False,0.36078760260406945,1.7363126936661875
501,all,knn,109,False,0.2812386334706776,0.5629060023869314
501,unseen,lgbm,32,False,0.3654692082111437,0.7467258368673786
501,unseen,ridge,32,False,0.4728739002932551,2.2604163130578545
501,unseen,lgbm_process,32,False,0.3731671554252199,0.7467258368673786
501,unseen,knn,32,False,0.18128494256323338,-1.8406881842966403
502,all,lgbm,108,False,0.49287871426257773,2.359243528599535
502,all,ridge,108,False,0.4437775681880972,2.0268125695516854
502,all,lgbm_process,108,False,0.3818542538481346,1.7980279153557603
502,all,knn,108,False,0.3121540386765751,1.7312986635881078
502,unseen,lgbm,32,False,0.4897360703812316,0.29772850205155343
502,unseen,ridge,32,False,0.5293255131964809,2.9305062798293307
502,unseen,lgbm_process,32,False,0.4787390029325513,1.8359685952916447
502,unseen,knn,32,False,0.3622032826136999,-1.0461098728352098
503,all,lgbm,113,False,0.4259598110320048,1.1918681143865228
503,all,ridge,113,False,0.4144736842105264,1.0915227851304863
503,all,lgbm_process,113,False,0.2956956045310565,1.5254215112699985
503,all,knn,113,False,0.19201856610608045,1.0802539764933616
503,unseen,lgbm,30,False,0.5759733036707452,1.8026012328429832
503,unseen,ridge,30,False,0.5866518353726363,2.9209496491325755
503,unseen,lgbm_process,30,False,0.5888765294771968,2.802566098894804
503,unseen,knn,30,False,0.28898776418242494,-0.27500293382368746
504,all,lgbm,99,False,0.3733457019171305,1.1647522994120365
504,all,ridge,99,False,0.4380581323438466,0.986890123906381
504,all,lgbm_process,99,False,0.3119242792973455,1.422906499341881
504,all,knn,99,False,0.3064044296823787,1.690573791675968
504,unseen,lgbm,23,False,0.3804347826086957,1.6890273795198052
504,unseen,ridge,23,False,0.5296442687747036,0.8824364704288943
504,unseen,lgbm_process,23,False,0.44169960474308306,1.5015409480408355
504,unseen,knn,23,False,0.4535573122529644,-0.6175635295711039
505,all,lgbm,93,False,0.3874399450926561,1.9290069583620575
505,all,ridge,93,False,0.3232968279072543,1.3585961285226986
505,all,lgbm_process,93,False,0.349498483703618,1.4667379907634999
505,all,knn,93,False,0.28210619307719975,1.2473542706866674
505,unseen,lgbm,22,False,0.4263128176171655,3.4981585686187806
505,unseen,ridge,22,False,0.37323546019198195,3.008317298777513
505,unseen,lgbm_process,22,False,0.365330321852061,2.5823864228541
505,unseen,knn,22,False,0.31751417496795303,-1.571736573276361
506,all,lgbm,96,False,0.4459441128594682,2.473184906152124
506,all,ridge,96,False,0.4406809549647314,1.5332635424542005
506,all,lgbm_process,96,False,0.29475040694519805,0.6499215233479969
506,all,knn,96,False,0.20060980049617763,1.5038721231573948
506,unseen,lgbm,26,False,0.40854700854700854,1.1420911906505502
506,unseen,ridge,26,False,0.32991452991452985,1.1420911906505502
506,unseen,lgbm_process,26,False,0.2451282051282051,1.0903134128727725
506,unseen,knn,26,False,0.009230769230769232,-1.6662382008161831
507,all,lgbm,103,False,0.43543250010982737,1.6040915330916299
507,all,ridge,103,False,0.42927118569608574,2.117699056300129
507,all,lgbm_process,103,False,0.27746782058603875,0.6665925923183504
507,all,knn,103,False,0.2953376568189468,1.8844623972306849
507,unseen,lgbm,27,False,0.38949938949938945,1.4044751008907426
507,unseen,ridge,27,False,0.4297924297924298,1.4044751008907426
507,unseen,lgbm_process,27,False,0.42002442002442003,2.459972786075925
507,unseen,knn,27,False,0.3241758241758242,0.499692994108635
508,all,lgbm,104,False,0.3837725381414702,1.947595785905829
508,all,ridge,104,False,0.3483196415235251,1.6084555574684298
508,all,lgbm_process,104,False,0.29236103702123123,1.7486063791388364
508,all,knn,104,False,0.29282892596329385,1.5642232352452545
508,unseen,lgbm,24,False,0.4539130434782608,1.920697594560382
508,unseen,ridge,24,False,0.37478260869565216,1.920697594560382
508,unseen,lgbm_process,24,False,0.5199999999999999,1.920697594560382
508,unseen,knn,24,False,0.31702544780751923,-0.436331242312205
509,all,lgbm,96,False,0.40801682040151926,0.3655607396908369
509,all,ridge,96,False,0.36885512750949534,1.500075988627387
509,all,lgbm_process,96,False,0.29462832338578404,0.7550035172754654
509,all,knn,96,False,0.18479289501116614,1.2444721519013875
509,unseen,lgbm,21,False,0.43766233766233764,-0.2350530024005515
509,unseen,ridge,21,False,0.5324675324675324,2.384819178050577
509,unseen,lgbm_process,21,False,0.41038961038961036,1.6483680502310278
509,unseen,knn,21,False,0.2311688311688312,-0.10151262972974351
510,all,lgbm,103,False,0.44273601897816633,1.2121580218297474
510,all,ridge,103,False,0.37292975442604226,1.8247881094339746
510,all,lgbm_process,103,False,0.34363879980670387,0.3159324141957356
510,all,knn,103,False,0.3036312526506021,1.1748684303613217
510,unseen,lgbm,21,False,0.26233766233766237,1.651480934154332
510,unseen,ridge,21,False,0.40389610389610386,0.4624809341543319
510,unseen,lgbm_process,21,False,0.38831168831168833,1.2274809341543325
510,unseen,knn,21,False,0.15714285714285717,-0.4985500654973549
511,all,lgbm,99,False,0.49175015460729743,1.7737171785179306
511,all,ridge,99,False,0.4522448979591836,1.4155123643351093
511,all,lgbm_process,99,False,0.3674829931972789,1.9731515380898124
511,all,knn,99,False,0.2849924247660388,1.417900818172626
511,unseen,lgbm,29,False,0.5108374384236452,1.8454790059493256
511,unseen,ridge,29,False,0.4748768472906402,1.0592290059493248
511,unseen,lgbm_process,29,False,0.3975369458128078,1.4293452850190942
511,unseen,knn,29,False,0.23054187192118217,-0.4968246821925977
512,all,lgbm,97,False,0.3980249316221333,1.4869138588832396
512,all,ridge,97,False,0.40381075110456544,1.8870717517131528
512,all,lgbm_process,97,False,0.2980495806926895,0.6631313447403464
512,all,knn,97,False,0.23418826616385474,0.6863508069650592
512,unseen,lgbm,25,False,0.17384615384615384,-0.9724881820696538
512,unseen,ridge,25,False,0.17384615384615384,-0.9724881820696538
512,unseen,lgbm_process,25,False,0.024615384615384615,-2.2364308343994033
512,unseen,knn,25,False,0.009230769230769232,-1.7594037664852387
513,all,lgbm,103,False,0.41971620612397315,1.0539711977986865
513,all,ridge,103,False,0.43107235425910473,1.4344811626177183
513,all,lgbm_process,103,False,0.26950533760927825,0.9870209307280735
513,all,knn,103,False,0.3318687863208641,1.524934370427065
513,unseen,lgbm,28,False,0.4187192118226601,1.3620450036465233
513,unseen,ridge,28,False,0.4477285166940339,2.2556402417417605
513,unseen,lgbm_process,28,False,0.29720853858784896,-0.11634785349633425
513,unseen,knn,28,False,0.4814561424585818,1.226773685817065
514,all,lgbm,98,False,0.47990742688828103,1.8637203297836358
514,all,ridge,98,False,0.46655700705774344,2.1865218805488684
514,all,lgbm_process,98,False,0.4203342067848695,2.3218373635668463
514,all,knn,98,False,0.3058682516248963,1.376311393904789
514,unseen,lgbm,27,False,0.3956043956043956,2.730470697717914
514,unseen,ridge,27,False,0.30830280830280826,1.8097299569771756
514,unseen,lgbm_process,27,False,0.4975579975579975,2.1463966236438434
514,unseen,knn,27,False,0.14346764346764346,-1.6833537070439881
515,all,lgbm,103,False,0.3162258928963669,1.1633920235743602
515,all,ridge,103,False,0.42173702938979923,1.8029061350413667
515,all,lgbm_process,103,False,0.2711095613219191,0.9466774029571141
515,all,knn,103,False,0.27987478527851584,1.402820479827561
515,unseen,lgbm,25,False,0.2792307692307692,1.7957392078868128
515,unseen,ridge,25,False,0.4923076923076923,4.029184586038072
515,unseen,lgbm_process,25,False,0.3223076923076923,1.7957392078868128
515,unseen,knn,25,False,0.11963839421156078,-2.72973297617912
516,all,lgbm,96,False,0.4879679869777537,2.796209875032286
516,all,ridge,96,False,0.4606212696690179,2.326321317425979
516,all,lgbm_process,96,False,0.3620591427021161,1.422169602436428
516,all,knn,96,False,0.30222762092573535,1.697244224148264
516,unseen,lgbm,22,False,0.3721061547148504,1.2485710258453455
516,unseen,ridge,22,False,0.5166572557876906,4.899821025845345
516,unseen,lgbm_process,22,False,0.4895539243365331,1.745437832568033
516,unseen,knn,22,False,0.040090344438170535,-2.2591407388605376
517,all,lgbm,105,False,0.37499481650425043,0.3646477572568081
517,all,ridge,105,False,0.34869375907111755,0.9123201764115798
517,all,lgbm_process,105,False,0.4013166079203815,1.34802899628664
517,all,knn,105,False,0.22769487721686246,0.9684272030346683
517,unseen,lgbm,27,False,0.3052503052503053,0.5098037763042527
517,unseen,ridge,27,False,0.39438339438339437,2.5246546534972367
517,unseen,lgbm_process,27,False,0.553113553113553,2.122284911299136
517,unseen,knn,27,False,0.2524805402641401,-0.0817438427433661
518,all,lgbm,96,False,0.36712007298119737,1.575983699487642
518,all,ridge,96,False,0.27274237907908827,0.443256310906639
518,all,lgbm_process,96,False,0.27409886767272257,1.4584350402116595
518,all,knn,96,False,0.1601416380230063,1.4685945438270096
518,unseen,lgbm,26,False,0.15897435897435896,0.461090569887304
518,unseen,ridge,26,False,-0.032478632478632474,0.46109056988730046
518,unseen,lgbm_process,26,False,0.17128205128205126,-0.11731852102179019
518,unseen,knn,26,False,-0.07488459675183572,-2.0846806516447867
519,all,lgbm,101,False,0.5148747815958066,1.7904877557124301
519,all,ridge,101,False,0.5052533488642982,1.975796470776828
519,all,lgbm_process,101,False,0.4224577751892836,1.5960450310461898
519,all,knn,101,False,0.3407180044697986,0.9540466842395432
519,unseen,lgbm,25,False,0.5638461538461538,1.5883673222460821
519,unseen,ridge,25,False,0.4823076923076923,2.5829265815053404
519,unseen,lgbm_process,25,False,0.4938461538461539,3.2250562111349694
519,unseen,knn,25,False,0.1392307692307692,-0.8326326777539172
520,all,lgbm,100,False,0.3636843684368436,0.922859408147529
520,all,ridge,100,False,0.3165436543654365,1.7021504184669976
520,all,lgbm_process,100,False,0.2925052505250525,-0.35562848069558406
520,all,knn,100,False,0.2045923781389211,0.19429151262775513
520,unseen,lgbm,24,False,0.40347826086956523,1.6618875908362742
520,unseen,ridge,24,False,0.38956521739130434,3.9011375908362727
520,unseen,lgbm_process,24,False,0.548695652173913,1.1865259271834692
520,unseen,knn,24,False,0.19221570360894852,-2.1016168734494425
521,all,lgbm,96,False,0.38415626695604993,1.7924891629375885
521,all,ridge,96,False,0.3395822029300054,1.48045231629699
521,all,lgbm_process,96,False,0.3426207270754205,1.1543196172574373
521,all,knn,96,False,0.18926390037024435,0.05073452570390735
521,unseen,lgbm,23,False,0.46640316205533605,0.3435722615613148
521,unseen,ridge,23,False,0.30830039525691705,2.3438579758470315
521,unseen,lgbm_process,23,False,0.4881422924901186,0.3435722615613148
521,unseen,knn,23,False,0.2005928853754941,-3.080424491685438
522,all,lgbm,88,False,0.41451516325596144,1.248651541649883
522,all,ridge,88,False,0.450759043358811,1.7675264458550117
522,all,lgbm_process,88,False,0.29697791553661373,0.883131016517595
522,all,knn,88,False,0.26871284888957625,0.5914779727238226
522,unseen,lgbm,21,False,0.4142857142857143,-1.2435768240044567
522,unseen,ridge,21,False,0.2753246753246753,0.8280065093288762
522,unseen,lgbm_process,21,False,0.36623376623376624,-1.2435768240044567
522,unseen,knn,21,False,0.2753246753246753,-1.552937935115569
523,all,lgbm,99,False,0.44833642547928254,1.235095074164608
523,all,ridge,99,False,0.3610018552875695,0.6527803076612138
523,all,lgbm_process,99,False,0.38019789734075443,1.7186495063392222
523,all,knn,99,False,0.2485279940918804,0.822795964448666
523,unseen,lgbm,26,False,0.27658119658119656,0.8611893106059956
523,unseen,ridge,26,False,0.32717948717948714,-0.05859746402288657
523,unseen,lgbm_process,26,False,0.38051282051282054,3.6828476986808774
523,unseen,knn,26,False,0.1552667669461031,-0.8258106893940038
524,all,lgbm,100,False,0.37592559255925584,2.26391655826467
524,all,ridge,100,False,0.342958295829583,0.9504399867179387
524,all,lgbm_process,100,False,0.28526938274770686,1.5706527545939615
524,all,knn,100,False,0.1805895636826634,1.4935718857691587
524,unseen,lgbm,21,False,0.2558441558441559,1.6260753497105913
524,unseen,ridge,21,False,0.22467532467532467,1.6260753497105913
524,unseen,lgbm_process,21,False,0.2506493506493506,3.1633547893273484
524,unseen,knn,21,False,-0.12540613433576217,-2.164826611073721
525,all,lgbm,95,False,0.3523318600660574,1.0838637780754024
525,all,ridge,95,False,0.2928411703586322,0.6163603030496763
525,all,lgbm_process,95,False,0.1798508533425533,1.7129377894776372
525,all,knn,95,False,0.18599442224528553,1.4004737112400978
525,unseen,lgbm,23,False,0.38241106719367585,1.366424845034249
525,unseen,ridge,23,False,0.3073122529644269,-0.3702894406800379
525,unseen,lgbm_process,23,False,0.22924901185770752,1.4632509319907712
525,unseen,knn,23,False,0.2509881422924901,-1.3220936734842716
526,all,lgbm,103,False,0.47985766375258104,2.4530128267723796
526,all,ridge,103,False,0.4311602161402276,2.251199608279162
526,all,lgbm_process,103,False,0.4287659798796293,1.3122536580227067
526,all,knn,103,False,0.29219882528542035,1.1688441774368705
526,unseen,lgbm,28,False,0.3475643130815544,3.995164621406161
526,unseen,ridge,28,False,0.36507936507936506,2.4118056470471885
526,unseen,lgbm_process,28,False,0.5128626163108921,2.149144419385962
526,unseen,knn,28,False,0.031198686371100168,-2.6243994811579405
527,all,lgbm,93,False,0.40416579630569055,2.7218938458007447
527,all,ridge,93,False,0.38275491629614156,1.2226503138378995
527,all,lgbm_process,93,False,0.2580048342335352,1.2598397741665703
527,all,knn,93,False,0.3220001358119044,2.045666125915421
527,unseen,lgbm,14,False,0.621978021978022,3.7673079436681824
527,unseen,ridge,14,False,0.5428571428571429,3.7673079436681824
527,unseen,lgbm_process,14,False,0.5120879120879122,3.7673079436681824
527,unseen,knn,14,False,0.2087912087912088,-1.8013459024856644
528,all,lgbm,103,False,0.37263322057725257,1.6597518415475854
528,all,ridge,103,False,0.4067126477177877,1.574522647647802
528,all,lgbm_process,103,False,0.31050388788823974,1.4880686466648907
528,all,knn,103,False,0.32834009617342447,2.145210055619918
528,unseen,lgbm,25,False,0.10615384615384615,-2.759444938239149
528,unseen,ridge,25,False,0.052307692307692305,0.9668050617608479
528,unseen,lgbm_process,25,False,0.14692307692307693,0.07044142539721321
528,unseen,knn,25,False,-0.04692307692307692,-1.1349409699851805
529,all,lgbm,105,False,0.46418204437072363,1.8996107963183189
529,all,ridge,105,False,0.42789757412398916,2.8204007833242315
529,all,lgbm_process,105,False,0.3345739166493884,2.2142960378509393
529,all,knn,105,False,0.25253428591483096,1.439050023684235
529,unseen,lgbm,31,False,0.35040322580645167,2.5662359158235795
529,unseen,ridge,31,False,0.43629032258064515,2.4516477788143938
529,unseen,lgbm_process,31,False,0.32459677419354843,1.8608875448962596
529,unseen,knn,31,False,0.21048387096774193,0.21311470370236663
530,all,lgbm,103,False,0.4555089399464043,2.251947018246783
530,all,ridge,103,False,0.3997495936387998,1.8766501742695016
530,all,lgbm_process,103,False,0.41599305891139127,1.0886754176315314
530,all,knn,103,False,0.3412602110913918,2.3915978728066953
530,unseen,lgbm,24,False,0.7391304347826086,2.7703642243250233
530,unseen,ridge,24,False,0.7556521739130433,5.397614224325023
530,unseen,lgbm_process,24,False,0.8530434782608695,2.6346466604878938
530,unseen,knn,24,False,0.5208695652173913,1.4138562878170866
531,all,lgbm,108,False,0.40962397705945675,1.0891072023291262
531,all,ridge,108,False,0.3491097201977764,1.1332419779200276
531,all,lgbm_process,108,False,0.2931778558975678,2.432207671023784
531,all,knn,108,False,0.17476579311501922,0.7736045845552599
531,unseen,lgbm,30,False,0.3543937708565072,-0.1808904611697013
531,unseen,ridge,30,False,0.47363737486095664,2.5526623131955724
531,unseen,lgbm_process,30,False,0.3935483870967742,2.5823637020844608
531,unseen,knn,30,False,0.07965290960402457,-1.5016536485995555
532,all,lgbm,94,False,0.4870787125672795,2.0495105006435974
532,all,ridge,94,False,0.5108189141350288,2.0974646550163563
532,all,lgbm_process,94,False,0.3525412708160243,2.1074746452011315
532,all,knn,94,False,0.23830857604098737,1.1761220764782756
532,unseen,lgbm,22,False,0.14172783738001132,2.437162199910164
532,unseen,ridge,22,False,0.25352907961603616,4.4630916870896495
532,unseen,lgbm_process,22,False,0.40824392998306047,3.01298071110911
532,unseen,knn,22,False,-0.02766798418972332,-1.5522608770129143
533,all,lgbm,105,False,0.41081277213352685,1.158156382449782
533,all,ridge,105,False,0.3888036491810077,1.7416639644734957
533,all,lgbm_process,105,False,0.2545511092680904,0.14864273247273552
533,all,knn,105,False,0.22283391969769714,0.547373725019904
533,unseen,lgbm,29,False,0.3408866995073891,-0.9014515242664327
533,unseen,ridge,29,False,0.4275862068965517,0.44944591163100434
533,unseen,lgbm_process,29,False,0.27339901477832507,-0.5037431909330987
533,unseen,knn,29,False,0.2303239332657045,-0.02680166432245734
534,all,lgbm,109,False,0.35193216569363356,1.2021471009749707
534,all,ridge,109,False,0.34615883606709297,1.8186355433714194
534,all,lgbm_process,109,False,0.2819763737760643,1.6111516095632918
534,all,knn,109,False,0.21323713478130227,0.9397048812305275
534,unseen,lgbm,27,False,0.15873015873015872,0.3613774388370121
534,unseen,ridge,27,False,0.17704517704517705,1.6031996610592358
534,unseen,lgbm_process,27,False,0.033577533577533576,0.697199661059237
534,unseen,knn,27,False,-0.14407814407814404,-1.78055113259156
535,all,lgbm,107,False,0.3420431974657035,1.6911965287463318
535,all,ridge,107,False,0.26327970591123534,1.3026635797205834
535,all,lgbm_process,107,False,0.25807289051805127,0.6500684888769488
535,all,knn,107,False,0.1825872700293195,-0.05008688730438671
535,unseen,lgbm,31,False,0.4088709677419355,2.592882238423467
535,unseen,ridge,31,False,0.26209677419354843,2.063993349534579
535,unseen,lgbm_process,31,False,0.38225806451612904,2.0452713468995327
535,unseen,knn,31,False,0.2080645161290323,-1.6684026341114055
536,all,lgbm,92,False,0.38261177812369956,1.6376168413837604
536,all,ridge,92,False,0.33541913906570286,0.9663418600030322
536,all,lgbm_process,92,False,0.3543917513061973,1.2932764371167167
536,all,knn,92,False,0.21006470259830307,2.092955673750229
536,unseen,lgbm,21,False,0.18961038961038962,1.5783561508478883
536,unseen,ridge,21,False,0.34285714285714286,2.6254394841812214
536,unseen,lgbm_process,21,False,0.24155844155844156,2.34303498880098
536,unseen,knn,21,False,0.0025974025974025974,-2.1754419260751874
537,all,lgbm,101,False,0.40491555037856725,2.122869183954899
537,all,ridge,101,False,0.4061036691904484,2.0601094987980435
537,all,lgbm_process,101,False,0.36582411182294694,1.7280758905434492
537,all,knn,101,False,0.30025921390162713,0.775970561670265
537,unseen,lgbm,25,False,0.3915384615384615,1.861024595215131
537,unseen,ridge,25,False,0.3623076923076923,3.471697672138209
537,unseen,lgbm_process,25,False,0.5492307692307692,4.646286713234096
537,unseen,knn,25,False,0.15352059620413702,-0.40165397621344034
538,all,lgbm,109,False,0.45192289871188956,1.2386933140219991
538,all,ridge,109,False,0.41278843480678346,1.674713625873892
538,all,lgbm_process,109,False,0.32810675562969144,0.9144470450809017
538,all,knn,109,False,0.2307647764709831,0.8582499153604086
538,unseen,lgbm,26,False,0.31897435897435894,0.05582783444111783
538,unseen,ridge,26,False,0.372991452991453,2.3943296470126967
538,unseen,lgbm_process,26,False,0.3326495726495726,0.6849611081441598
538,unseen,knn,26,False,0.2027350427350427,-0.8398274362141507
539,all,lgbm,105,False,0.31849035478635573,0.8246502444864863
539,all,ridge,105,False,0.2908674343453537,1.187144410116515
539,all,lgbm_process,105,False,0.2665153081993924,0.6771866959986301
539,all,knn,105,False,0.192556727612093,0.890420757562767
539,unseen,lgbm,30,False,0.23203559510567295,-0.765324346534138
539,unseen,ridge,30,False,0.20355951056729701,0.8770998958901028
539,unseen,lgbm_process,30,False,0.3103448275862069,1.2365597114368772
539,unseen,knn,30,False,-0.0013349649654305793,-1.9448871170969078
540,all,lgbm,99,False,0.34644403215831787,1.7670979194083394
540,all,ridge,99,False,0.31935683364254797,0.14412286811088748
540,all,lgbm_process,99,False,0.2562345585496435,0.9277461813939887
540,all,knn,99,False,0.11058608203376603,0.44278370059109484
540,unseen,lgbm,22,False,0.22190852625635235,1.841554610906897
540,unseen,ridge,22,False,0.16996047430830044,1.841554610906897
540,unseen,lgbm_process,22,False,0.43534726143421804,2.1920086048401632
540,unseen,knn,22,False,-0.05702992659514399,-2.0180287224264344
541,all,lgbm,96,False,0.41565382528486167,1.1555849373342912
541,all,ridge,96,False,0.45393380358111773,0.29792961904147575
541,all,lgbm_process,96,False,0.3464324470971243,1.3122401080504211
541,all,knn,96,False,0.22827897269651376,1.9918015296645226
541,unseen,lgbm,23,False,0.4644268774703557,0.8411761902243935
541,unseen,ridge,23,False,0.6007905138339922,1.7759152012134063
541,unseen,lgbm_process,23,False,0.5009881422924901,2.5059099564581597
541,unseen,knn,23,False,0.06622189478171563,-0.9773952383470341
542,all,lgbm,96,False,0.5111502984264786,1.8255629766052603
542,all,ridge,96,False,0.44306836679327183,2.221181393462235
542,all,lgbm_process,96,False,0.4552375720236839,2.5029006330807224
542,all,knn,96,False,0.2112996130721674,0.7542799075778532
542,unseen,lgbm,27,False,0.5891330891330891,2.062027727074023
542,unseen,ridge,27,False,0.49572649572649574,2.9718601785731433
542,unseen,lgbm_process,27,False,0.6172161172161172,2.0020333387462994
542,unseen,knn,27,False,0.17032967032967034,-1.465694495148199
543,all,lgbm,98,False,0.42135429617020187,2.5040406025909814
543,all,ridge,98,False,0.308443152331223,1.19322842290436
543,all,lgbm_process,98,False,0.3612837824914408,2.5759248905640053
543,all,knn,98,False,0.23074716047234214,1.7947571047737192
543,unseen,lgbm,21,False,0.45714285714285713,5.020067997242455
543,unseen,ridge,21,False,0.3571428571428571,5.020067997242455
543,unseen,lgbm_process,21,False,0.5909090909090908,4.674208622242455
543,unseen,knn,21,False,0.20012999676380702,-0.8096926086127887
544,all,lgbm,105,False,0.4550176238855484,2.643377817403593
544,all,ridge,105,False,0.4112689197594858,2.3218881362113635
544,all,lgbm_process,105,False,0.369744893596757,1.0617352774529998
544,all,knn,105,False,0.32440404553554775,1.9377326553207102
544,unseen,lgbm,29,False,0.6394088669950737,4.7508337682046555
544,unseen,ridge,29,False,0.5684729064039408,3.7737226570935416
544,unseen,lgbm_process,29,False,0.5147783251231526,4.7508337682046555
544,unseen,knn,29,False,0.38083508110029857,-0.013792235421352217
545,all,lgbm,92,False,0.5376138587919794,1.6545817421231828
545,all,ridge,92,False,0.4862598831743292,1.8256162659327089
545,all,lgbm_process,92,False,0.5113203766780204,1.720733344240264
545,all,knn,92,False,0.3305318903656091,1.4466906255605334
545,unseen,lgbm,25,False,0.5207692307692308,-0.7096952741308424
545,unseen,ridge,25,False,0.36846153846153845,2.301932632845899
545,unseen,lgbm_process,25,False,0.6484615384615384,1.4806826328459
545,unseen,knn,25,False,0.3693017956369722,-0.2051767556123263
546,all,lgbm,101,False,0.3568549796156086,0.6758016983111155
546,all,ridge,101,False,0.3901572510192195,0.8988131993509256
546,all,lgbm_process,101,False,0.2535002912055911,0.6789967635607628
546,all,knn,101,False,0.18619119136570894,1.0201367145552283
546,unseen,lgbm,25,False,0.26384615384615384,0.5240771660341199
546,unseen,ridge,25,False,0.43153846153846154,2.319733731690686
546,unseen,lgbm_process,25,False,0.40461538461538454,2.4969558896696906
546,unseen,knn,25,False,0.10425081939335361,-1.1501728339658808
547,all,lgbm,101,False,0.4568316831683168,1.2703626831829489
547,all,ridge,101,False,0.45758881770529997,1.3231187301488934
547,all,lgbm_process,101,False,0.3615958066394874,1.608828675442938
547,all,knn,101,False,0.2740770534741977,1.0421953296674609
547,unseen,lgbm,21,False,0.6064935064935064,2.0987485987557424
547,unseen,ridge,21,False,0.5545454545454546,1.4775805075876516
547,unseen,lgbm_process,21,False,0.42987012987012985,1.8144628844700268
547,unseen,knn,21,False,0.32727272727272727,-0.631251401244258
548,all,lgbm,100,False,0.49869786978697866,2.720074509355184
548,all,ridge,100,False,0.41605760576057593,1.733004465770387
548,all,lgbm_process,100,False,0.36114011401140106,2.159594603871705
548,all,knn,100,False,0.30756304857344385,1.4824864854621094
548,unseen,lgbm,24,False,0.6313043478260869,2.1976429872863843
548,unseen,ridge,24,False,0.5217391304347825,3.415551641132538
548,unseen,lgbm_process,24,False,0.5304347826086956,2.1576145781954743
548,unseen,knn,24,False,0.35739130434782607,2.1976429872863843
549,all,lgbm,98,False,0.3904965922638971,1.3243220032558245
549,all,ridge,98,False,0.32920197132273715,1.216436615320747
549,all,lgbm_process,98,False,0.29351159395342014,1.6819856299496738
549,all,knn,98,False,0.23787509979975258,1.225316577321367
549,unseen,lgbm,18,False,0.21362229102167182,2.207669992236312
549,unseen,ridge,18,False,0.3168214654282766,3.083390580471608
549,unseen,lgbm_process,18,False,0.3457172342621259,2.207669992236312
549,unseen,knn,18,False,0.25400106637356057,-0.5854728649065439
550,all,lgbm,98,False,0.46609796683434385,2.167771826127993
550,all,ridge,98,False,0.3856894210355182,0.5289363299220113
550,all,lgbm_process,98,False,0.38812488444299925,2.7933781279149716
550,all,knn,98,False,0.2907451646121716,1.7023107160616338
550,unseen,lgbm,25,False,0.5176923076923077,1.5113735013524465
550,unseen,ridge,25,False,0.4576923076923077,1.2996775949196984
550,unseen,lgbm_process,25,False,0.4653846153846154,4.973920509899456
550,unseen,knn,25,False,0.29005578532320525,-1.3256264986475532
551,all,lgbm,92,False,0.5056023919979039,2.0134090775697953
551,all,ridge,92,False,0.4298968913274664,1.8517369613262513
551,all,lgbm_process,92,False,0.38042322334047435,0.6850755188940241
551,all,knn,92,False,0.3456966165798906,1.4741280228886922
551,unseen,lgbm,23,False,0.3992094861660079,-0.07397678063152391
551,unseen,ridge,23,False,0.366600790513834,2.0521343304795874
551,unseen,lgbm_process,23,False,0.25889328063241107,-0.07397678063152391
551,unseen,knn,23,False,0.20311342354690393,-3.1927986269138966
552,all,lgbm,95,False,0.3363801791713326,1.5653710497741713
552,all,ridge,95,False,0.38895576707726764,1.8676383574664808
552,all,lgbm_process,95,False,0.2927221889792174,1.1238547195707298
552,all,knn,95,False,0.20718015582515628,1.4998153667184884
552,unseen,lgbm,23,False,0.23122529644268777,1.7720641214686612
552,unseen,ridge,23,False,0.40909090909090917,3.413631581786122
552,unseen,lgbm_process,23,False,0.44565217391304346,2.918556581786122
552,unseen,knn,23,False,0.07363479345131066,-0.8454358785313385
553,all,lgbm,107,False,0.43744596643376177,1.8648732677974404
553,all,ridge,107,False,0.44608643901473694,1.9116782448764393
553,all,lgbm_process,107,False,0.3466769202897413,1.3872834035400778
553,all,knn,107,False,0.31476102164389286,2.086260241952683
553,unseen,lgbm,26,False,0.5617094017094016,2.783847710740048
553,unseen,ridge,26,False,0.558974358974359,4.008045241604243
553,unseen,lgbm_process,26,False,0.5432478632478631,4.279939716241927
553,unseen,knn,26,False,0.3559582886696849,-1.4967954949656583
554,all,lgbm,100,False,0.4831683168316831,1.3268573919312558
554,all,ridge,100,False,0.49112511251125107,2.029468990627752
554,all,lgbm_process,100,False,0.34936693669366936,0.5173064639695752
554,all,knn,100,False,0.2950562913987676,1.227454872215569
554,unseen,lgbm,25,False,0.3792307692307692,-0.9306129865536459
554,unseen,ridge,25,False,0.44307692307692315,3.166711520835518
554,unseen,lgbm_process,25,False,0.41923076923076924,1.1100120134463545
554,unseen,knn,25,False,0.16692307692307692,-0.9529050758031392
555,all,lgbm,101,False,0.48733838089691317,2.722217967780706
555,all,ridge,101,False,0.4354571927781013,2.5262120743214123
555,all,lgbm_process,101,False,0.32846825859056494,1.7912068894679525
555,all,knn,101,False,0.2618686361723295,1.6342442541334723
555,unseen,lgbm,22,False,0.777526821005082,4.651493033782769
555,unseen,ridge,22,False,0.7041219649915303,4.651493033782769
555,unseen,lgbm_process,22,False,0.743647656691135,3.858361720651457
555,unseen,knn,22,False,0.35357245126391124,0.784998084287821
556,all,lgbm,104,False,0.4431238664248373,1.8716221834239128
556,all,ridge,104,False,0.4333831217326364,2.138315719869727
556,all,lgbm_process,104,False,0.3772964899178492,1.3295607786328318
556,all,knn,104,False,0.24234308808156269,0.9875303954131098
556,unseen,lgbm,31,False,0.5419354838709677,1.378418196110724
556,unseen,ridge,31,False,0.5322580645161291,2.903725385653207
556,unseen,lgbm_process,31,False,0.5435483870967742,2.567705183633006
556,unseen,knn,31,False,0.42661290322580653,2.2545918072218356
557,all,lgbm,105,False,0.48337134563549655,2.1464578235866156
557,all,ridge,105,False,0.38858594235952726,0.7991677782371305
557,all,lgbm_process,105,False,0.34197165138942187,0.032851408256970416
557,all,knn,105,False,0.31980923136746753,0.4494938304387368
557,unseen,lgbm,31,False,0.4830645161290323,0.5943413132073676
557,unseen,ridge,31,False,0.4205645161290323,1.5146190909851462
557,unseen,lgbm_process,31,False,0.4375,0.21830870451171513
557,unseen,knn,31,False,0.342373224847107,-0.9160717136125562
558,all,lgbm,103,False,0.3803321179106445,2.061041570211808
558,all,ridge,103,False,0.37452225102139436,2.0367649700009434
558,all,lgbm_process,103,False,0.31356807099239997,2.219537465801025
558,all,knn,103,False,0.18454466660911575,1.2166992694696575
558,unseen,lgbm,27,False,0.5262515262515262,4.424845955410822
558,unseen,ridge,27,False,0.5775335775335775,3.0516641372290056
558,unseen,lgbm_process,27,False,0.5567765567765567,3.5725264057475226
558,unseen,knn,27,False,0.21523431787934552,-0.22392719273732453
559,all,lgbm,96,False,0.335119370591427,0.7274076367479392
559,all,ridge,96,False,0.3324199674443842,0.7993796081086444
559,all,lgbm_process,96,False,0.2188144329896907,1.613554414496683
559,all,knn,96,False,0.1221188162838293,0.9650218717133949
559,unseen,lgbm,22,False,0.4025974025974026,-0.39898070911083217
559,unseen,ridge,22,False,0.4240542066629024,1.8779008698365356
559,unseen,lgbm_process,22,False,0.3969508752117449,1.4698126936669453
559,unseen,knn,22,False,0.16210110784783152,-0.39898070911083217
560,all,lgbm,97,False,0.3215995160950978,1.736609538170807
560,all,ridge,97,False,0.297680412371134,1.696740889805712
560,all,lgbm_process,97,False,0.20776351777824528,1.1491954195280485
560,all,knn,97,False,0.1749385207501775,0.4350763549649237
560,unseen,lgbm,19,False,0.14736842105263157,1.381950643058964
560,unseen,ridge,19,False,0.3315789473684211,3.8265021380755737
560,unseen,lgbm_process,19,False,0.29298245614035084,2.7022256633065656
560,unseen,knn,19,False,-0.008779634639243616,-2.092827134718812
561,all,lgbm,88,False,0.376034658870769,0.25238336576595444
561,all,ridge,88,False,0.4015356979324434,1.1326867252391946
561,all,lgbm_process,88,False,0.29021520904512,1.1523517181506993
561,all,knn,88,False,0.22085419794576172,0.015108474514686776
561,unseen,lgbm,24,False,0.32608695652173914,0.49535922496705
561,unseen,ridge,24,False,0.4269565217391304,3.597282301890127
561,unseen,lgbm_process,24,False,0.48521739130434777,0.49535922496705
561,unseen,knn,24,False,0.03565217391304347,-2.0719553477151695
562,all,lgbm,107,False,0.4704539665745802,2.1455536487184634
562,all,ridge,107,False,0.4249005662336645,2.471289699222668
562,all,lgbm_process,107,False,0.35711014398445623,1.4550648096968377
562,all,knn,107,False,0.25741943979447246,1.2409269868688622
562,unseen,lgbm,28,False,0.47016967706622875,0.2399228486188889
562,unseen,ridge,28,False,0.4811165845648605,4.342622275318314
562,unseen,lgbm_process,28,False,0.39792008757526,1.016140239923235
562,unseen,knn,28,False,0.13658136161843792,-1.630683211987174
563,all,lgbm,105,False,0.41685672817748287,1.7481233239394225
563,all,ridge,105,False,0.35524569769852793,0.9623129271675239
563,all,lgbm_process,105,False,0.3293904208998549,2.386236629833327
563,all,knn,105,False,0.24409210176576587,0.9017029837522426
563,unseen,lgbm,27,False,0.23809523809523808,-0.017953129117621813
563,unseen,ridge,27,False,0.18681318681318682,0.07122635806186395
563,unseen,lgbm_process,27,False,0.1984126984126984,1.8545134011075053
563,unseen,knn,27,False,0.054945054945054944,-2.3109985836630784
564,all,lgbm,104,False,0.4076176250933533,0.9555945816603444
564,all,ridge,104,False,0.38615171236530466,1.0508170899155473
564,all,lgbm_process,104,False,0.3236165678464724,1.6688229460321953
564,all,knn,104,False,0.26985875786148955,2.2249795466265603
564,unseen,lgbm,28,False,0.3382594417077176,-1.6003548885829169
564,unseen,ridge,28,False,0.38478379857690204,0.7401723896439982
564,unseen,lgbm_process,28,False,0.39518336070060206,-0.06731580812314952
564,unseen,knn,28,False,0.40448823207443896,0.5602668045387755
565,all,lgbm,91,False,0.42802994107341935,2.6637611767809055
565,all,ridge,91,False,0.46298773690078043,1.6926613398430863
565,all,lgbm_process,91,False,0.3443541965281096,1.4264365109276564
565,all,knn,91,False,0.26463947724287407,1.5518937120981686
565,unseen,lgbm,23,False,0.516798418972332,1.7440611923426204
565,unseen,ridge,23,False,0.5148221343873518,5.00781119234262
565,unseen,lgbm_process,23,False,0.45158102766798425,-0.010224521943092313
565,unseen,knn,23,False,0.21695083439681465,-2.311611884580456
566,all,lgbm,96,False,0.5346039066739012,1.903782893498711
566,all,ridge,96,False,0.5299511665762344,1.860248552839371
566,all,lgbm_process,96,False,0.4747287032013023,1.0019213622358851
566,all,knn,96,False,0.29307257568463685,0.7372708928276257
566,unseen,lgbm,18,False,0.3869969040247678,3.0637396879158185
566,unseen,ridge,18,False,0.4654282765737873,1.1709786989048308
566,unseen,lgbm_process,18,False,0.7048503611971104,1.682330024050275
566,unseen,knn,18,False,0.21775025799793604,-0.6375103120841796
567,all,lgbm,102,False,0.43563790987893763,1.5855512092600712
567,all,ridge,102,False,0.43062804281570366,1.5320797064775142
567,all,lgbm_process,102,False,0.3438657400862873,1.1804650279614428
567,all,knn,102,False,0.25187330221192866,1.6683396974948064
567,unseen,lgbm,22,False,0.4387351778656127,2.5186947719205453
567,unseen,ridge,22,False,0.4319593450028233,3.6948678488436197
567,unseen,lgbm_process,22,False,0.47374364765669114,1.832879753605523
567,unseen,knn,22,False,0.19141727837380013,0.3573197719205421
568,all,lgbm,96,False,0.4170374389582203,2.206452994064451
568,all,ridge,96,False,0.33277265328269123,1.018407075894567
568,all,lgbm_process,96,False,0.327930005425936,1.7960208031011522
568,all,knn,96,False,0.28007854878951777,1.4318541032795569
568,unseen,lgbm,23,False,0.5642292490118578,3.7674692100093594
568,unseen,ridge,23,False,0.41798418972332013,3.7674692100093594
568,unseen,lgbm_process,23,False,0.4782608695652174,2.1422882145342435
568,unseen,knn,23,False,0.3587842956083996,-1.4048545043820582
569,all,lgbm,97,False,0.38432305912055537,1.7687992997344413
569,all,ridge,97,False,0.45218809173153796,1.8795484186710585
569,all,lgbm_process,97,False,0.3222306964022722,1.2951157514200506
569,all,knn,97,False,0.23442729852799218,1.3233913112591793
569,unseen,lgbm,28,False,0.21018062397372742,0.3905246440656036
569,unseen,ridge,28,False,0.3574165298303229,2.0528262313671917
569,unseen,lgbm_process,28,False,0.29666119321291734,-0.13711510748719213
569,unseen,knn,28,False,0.13355227148330595,-0.556445525611462
570,all,lgbm,95,False,0.37183650615901453,1.2400409135560224
570,all,ridge,95,False,0.4165873460246361,1.8782691981027817
570,all,lgbm_process,95,False,0.30957446808510636,1.6596000380890157
570,all,knn,95,False,0.1456734392332713,0.6980901532026582
570,unseen,lgbm,21,False,0.3532467532467533,3.874847634314026
570,unseen,ridge,21,False,0.2558441558441559,2.0411937881601787
570,unseen,lgbm_process,21,False,0.42987012987012985,2.586857735324127
570,unseen,knn,21,False,-0.22857142857142856,-1.0624250929587014
571,all,lgbm,100,False,0.3497269726972697,2.2691198188915767
571,all,ridge,100,False,0.39407140714071404,1.350178066320101
571,all,lgbm_process,100,False,0.2947374737473747,1.904897766313459
571,all,knn,100,False,0.26781727932442895,0.6459601440806608
571,unseen,lgbm,27,False,0.42612942612942606,2.5240830168605246
571,unseen,ridge,27,False,0.5122100122100123,1.279742357519865
571,unseen,lgbm_process,27,False,0.5231990231990232,3.3063624494432755
571,unseen,knn,27,False,0.3391848612254651,-0.4816074593299522
572,all,lgbm,100,False,0.3898949894989498,1.6352337038739542
572,all,ridge,100,False,0.3438463846384638,1.737571631119538
572,all,lgbm_process,100,False,0.3157345206570486,1.3438369679989695
572,all,knn,100,False,0.18479532961808237,0.7661801197323719
572,unseen,lgbm,25,False,0.3576923076923077,1.7716229304029305
572,unseen,ridge,25,False,0.4753846153846154,3.1416229304029297
572,unseen,lgbm_process,25,False,0.3707692307692308,1.7716229304029305
572,unseen,knn,25,False,0.09078669142742232,-1.591224291819291
573,all,lgbm,108,False,0.4884296969523755,2.0018476672233874
573,all,ridge,108,False,0.44493983823487376,1.7587589677273048
573,all,lgbm_process,108,False,0.3304943458420265,1.662395580930248
573,all,knn,108,False,0.36945482119140965,1.251079809058437
573,unseen,lgbm,28,False,0.7088122605363985,1.5543807386625481
573,unseen,ridge,28,False,0.5703338806787082,1.618547405329215
573,unseen,lgbm_process,28,False,0.5703338806787082,2.013547405329213
573,unseen,knn,28,False,0.34646962233169126,-0.7509013126195043
574,all,lgbm,99,False,0.37470624613481757,0.8295152973158721
574,all,ridge,99,False,0.32888064316635746,1.4549097267299604
574,all,lgbm_process,99,False,0.2335064935064935,0.621185353014404
574,all,knn,99,False,0.20445802434301477,0.5549267624286802
574,unseen,lgbm,24,False,0.2217391304347826,0.651928957393638
574,unseen,ridge,24,False,0.2417391304347826,2.7877272767213714
574,unseen,lgbm_process,24,False,0.19478260869565217,0.651928957393638
574,unseen,knn,24,False,0.11217391304347826,-1.922136976672295
575,all,lgbm,93,False,0.37542896362388467,1.550451558743367
575,all,ridge,93,False,0.44394377965444176,1.4431792715378329
575,all,lgbm_process,93,False,0.4230849571782399,2.121223076568338
575,all,knn,93,False,0.3386931948607694,0.9226414972467989
575,unseen,lgbm,21,False,0.13636363636363635,-2.8028719783115417
575,unseen,ridge,21,False,0.39610389610389607,4.253198534508973
575,unseen,lgbm_process,21,False,0.5168831168831168,3.6539146214654945
575,unseen,knn,21,False,0.05064935064935065,-2.3353719783115405
576,all,lgbm,93,False,0.36397003968846053,0.6275369887368125
576,all,ridge,93,False,0.3211632001432365,0.24558613273671348
576,all,lgbm_process,93,False,0.18038852913968545,-0.24891442085043813
576,all,knn,93,False,0.2497966822340391,1.4842306247016914
576,unseen,lgbm,19,False,0.3333333333333333,-0.4424001294262929
576,unseen,ridge,19,False,0.4052631578947368,0.9391693150181517
576,unseen,lgbm_process,19,False,0.2368421052631579,-1.2660806849818478
576,unseen,knn,19,False,0.3175438596491228,0.6142805428426144
577,all,lgbm,102,False,0.40920888205325384,1.8336485521403745
577,all,ridge,102,False,0.39036816302989524,1.6424710804152962
577,all,lgbm_process,102,False,0.2997503541138525,1.0244829743953083
577,all,knn,102,False,0.30832395789201017,1.9892511165084645
577,unseen,lgbm,21,False,0.4831168831168831,2.0415066125673285
577,unseen,ridge,21,False,0.4051948051948052,3.8651559632166794
577,unseen,lgbm_process,21,False,0.535064935064935,2.8997644797001954
577,unseen,knn,21,False,0.24285714285714283,-0.652035054099338
578,all,lgbm,93,False,0.4060159350660977,2.0464106004206926
578,all,ridge,93,False,0.36995314971203475,1.2681135424591599
578,all,lgbm_process,93,False,0.25111157530363165,-0.24653792327783108
578,all,knn,93,False,0.18309470453173798,0.9136336404643846
578,unseen,lgbm,18,False,0.44272445820433437,2.2288938803299096
578,unseen,ridge,18,False,0.4406604747162023,3.1612897136632423
578,unseen,lgbm_process,18,False,0.43446852425180604,1.0422420946156254
578,unseen,knn,18,False,0.3168214654282766,0.3873938803299115
579,all,lgbm,101,False,0.4816656959813628,2.8806515583056935
579,all,ridge,101,False,0.3942341292952824,1.3846521257204003
579,all,lgbm_process,101,False,0.36758988814916527,1.9319540939828244
579,all,knn,101,False,0.3188821147084571,1.611363678889827
579,unseen,lgbm,26,False,0.308034188034188,3.963873792396946
579,unseen,ridge,26,False,0.3606837606837607,3.0217750269648462
579,unseen,lgbm_process,26,False,0.37846153846153846,3.9572441687759223
579,unseen,knn,26,False,0.33065481762111937,2.547207125730278
580,all,lgbm,99,False,0.38700061842918987,1.3231992265037924
580,all,ridge,99,False,0.36821273964131107,0.6305916488543772
580,all,lgbm_process,99,False,0.3303658947631587,2.1087384229950636
580,all,knn,99,False,0.23329014268128612,1.1982150644945708
580,unseen,lgbm,24,False,0.2817391304347826,1.8701544422961511
580,unseen,ridge,24,False,0.2652173913043478,2.4532148818565886
580,unseen,lgbm_process,24,False,0.29565217391304344,1.7618687280104375
580,unseen,knn,24,False,-0.01652173913043478,-0.934131271989564
581,all,lgbm,107,False,0.28322459295832597,0.3672943086387992
581,all,ridge,107,False,0.26006583201081523,0.8844411973734747
581,all,lgbm_process,107,False,0.2816081819784871,0.8507422944914946
581,all,knn,107,False,0.2285122250064519,1.073807911181742
581,unseen,lgbm,25,False,0.07615384615384616,-1.6886408180708177
581,unseen,ridge,25,False,0.12307692307692307,1.2020322588522578
581,unseen,lgbm_process,25,False,0.17384615384615384,-2.187967741147741
581,unseen,knn,25,False,0.07153846153846154,-0.7082836752136767
582,all,lgbm,100,False,0.47309930993099303,1.4629677967553771
582,all,ridge,100,False,0.47816381638163813,1.6135317730968417
582,all,lgbm_process,100,False,0.39324332433243325,1.40861681540858
582,all,knn,100,False,0.28957752877912185,0.7284360750448933
582,unseen,lgbm,27,False,0.5115995115995117,2.621964620619032
582,unseen,ridge,27,False,0.6379731379731379,1.7986312872856995
582,unseen,lgbm_process,27,False,0.5470085470085471,2.0080252266796386
582,unseen,knn,27,False,0.37484737484737485,1.2640598587142726
583,all,lgbm,99,False,0.435856524427953,0.8369488891560355
583,all,ridge,99,False,0.4918119975262832,1.3220177042152148
583,all,lgbm_process,99,False,0.357934446505875,1.2326842839108156
583,all,knn,99,False,0.31623413726993616,1.3299948454140846
583,unseen,lgbm,22,False,0.36871823828345573,-0.5993241737195909
583,unseen,ridge,22,False,0.5302089215132695,0.5046758262804101
583,unseen,lgbm_process,22,False,0.3777526821005082,0.5046758262804101
583,unseen,knn,22,False,0.10561988560120032,-1.2041593385547564
584,all,lgbm,105,False,0.4226415094339622,1.8936464495708236
584,all,ridge,105,False,0.32773170226000414,0.7834900509775871
584,all,lgbm_process,105,False,0.351483390741878,1.4476073414705528
584,all,knn,105,False,0.2723358825182391,0.8467834520656226
584,unseen,lgbm,29,False,0.3344827586206896,1.8607921958809968
584,unseen,ridge,29,False,0.280295566502463,1.4609826720714736
584,unseen,lgbm_process,29,False,0.33103448275862063,0.9202000633758232
584,unseen,knn,29,False,0.10888040481651486,-1.8880014549126543
585,all,lgbm,99,False,0.4193197278911564,1.743625899155683
585,all,ridge,99,False,0.40606060606060607,1.5920301259050706
585,all,lgbm_process,99,False,0.2692517006802721,0.5300809440772571
585,all,knn,99,False,0.2214271147733204,1.1869473512995015
585,unseen,lgbm,25,False,0.2776923076923077,-1.213409611131386
585,unseen,ridge,25,False,0.45153846153846156,2.265757055535282
585,unseen,lgbm_process,25,False,0.42153846153846153,0.4229001315156715
585,unseen,knn,25,False,0.14156568832750602,-0.08924294446471848
586,all,lgbm,102,False,0.4522620737230776,1.7864184699586296
586,all,ridge,102,False,0.47370385239551943,3.3030473442323753
586,all,lgbm_process,102,False,0.41001181785797086,2.7236717042926024
586,all,knn,102,False,0.28467611879170945,2.0767726602252132
586,unseen,lgbm,27,False,0.4206349206349206,2.507432092982345
586,unseen,ridge,27,False,0.5018315018315018,4.172313045363296
586,unseen,lgbm_process,27,False,0.5677655677655677,2.4274266817269314
586,unseen,knn,27,False,0.15079365079365079,-1.306056935962566
587,all,lgbm,91,False,0.4874661570313744,1.8239810237696226
587,all,ridge,91,False,0.46749482401656317,2.066909549019119
587,all,lgbm_process,91,False,0.40015926102882626,1.7939101240231299
587,all,knn,91,False,0.24684928049393157,0.8553639061006226
587,unseen,lgbm,24,False,0.7052173913043478,1.8902214687946124
587,unseen,ridge,24,False,0.657391304347826,4.182826510811418
587,unseen,lgbm_process,24,False,0.7469565217391304,4.438897939382846
587,unseen,knn,24,False,0.2614180325596908,-1.8235433533397742
588,all,lgbm,97,False,0.3517120765832106,1.157069882008976
588,all,ridge,97,False,0.36007521565327155,1.0455329321319766
588,all,lgbm_process,97,False,0.3267410056806227,1.074195929813163
588,all,knn,97,False,0.1769409331210944,1.6703912893449395
588,unseen,lgbm,26,False,0.41538461538461535,-0.4679952579692852
588,unseen,ridge,26,False,0.4926495726495726,1.0245047420307145
588,unseen,lgbm_process,26,False,0.44820512820512814,0.7017349538478825
588,unseen,knn,26,False,0.1576068376068376,0.43640034642631775
589,all,lgbm,103,False,0.35993717875499714,1.2603892898262377
589,all,ridge,103,False,0.3012454421649168,1.0805913168415149
589,all,lgbm_process,103,False,0.20559680182752715,0.18478321341940962
589,all,knn,103,False,0.16921898350917827,0.7666239576819667
589,unseen,lgbm,27,False,0.5225885225885226,1.8536730909657813
589,unseen,ridge,27,False,0.5103785103785102,4.23893163797433
589,unseen,lgbm_process,27,False,0.47374847374847373,2.649423090965783
589,unseen,knn,27,False,0.21367521367521367,0.30164531318800414
590,all,lgbm,100,False,0.43927992799279925,1.4558779095679775
590,all,ridge,100,False,0.4323312331233123,1.7982768413723278
590,all,lgbm_process,100,False,0.42758604136418477,1.6229708088824033
590,all,knn,100,False,0.404912579588007,2.3913825059757965
590,unseen,lgbm,24,False,0.3921739130434782,-0.8975749835289122
590,unseen,ridge,24,False,0.4513043478260869,1.584640925561997
590,unseen,lgbm_process,24,False,0.5591304347826086,1.1558761034276106
590,unseen,knn,24,False,0.3871248735076952,-0.917130539084468
591,all,lgbm,96,False,0.3443434617471514,1.3367563264340525
591,all,ridge,96,False,0.3132257189365165,0.3997750222844836
591,all,lgbm_process,96,False,0.22081599571476576,0.4810438630250662
591,all,knn,96,False,0.2292263044314527,1.0981490214133771
591,unseen,lgbm,24,False,0.3643478260869565,-1.6384359108187319
591,unseen,ridge,24,False,0.12347826086956522,1.9265640891812694
591,unseen,lgbm_process,24,False,0.17652173913043476,-1.6384359108187319
591,unseen,knn,24,False,0.09565217391304347,-0.63725578659513
592,all,lgbm,109,False,0.43863042959627857,1.8291373053579374
592,all,ridge,109,False,0.38379293808123127,2.1172556694499836
592,all,lgbm_process,109,False,0.3942878192203595,0.8528039799220792
592,all,knn,109,False,0.24213258102898647,1.855747288030308
592,unseen,lgbm,29,False,0.4428571428571427,2.267626060974438
592,unseen,ridge,29,False,0.5965517241379309,2.2676260609744343
592,unseen,lgbm_process,29,False,0.5394088669950737,0.5513571607924934
592,unseen,knn,29,False,0.23940886699507383,0.20848198041731258
593,all,lgbm,99,False,0.4772061756552673,2.4774953662718975
593,all,ridge,99,False,0.47624142313592893,1.8299140969718586
593,all,lgbm_process,99,False,0.38409019227082414,0.9417664529473004
593,all,knn,99,False,0.41938885916290014,1.4620196000107857
593,unseen,lgbm,23,False,0.3102766798418973,3.5447198866225076
593,unseen,ridge,23,False,0.424901185770751,3.5447198866225076
593,unseen,lgbm_process,23,False,0.43774703557312256,1.8397434818815075
593,unseen,knn,23,False,0.39831975517957313,0.6049138521397506
594,all,lgbm,102,False,0.4418804530367372,1.0649491976140375
594,all,ridge,102,False,0.4351516248141091,0.9516252130016039
594,all,lgbm_process,102,False,0.3181039406053684,1.3317414217998778
594,all,knn,102,False,0.3140563648030033,1.5752484912480345
594,unseen,lgbm,24,False,0.4913043478260869,-0.8717891351983091
594,unseen,ridge,24,False,0.4460869565217391,0.9252713043621306
594,unseen,lgbm_process,24,False,0.47913043478260864,0.9970042675794701
594,unseen,knn,24,False,0.09132420307212488,-0.6371165161506891
595,all,lgbm,104,False,0.3819161421103169,1.105116522814141
595,all,ridge,104,False,0.3810519577509869,0.7524916838595725
595,all,lgbm_process,104,False,0.37805398485010133,1.6687703165452277
595,all,knn,104,False,0.30458001111153477,1.049628654459065
595,unseen,lgbm,28,False,0.2194854953475643,1.333655382788903
595,unseen,ridge,28,False,0.29720853858784896,1.333655382788903
595,unseen,lgbm_process,28,False,0.33388067870826493,2.5062526141827473
595,unseen,knn,28,False,0.26115522467706254,-0.8939641799787328
596,all,lgbm,97,False,0.3940932042920261,1.599306448884544
596,all,ridge,97,False,0.41747317483694507,1.691673991546665
596,all,lgbm_process,97,False,0.36110088365243,1.2183244592057942
596,all,knn,97,False,0.3234348414545553,1.6794285578953456
596,unseen,lgbm,25,False,0.47,1.8617149865782654
596,unseen,ridge,25,False,0.40076923076923077,1.8617149865782654
596,unseen,lgbm_process,25,False,0.5569230769230769,2.5340075369494244
596,unseen,knn,25,False,0.4061538461538462,0.6048399865782663
597,all,lgbm,93,False,0.5741696756288979,2.238700382155269
597,all,ridge,93,False,0.5298857091701231,2.183107789562678
597,all,lgbm_process,93,False,0.4982244636089641,2.9528356441457557
597,all,knn,93,False,0.4262440673074576,2.0893366082870575
597,unseen,lgbm,21,False,0.5103896103896104,1.709915038695149
597,unseen,ridge,21,False,0.5961038961038961,1.709915038695149
597,unseen,lgbm_process,21,False,0.6207792207792208,3.3399483720284806
597,unseen,knn,21,False,0.34037026803275766,1.709915038695149
598,all,lgbm,106,False,0.4086505277476888,2.361213113028681
598,all,ridge,106,False,0.36964506133964786,1.3425924134926586
598,all,lgbm_process,106,False,0.3284026500743129,1.9004806778151835
598,all,knn,106,False,0.25397121536669554,1.5402989999017613
598,unseen,lgbm,29,False,0.3743842364532019,1.8664405582637293
598,unseen,ridge,29,False,0.43201970443349746,4.171154843978014
598,unseen,lgbm_process,29,False,0.5009852216748768,2.3174362292593997
598,unseen,knn,29,False,0.18204212479503276,-0.9032166975239608
599,all,lgbm,98,False,0.5201882064915937,2.8381069200940434
599,all,ridge,98,False,0.4121989939368436,1.9560116516387769
599,all,lgbm_process,98,False,0.41620284477427333,0.9445746958042172
599,all,knn,98,False,0.2596112473595764,1.6317915306280302
599,unseen,lgbm,24,False,0.6852173913043478,1.9522224336944731
599,unseen,ridge,24,False,0.5695652173913043,1.9522224336944731
599,unseen,lgbm_process,24,False,0.6417391304347826,2.7333335448055838
599,unseen,knn,24,False,0.21478260869565213,1.6870438622659005
600,all,lgbm,103,False,0.5437112858586304,2.4743969521786884
600,all,ridge,103,False,0.5003075165839301,2.563205177799654
600,all,lgbm_process,103,False,0.3761696612924483,0.933430507813549
600,all,knn,103,False,0.2918800483970993,0.3377633346671107
600,unseen,lgbm,28,False,0.48494800218938144,2.530461222964732
600,unseen,ridge,28,False,0.4455391351943076,1.366952451034905
600,unseen,lgbm_process,28,False,0.5057471264367817,2.501753096928244
600,unseen,knn,28,False,0.09334793670322676,-0.9686022690987635
601,all,lgbm,97,False,0.4127919208920681,1.3595759115601194
601,all,ridge,97,False,0.4353829160530191,1.514157932084828
601,all,lgbm_process,97,False,0.33753681885125175,1.3700913706933342
601,all,knn,97,False,0.23958943048265893,1.0370900084885797
601,unseen,lgbm,27,False,0.278998778998779,0.8251238156825096
601,unseen,ridge,27,False,0.42124542124542125,3.458873815682507
601,unseen,lgbm_process,27,False,0.3626373626373626,1.2880404823491762
601,unseen,knn,27,False,0.09251908828245861,-0.9166195773268679
602,all,lgbm,92,False,0.33266032705022885,2.276349056586783
602,all,ridge,92,False,0.30741488525499744,1.2640290119485122
602,all,lgbm_process,92,False,0.2392152027495646,2.000915519852189
602,all,knn,92,False,0.15665510716410191,0.777952836470357
602,unseen,lgbm,21,False,0.45454545454545453,4.920566183570443
602,unseen,ridge,21,False,0.44675324675324674,2.964851897856157
602,unseen,lgbm_process,21,False,0.4168831168831169,4.649776709886233
602,unseen,knn,21,False,0.045454545454545456,-1.0324893719851111
603,all,lgbm,87,False,0.4529598308668076,1.62477132279297
603,all,ridge,87,False,0.44251658525916737,1.8223487111920083
603,all,lgbm_process,87,False,0.3246260325999315,1.2837057820269795
603,all,knn,87,False,0.2815192894238006,1.6851473455353077
603,unseen,lgbm,20,False,0.3578947368421052,1.5539445074240152
603,unseen,ridge,20,False,0.362406015037594,2.8711813495292784
603,unseen,lgbm_process,20,False,0.24060150375939846,1.2311739850359569
603,unseen,knn,20,False,0.21745679594597414,-1.8879304925759843
604,all,lgbm,98,False,0.4490752252166095,1.9020523320355895
604,all,ridge,98,False,0.48899897353505595,2.609917948913191
604,all,lgbm_process,98,False,0.3315864302609516,0.7335406730074521
604,all,knn,98,False,0.29042254144956753,1.977198520461858
604,unseen,lgbm,24,False,0.4382608695652173,0.4074067398079144
604,unseen,ridge,24,False,0.528695652173913,2.3517400731412472
604,unseen,lgbm_process,24,False,0.45652173913043476,-0.031124029422855415
604,unseen,knn,24,False,0.33391304347826084,-0.9098932601920868
605,all,lgbm,101,False,0.4745486313337216,0.9439647165823217
605,all,ridge,101,False,0.4259405940594059,1.9984444401336994
605,all,lgbm_process,101,False,0.42334427299035926,2.074971518360883
605,all,knn,101,False,0.3053143898445263,1.6811136664397281
605,unseen,lgbm,22,False,0.4488989271597968,0.7759972218088134
605,unseen,ridge,22,False,0.3754940711462451,1.7643454360945299
605,unseen,lgbm_process,22,False,0.4511575381140599,2.6041641994207545
605,unseen,knn,22,False,0.20220277564293965,0.132568650380243
606,all,lgbm,90,False,0.36961764826933363,1.1782015967621433
606,all,ridge,90,False,0.41785405605630327,1.005474784209781
606,all,lgbm_process,90,False,0.3541095608511339,1.7186258543219743
606,all,knn,90,False,0.13912420810219517,0.1345690453717605
606,unseen,lgbm,21,False,0.44285714285714284,1.7629787017255065
606,unseen,ridge,21,False,0.3038961038961039,3.279109654106458
606,unseen,lgbm_process,21,False,0.6649350649350649,3.9660876949367907
606,unseen,knn,21,False,-0.05001624167656935,-1.462004686978812
607,all,lgbm,102,False,0.4960164206026542,2.163634731220272
607,all,ridge,102,False,0.43033400998580723,2.0280534610129575
607,all,lgbm_process,102,False,0.42025773108435915,2.76162781308836
607,all,knn,102,False,0.2682994422554653,1.7454832910518991
607,unseen,lgbm,24,False,0.3121739130434782,3.4797023168401857
607,unseen,ridge,24,False,0.3817391304347826,3.168202316840187
607,unseen,lgbm_process,24,False,0.5043478260869565,4.115028403796707
607,unseen,knn,24,False,0.041739130434782605,-1.2730377669936477
608,all,lgbm,102,False,0.37105351695506805,1.9102022268270904
608,all,ridge,102,False,0.42894987574422,2.2814911843227144
608,all,lgbm_process,102,False,0.3109632146938787,1.633729476903948
608,all,knn,102,False,0.2618826814791288,1.596780537234741
608,unseen,lgbm,26,False,0.5172649572649572,3.345664150640376
608,unseen,ridge,26,False,0.6649572649572648,4.624787960164186
608,unseen,lgbm_process,26,False,0.49196581196581196,3.050004437302304
608,unseen,knn,26,False,0.32991452991452985,-0.6723318811056558
609,all,lgbm,102,False,0.3588274875460133,1.2919292283368602
609,all,ridge,102,False,0.255429712017461,0.21019707107753405
609,all,lgbm_process,102,False,0.3261116027392091,1.6169193390687973
609,all,knn,102,False,0.22626261719052906,1.9120384748842518
609,unseen,lgbm,24,False,0.36173913043478256,1.0489471394356986
609,unseen,ridge,24,False,0.3426086956521739,3.5491614251499843
609,unseen,lgbm_process,24,False,0.41826086956521735,1.538161425149985
609,unseen,knn,24,False,0.13304347826086957,-1.2594739131958814
610,all,lgbm,100,False,0.5064746474647464,1.542256588187664
610,all,ridge,100,False,0.46313831383138304,1.1281647152161973
610,all,lgbm_process,100,False,0.30791479147914785,0.8322129037925521
610,all,knn,100,False,0.3974013548105859,1.9962923026259087
610,unseen,lgbm,20,False,0.4360902255639097,-0.889078301371832
610,unseen,ridge,20,False,0.4330827067669173,-0.6372727458162757
610,unseen,lgbm_process,20,False,0.5203007518796992,0.29610027005674056
610,unseen,knn,20,False,0.43909774436090226,0.35477884148531125
611,all,lgbm,107,False,0.4135954858049727,1.2178865554760723
611,all,ridge,107,False,0.31092889750974745,0.9961882480501654
611,all,lgbm_process,107,False,0.3857442348008386,1.56734141512319
611,all,knn,107,False,0.24789963493788067,1.0836516992178282
611,unseen,lgbm,28,False,0.35960591133004927,0.14903104980430548
611,unseen,ridge,28,False,0.3798576902025178,2.319864383137636
611,unseen,lgbm_process,28,False,0.4094143404488232,-0.7819420350818227
611,unseen,knn,28,False,0.2532165438430638,-1.293462181601969
612,all,lgbm,93,False,0.4337978574199516,1.2322062622671925
612,all,ridge,93,False,0.38253110918802774,1.9085411209412548
612,all,lgbm_process,93,False,0.30497448598967497,1.276776411679327
612,all,knn,93,False,0.18552632178375755,1.0197753820505184
612,unseen,lgbm,25,False,0.5084615384615384,1.469398882893552
612,unseen,ridge,25,False,0.4723076923076923,3.6458923893870594
612,unseen,lgbm_process,25,False,0.5030769230769231,1.469398882893552
612,unseen,knn,25,False,0.26615384615384613,-1.3672439742493037
613,all,lgbm,108,False,0.42485733611515997,1.2992236571824947
613,all,ridge,108,False,0.42986843484142634,2.0367620445071903
613,all,lgbm_process,108,False,0.29145350443472706,0.6550112381240272
613,all,knn,108,False,0.19846986486578724,0.9592682762928302
613,unseen,lgbm,29,False,0.45073891625615753,1.0981353187877279
613,unseen,ridge,29,False,0.4344827586206896,2.7504501336025413
613,unseen,lgbm_process,29,False,0.36157635467980287,-0.10453134787893781
613,unseen,knn,29,False,0.21529745205799544,-0.480002325158738
614,all,lgbm,96,False,0.3658437330439501,2.0198282237407668
614,all,ridge,96,False,0.3446961475854585,1.3858527908403353
614,all,lgbm_process,96,False,0.26247965274009766,0.702188253249254
614,all,knn,96,False,0.15881812359491826,1.005225117043544
614,unseen,lgbm,24,False,0.29565217391304344,1.5630184562451443
614,unseen,ridge,24,False,0.36347826086956525,2.550455431035063
614,unseen,lgbm_process,24,False,0.34695652173913033,1.9007375738922025
614,unseen,knn,24,False,0.1452173913043478,-2.1067136866119984
615,all,lgbm,99,False,0.4339022881880024,1.5253155335371247
615,all,ridge,99,False,0.43285095856524425,1.3704523874773997
615,all,lgbm_process,99,False,0.3634755720470006,1.8596425850858456
615,all,knn,99,False,0.222596091303273,1.1286438807723016
615,unseen,lgbm,23,False,0.38142292490118584,3.8301618691674797
615,unseen,ridge,23,False,0.4930830039525692,3.175661869167481
615,unseen,lgbm_process,23,False,0.4229249011857708,2.0401618691674805
615,unseen,knn,23,False,0.0899209486166008,-2.113918217412607
616,all,lgbm,95,False,0.394036954087346,1.6717276711129525
616,all,ridge,95,False,0.42810750279955206,1.5510313094286605
616,all,lgbm_process,95,False,0.3082726763717806,1.5860441995399785
616,all,knn,95,False,0.19706271833857264,1.4726528402062744
616,unseen,lgbm,21,False,0.48181818181818176,1.4998545200830922
616,unseen,ridge,21,False,0.4883116883116883,3.1972006739292453
616,unseen,lgbm_process,21,False,0.648051948051948,3.676195429174001
616,unseen,knn,21,False,-0.024675324675324677,-0.3876454799169089
617,all,lgbm,98,False,0.4607552486786654,2.2324398913701806
617,all,ridge,98,False,0.42223412326505105,1.8695055392280686
617,all,lgbm_process,98,False,0.31494622216271695,1.6231770643370957
617,all,knn,98,False,0.30070619274787047,1.186985905302345
617,unseen,lgbm,22,False,0.5686053077357426,0.6725790157214764
617,unseen,ridge,22,False,0.557312252964427,3.9745419786844405
617,unseen,lgbm_process,22,False,0.5708639186900057,2.2165419786844414
617,unseen,knn,22,False,0.259175607001694,-1.5929356901608767
618,all,lgbm,98,False,0.4092789880713296,1.9977934158474149
618,all,ridge,98,False,0.46677377605212655,2.1128698998316686
618,all,lgbm_process,98,False,0.30077973082391346,1.107328897801633
618,all,knn,98,False,0.29424761332181654,2.027369307026726
618,unseen,lgbm,20,False,0.4526315789473684,2.3825073952762015
618,unseen,ridge,20,False,0.5022556390977443,3.4746686855987825
618,unseen,lgbm_process,20,False,0.44060150375939844,4.133805049235146
618,unseen,knn,20,False,0.431578947368421,2.3825073952762015
619,all,lgbm,98,False,0.48516088722274275,1.1912107031684886
619,all,ridge,98,False,0.44139905259198337,2.3215425414860924
619,all,lgbm_process,98,False,0.3121664785876862,1.7974900215042986
619,all,knn,98,False,0.19812599185860372,1.4127699629895893
619,unseen,lgbm,23,False,0.11462450592885376,-2.2857902958848832
619,unseen,ridge,23,False,0.3557312252964427,2.8751018609778622
619,unseen,lgbm_process,23,False,0.1660079051383399,1.6340992154752172
619,unseen,knn,23,False,0.057326416378201586,-1.8847127096779879
620,all,lgbm,101,False,0.393185789167152,1.3896779672625819
620,all,ridge,101,False,0.4447058823529412,2.4440686016305158
620,all,lgbm_process,101,False,0.26317996505532903,0.7283681647490425
620,all,knn,101,False,0.26387080940310453,1.133657580195809
620,unseen,lgbm,23,False,0.46936758893280633,1.907846526583663
620,unseen,ridge,23,False,0.6235177865612649,4.137692680429817
620,unseen,lgbm_process,23,False,0.37154150197628455,1.907846526583663
620,unseen,knn,23,False,0.19664031620553357,-0.058153473416336254
621,all,lgbm,97,False,0.3329476120345045,0.9484502567406867
621,all,ridge,97,False,0.3801546391752577,1.132639455782428
621,all,lgbm_process,97,False,0.28241466710213065,1.0013134969146176
621,all,knn,97,False,0.1387234974087248,0.3680122302832931
621,unseen,lgbm,20,False,0.33082706766917286,0.3680292371117968
621,unseen,ridge,20,False,0.4030075187969925,1.0648561601887199
621,unseen,lgbm_process,20,False,0.6120300751879698,3.72656077537105
621,unseen,knn,20,False,0.15789473684210525,0.3680292371117968
622,all,lgbm,90,False,0.3766802485903609,1.0037302778301793
622,all,ridge,90,False,0.3704078692842737,0.6496981837729425
622,all,lgbm_process,90,False,0.3883360085607276,2.1560199104457514
622,all,knn,90,False,0.18883396052437457,1.2423611627935376
622,unseen,lgbm,21,False,0.3844155844155844,-0.5910542800947773
622,unseen,ridge,21,False,0.38831168831168833,2.2751068400350913
622,unseen,lgbm_process,21,False,0.5701298701298702,3.988430784840288
622,unseen,knn,21,False,0.07402597402597402,-0.5910542800947773
623,all,lgbm,106,False,0.4051238128825856,0.8421652837095852
623,all,ridge,106,False,0.40325969216817387,2.2309049141432222
623,all,lgbm_process,106,False,0.3123409829458145,1.3650925803520888
623,all,knn,106,False,0.2525236498729105,1.2155396491908075
623,unseen,lgbm,31,False,0.42701612903225805,0.6410834905796357
623,unseen,ridge,31,False,0.43427419354838714,1.8041390461351892
623,unseen,lgbm_process,31,False,0.42137096774193555,0.06963421521731838
623,unseen,knn,31,False,0.2599052337031337,-1.0215083897622463
624,all,lgbm,101,False,0.3370762958648805,1.9333159090972192
624,all,ridge,101,False,0.3497612114152591,1.5927806930036006
624,all,lgbm_process,101,False,0.28592395435169093,1.2232210674135207
624,all,knn,101,False,0.29986515843139544,1.5374208084437146
624,unseen,lgbm,25,False,0.14923076923076922,-0.02006879673899853
624,unseen,ridge,25,False,0.3123076923076923,0.8364753209080611
624,unseen,lgbm_process,25,False,0.15846153846153843,1.6005514078645842
624,unseen,knn,25,False,0.2831858616697866,-0.9674021300723314
625,all,lgbm,105,False,0.49909807173958115,2.24403826619754
625,all,ridge,105,False,0.4826767572050591,2.0110279315954642
625,all,lgbm_process,105,False,0.3972745108724489,1.611442121272157
625,all,knn,105,False,0.2816656094326652,1.3973823402136674
625,unseen,lgbm,24,False,0.6,3.6249464511183245
625,unseen,ridge,24,False,0.6669565217391304,2.0036964511183246
625,unseen,lgbm_process,24,False,0.5730434782608694,2.72858281475469
625,unseen,knn,24,False,0.2269565217391304,-1.0367505185786445
626,all,lgbm,103,False,0.4811316610288627,2.1356873424686604
626,all,ridge,103,False,0.5014167728331064,2.7648542605569
626,all,lgbm_process,103,False,0.42382491275725576,2.0992728334884223
626,all,knn,103,False,0.2910586710252648,1.7065870848713338
626,unseen,lgbm,29,False,0.39901477832512305,0.1860286632741026
626,unseen,ridge,29,False,0.5408866995073891,1.612111271969754
626,unseen,lgbm_process,29,False,0.6773399014778324,3.344747590377713
626,unseen,knn,29,False,0.1687399938898477,-0.6066661419207033
627,all,lgbm,88,False,0.42907963791342335,2.2793977409717723
627,all,ridge,88,False,0.43328871825578535,1.749027256512104
627,all,lgbm_process,88,False,0.3400725582050651,1.2300781899655515
627,all,knn,88,False,0.2665163643037437,0.56541155361829
627,unseen,lgbm,22,False,0.46019198193111244,1.6282927069949746
627,unseen,ridge,22,False,0.5189158667419538,5.018292706994975
627,unseen,lgbm_process,22,False,0.3811405985319029,1.1332167576278867
627,unseen,knn,22,False,0.31789949181253535,-0.7527211818939126
628,all,lgbm,101,False,0.5131275480489225,2.1031447842989213
628,all,ridge,101,False,0.5178217821782178,2.6695346484000027
628,all,lgbm_process,101,False,0.3617938264414677,0.8362376303666181
628,all,knn,101,False,0.3286645910534822,1.3068065761372765
628,unseen,lgbm,27,False,0.45238095238095233,0.5310553334931853
628,unseen,ridge,27,False,0.5201465201465202,2.1027220001598526
628,unseen,lgbm_process,27,False,0.3253968253968254,0.5310553334931853
628,unseen,knn,27,False,0.24667989907306553,-1.7532568358189842
629,all,lgbm,95,False,0.3775615901455767,1.2357671465398976
629,all,ridge,95,False,0.3794372900335946,1.7060542029441805
629,all,lgbm_process,95,False,0.4268617021276596,1.9196354756701268
629,all,knn,95,False,0.3028648631141299,1.62592467475889
629,unseen,lgbm,22,False,0.3980801806888764,0.3924115757897919
629,unseen,ridge,22,False,0.5019762845849802,1.6534364205102872
629,unseen,lgbm_process,22,False,0.6713721061547149,3.6729034534773195
629,unseen,knn,22,False,0.33370976849237727,0.3924115757897919
630,all,lgbm,97,False,0.39126604249947394,1.4146480904685994
630,all,ridge,97,False,0.3698322112350094,0.7260213493414653
630,all,lgbm_process,97,False,0.28745003155901533,1.846826689147786
630,all,knn,97,False,0.20953583465891687,1.3424697118752924
630,unseen,lgbm,23,False,0.07015810276679843,1.5866265288816876
630,unseen,ridge,23,False,0.1808300395256917,1.5866265288816876
630,unseen,lgbm_process,23,False,0.10671936758893281,-0.22515918540402602
630,unseen,knn,23,False,-0.08695652173913043,-2.1300519319763396
631,all,lgbm,94,False,0.48474690151998356,2.2151318972978586
631,all,ridge,94,False,0.44746757023580697,1.4465286432302733
631,all,lgbm_process,94,False,0.3880012570962608,1.6183454141076972
631,all,knn,94,False,0.3658769232249462,1.1720476488935905
631,unseen,lgbm,21,False,0.3311688311688311,1.3297353429834988
631,unseen,ridge,21,False,0.36103896103896105,1.3297353429834988
631,unseen,lgbm_process,21,False,0.5558441558441559,3.38318642994002
631,unseen,knn,21,False,0.38129264758631437,-0.5228202125720589
632,all,lgbm,99,False,0.480395794681509,1.7609581750224237
632,all,ridge,99,False,0.4340878169449598,1.437664357901383
632,all,lgbm_process,99,False,0.3155473098330241,1.4431510241689658
632,all,knn,99,False,0.2818787395825278,1.2926623123776082
632,unseen,lgbm,20,False,0.6526315789473683,4.443622095851705
632,unseen,ridge,20,False,0.5954887218045113,1.5274462395442718
632,unseen,lgbm_process,20,False,0.5503759398496241,4.29436495299456
632,unseen,knn,20,False,0.3278195488721804,-0.9056933803387714
633,all,lgbm,97,False,0.3798784977908689,0.6344853799586225
633,all,ridge,97,False,0.32608352619398273,0.9279178081248389
633,all,lgbm_process,97,False,0.2941957710919419,0.4305024709306462
633,all,knn,97,False,0.25451568695809973,1.0687125183965875
633,unseen,lgbm,24,False,0.29739130434782607,-0.3462652933250201
633,unseen,ridge,24,False,0.23391304347826083,1.8929847066749819
633,unseen,lgbm_process,24,False,0.15478260869565216,1.071854911278562
633,unseen,knn,24,False,0.16,0.9112347066749802
634,all,lgbm,98,False,0.42862243304069514,1.841396892339878
634,all,ridge,98,False,0.3624313830499397,0.8344561956002874
634,all,lgbm_process,98,False,0.37333358835567965,1.5819517674496417
634,all,knn,98,False,0.3052850072728874,1.2581941288786318
634,unseen,lgbm,23,False,0.43083003952569177,1.5144698887467225
634,unseen,ridge,23,False,0.4654150197628459,0.8168257784710349
634,unseen,lgbm_process,23,False,0.5770750988142292,4.161207699691996
634,unseen,knn,23,False,0.222386960087851,-1.774815825538992
635,all,lgbm,105,False,0.4732635289239063,2.65014251798339
635,all,ridge,105,False,0.48381712626995643,2.1937720909753686
635,all,lgbm_process,105,False,0.4157474600870827,0.8614446043198392
635,all,knn,105,False,0.3046401571162719,1.8073195169457232
635,unseen,lgbm,27,False,0.4792429792429792,1.6624646296222014
635,unseen,ridge,27,False,0.4902319902319902,0.6981260052835783
635,unseen,lgbm_process,27,False,0.5683760683760684,1.337052799882013
635,unseen,knn,27,False,0.2900763494004478,-0.8043739947164248
636,all,lgbm,106,False,0.45217018918306173,2.620072692951684
636,all,ridge,106,False,0.3557195757865833,2.269979937066781
636,all,lgbm_process,106,False,0.36540292717333805,1.4454304674384506
636,all,knn,106,False,0.2765287422768486,1.7311131405773228
636,unseen,lgbm,26,False,0.4844444444444444,2.3238863813649218
636,unseen,ridge,26,False,0.46119658119658113,3.565701857555398
636,unseen,lgbm_process,26,False,0.42837606837606834,2.5370804289839697
636,unseen,knn,26,False,0.26333790869713525,-0.4058159995874604
637,all,lgbm,95,False,0.43814389697648376,1.477268266290908
637,all,ridge,95,False,0.38677211646136617,1.2843553638999374
637,all,lgbm_process,95,False,0.22479003359462488,1.4387768055804013
637,all,knn,95,False,0.19701609632533457,1.2245247363747591
637,unseen,lgbm,20,False,0.40751879699248117,0.36228196577683747
637,unseen,ridge,20,False,0.5203007518796992,2.940791282547023
637,unseen,lgbm_process,20,False,0.24812030075187969,0.36228196577683747
637,unseen,knn,20,False,-0.006015037593984962,0.3397819657768366
638,all,lgbm,106,False,0.34652996448094314,2.3481161186831816
638,all,ridge,106,False,0.31356021865632167,1.1807681120098934
638,all,lgbm_process,106,False,0.2891654281179938,1.208434247108075
638,all,knn,106,False,0.19111659931944422,1.6256236561838495
638,unseen,lgbm,28,False,0.29775588396278047,2.7039277859013797
638,unseen,ridge,28,False,0.40613026819923376,2.7039277859013797
638,unseen,lgbm_process,28,False,0.38368910782703886,2.6424377574113525
638,unseen,knn,28,False,0.1686285308187322,-0.23958503461144076
639,all,lgbm,109,False,0.4200166805671393,1.6124311533620528
639,all,ridge,109,False,0.3769900843295339,1.7348576042320474
639,all,lgbm_process,109,False,0.31427651347622443,1.0150719500937129
639,all,knn,109,False,0.1900412657404897,1.2382910470518524
639,unseen,lgbm,28,False,0.5281882868089764,0.6324288445386053
639,unseen,ridge,28,False,0.5637657361795292,2.1452992149089756
639,unseen,lgbm_process,28,False,0.5588396278051451,1.5592212433162995
639,unseen,knn,28,False,0.18365950630455283,-1.8791544887947271
640,all,lgbm,96,False,0.3807379272924579,1.6212830246275765
640,all,ridge,96,False,0.30992946283233863,1.469468633408841
640,all,lgbm_process,96,False,0.3439772110689094,1.0112770839892686
640,all,knn,96,False,0.28220051813086705,1.3891314615106154
640,unseen,lgbm,27,False,0.2979242979242979,1.0738338293962393
640,unseen,ridge,27,False,0.3882783882783883,2.2027028770152874
640,unseen,lgbm_process,27,False,0.45726495726495725,1.9387917659041758
640,unseen,knn,27,False,0.32112332112332115,-0.9231545710921587
641,all,lgbm,95,False,0.42925531914893617,1.287712749491046
641,all,ridge,95,False,0.40552911534154534,1.3339131006596645
641,all,lgbm_process,95,False,0.38793393057110864,1.4761940050519016
641,all,knn,95,False,0.3236703328829225,0.9144468649803645
641,unseen,lgbm,23,False,0.5108695652173914,3.3342398128520596
641,unseen,ridge,23,False,0.4594861660079051,2.6729898128520606
641,unseen,lgbm_process,23,False,0.567193675889328,3.3978761764884258
641,unseen,knn,23,False,0.153694099082937,-1.6602876991096611
642,all,lgbm,104,False,0.41251466979622325,1.7508808364074167
642,all,ridge,104,False,0.41589672463458877,1.537138936314049
642,all,lgbm_process,104,False,0.28134001920409685,0.49165392840149735
642,all,knn,104,False,0.1662732053715042,1.715165232104935
642,unseen,lgbm,26,False,0.3524786324786324,-0.2378357063377834
642,unseen,ridge,26,False,0.5302564102564101,2.295867997365921
642,unseen,lgbm_process,26,False,0.2923076923076923,-1.2450857063377843
642,unseen,knn,26,False,0.2909899170585032,0.09701666645243101
643,all,lgbm,101,False,0.45463016889924285,1.1263098146774428
643,all,ridge,101,False,0.4420500873616773,1.441710473174469
643,all,lgbm_process,101,False,0.39290623179965056,1.8621587871946872
643,all,knn,101,False,0.35575035811580785,1.7661918200309454
643,unseen,lgbm,28,False,0.4811165845648605,0.25364847104617105
643,unseen,ridge,28,False,0.5593869731800766,2.5574937363834263
643,unseen,lgbm_process,28,False,0.451559934318555,1.5137437091414068
643,unseen,knn,28,False,0.1270015065951006,-1.225875338477639
644,all,lgbm,106,False,0.4243695997178628,1.6769510517272384
644,all,ridge,106,False,0.41117968612237704,2.2056548995951832
644,all,lgbm_process,106,False,0.3777927243701041,1.331379091806907
644,all,knn,106,False,0.29118611859556515,1.576252812554415
644,unseen,lgbm,29,False,0.22216748768472902,0.7425931776892991
644,unseen,ridge,29,False,0.34433497536945806,2.4645480926929917
644,unseen,lgbm_process,29,False,0.3374384236453201,0.26598748663238503
644,unseen,knn,29,False,0.1840128108550602,-0.22415285405673302
645,all,lgbm,107,False,0.4865690942220655,1.9304797181737907
645,all,ridge,107,False,0.43407002488293267,1.713811196711152
645,all,lgbm_process,107,False,0.3338876493663136,1.504466272984338
645,all,knn,107,False,0.3144495435902594,1.7932933935451612
645,unseen,lgbm,27,False,0.49389499389499386,4.492230275896942
645,unseen,ridge,27,False,0.43589743589743585,3.923341387008053
645,unseen,lgbm_process,27,False,0.35225885225885223,1.5841902326069004
645,unseen,knn,27,False,0.20210655097322944,-0.27846416854750444
646,all,lgbm,105,False,0.3823139125025917,0.940328757453651
646,all,ridge,105,False,0.4519800953763218,2.7182970673680824
646,all,lgbm_process,105,False,0.34765796096415996,0.7973320361030503
646,all,knn,105,False,0.2705495089710084,0.6822695255349132
646,unseen,lgbm,29,False,0.28866995073891616,0.6686529696937313
646,unseen,ridge,29,False,0.4650246305418719,0.6686529696937313
646,unseen,lgbm_process,29,False,0.5128078817733989,1.7960772121179733
646,unseen,knn,29,False,0.24433497536945803,-0.95791113287037
647,all,lgbm,91,False,0.4281414237935977,2.8732070655554978
647,all,ridge,91,False,0.5065456282847588,2.609990757392614
647,all,lgbm_process,91,False,0.33987896161809206,1.3898408316485948
647,all,knn,91,False,0.25731716352932715,0.8939982840071696
647,unseen,lgbm,22,False,0.4443817052512706,4.282380290562163
647,unseen,ridge,22,False,0.4748729531338228,4.282380290562163
647,unseen,lgbm_process,22,False,0.4195369847543761,2.0981097681741048
647,unseen,knn,22,False,0.026561185016604955,-2.66970304277117
648,all,lgbm,98,False,0.43110890091744286,2.5592291166884458
648,all,ridge,98,False,0.38888995148199856,2.0117706487674756
648,all,lgbm_process,98,False,0.37653531911558014,1.091933719369731
648,all,knn,98,False,0.35111491144984563,1.3584968137372577
648,unseen,lgbm,25,False,0.42153846153846153,1.6481328050414774
648,unseen,ridge,25,False,0.49846153846153846,1.6481328050414774
648,unseen,lgbm_process,25,False,0.5223076923076923,1.0840838919980023
648,unseen,knn,25,False,0.3501346930971546,-1.3255258829017844
649,all,lgbm,97,False,0.42623220279594265,0.26928788361897205
649,all,ridge,97,False,0.41611356023249857,1.1366307827021398
649,all,lgbm_process,97,False,0.4069614156916836,0.682009046555434
649,all,knn,97,False,0.2219219355019898,1.0367099427944115
649,unseen,lgbm,24,False,0.21043478260869564,-1.5474979074433381
649,unseen,ridge,24,False,0.20956521739130432,-0.3555509028350432
649,unseen,lgbm_process,24,False,0.3208695652173913,0.24298946983576464
649,unseen,knn,24,False,0.00391389441737678,-1.2305782645861978
650,all,lgbm,89,False,0.46018045624787207,2.076005714280255
650,all,ridge,89,False,0.39744637385086834,2.9687628533513504
650,all,lgbm_process,89,False,0.33251758817796984,2.073199254193101
650,all,knn,89,False,0.2439504044918788,0.5429368695094414
650,unseen,lgbm,20,False,0.1969924812030075,-0.16722657021341547
650,unseen,ridge,20,False,0.18345864661654135,3.766106763119918
650,unseen,lgbm_process,20,False,0.3142857142857143,3.766106763119918
650,unseen,knn,20,False,-0.30977443609022554,-3.618999297486141
651,all,lgbm,103,False,0.3392347230154198,0.13210212528242593
651,all,ridge,103,False,0.3250230637437948,0.3191764296686692
651,all,lgbm_process,103,False,0.2388415410973949,0.3630704078895395
651,all,knn,103,False,0.2381114532556399,1.240500242019106
651,unseen,lgbm,24,False,0.29304347826086957,-1.0947263083014214
651,unseen,ridge,24,False,0.20173913043478262,-1.0947263083014214
651,unseen,lgbm_process,24,False,0.21130434782608692,-1.0947263083014214
651,unseen,knn,24,False,0.0826086956521739,0.5869096363990387
652,all,lgbm,94,False,0.34585124444604987,1.1588880333850398
652,all,ridge,94,False,0.4076942527905213,1.812962236959244
652,all,lgbm_process,94,False,0.31227106888704265,1.404545223465913
652,all,knn,94,False,0.32463934087989804,1.4403462794432862
652,unseen,lgbm,23,False,0.1689723320158103,1.8728082731685998
652,unseen,ridge,23,False,0.34189723320158105,3.845405675766001
652,unseen,lgbm_process,23,False,0.26778656126482214,1.3777332731685998
652,unseen,knn,23,False,0.19525459627220826,-2.178612181376854
653,all,lgbm,106,False,0.4093457943925234,1.349247722522625
653,all,ridge,106,False,0.4244804393279089,1.5537195029227426
653,all,lgbm_process,106,False,0.34691286495201146,2.2757256054892157
653,all,knn,106,False,0.2723111385011313,1.8983937020825543
653,unseen,lgbm,26,False,0.5931623931623932,2.6490228944569107
653,unseen,ridge,26,False,0.6847863247863248,2.9756895611235787
653,unseen,lgbm_process,26,False,0.5295726495726496,3.5184663981514905
653,unseen,knn,26,False,0.4582763605898198,1.297911783345798
654,all,lgbm,97,False,0.4765805806858826,2.0066131263556723
654,all,ridge,97,False,0.43926204502419525,2.2926709745917027
654,all,lgbm_process,97,False,0.3852303808121186,1.2660672475429617
654,all,knn,97,False,0.2919966743313026,1.5518780285762848
654,unseen,lgbm,26,False,0.33196581196581193,0.53895121844001
654,unseen,ridge,26,False,0.3641025641025641,2.620617885106677
654,unseen,lgbm_process,26,False,0.4058119658119658,0.53895121844001
654,unseen,knn,26,False,0.11658119658119658,-2.0155731132224783
655,all,lgbm,103,False,0.44921583271097837,1.6996111008045673
655,all,ridge,103,False,0.4511378113605412,2.5306179530881288
655,all,lgbm_process,103,False,0.4487545578350832,2.4928089242781635
655,all,knn,103,False,0.3437884476261965,1.8149742354608165
655,unseen,lgbm,25,False,0.5253846153846153,3.051395554888243
655,unseen,ridge,25,False,0.61,3.4109410094336976
655,unseen,lgbm_process,25,False,0.67,3.7461647856574753
655,unseen,knn,25,False,0.313137147550516,1.7832705548882455
656,all,lgbm,101,False,0.4578101339545719,1.194826657337332
656,all,ridge,101,False,0.45064647641234706,1.9190036625618312
656,all,lgbm_process,101,False,0.36984965011703147,2.3109026802903596
656,all,knn,101,False,0.25413634307559746,0.8754450998654981
656,unseen,lgbm,27,False,0.41147741147741146,0.5258808902409857
656,unseen,ridge,27,False,0.478021978021978,2.5126369119970065
656,unseen,lgbm_process,27,False,0.5213675213675213,2.989766799798538
656,unseen,knn,27,False,0.21615020859372575,-0.9874524430923461
657,all,lgbm,107,False,0.4180822508277984,1.927193059242784
657,all,ridge,107,False,0.3808558161405984,1.7984381932970113
657,all,lgbm_process,107,False,0.34004472081432147,1.9437792239206484
657,all,knn,107,False,0.13645682647786114,1.442089657845452
657,unseen,lgbm,28,False,0.4428024083196497,3.319437313883535
657,unseen,ridge,28,False,0.48440065681444994,3.7601191320653538
657,unseen,lgbm_process,28,False,0.3946360153256705,3.3414649636531184
657,unseen,knn,28,False,0.020251778872468526,-0.48340555929267204
658,all,lgbm,99,False,0.372591218305504,1.4168360429391207
658,all,ridge,99,False,0.4204081632653061,1.6853808151259955
658,all,lgbm_process,99,False,0.30118738404452683,1.9396221866191503
658,all,knn,99,False,0.19501182988072474,1.4839862290979262
658,unseen,lgbm,23,False,0.15118577075098816,0.8794862670527319
658,unseen,ridge,23,False,0.43577075098814233,2.905832420898884
658,unseen,lgbm_process,23,False,0.23320158102766803,0.8794862670527319
658,unseen,knn,23,False,-0.08403362371208963,-1.9350372439190533
659,all,lgbm,95,False,0.4819568868980963,1.4387448872467932
659,all,ridge,95,False,0.42378219484882423,1.228381972884593
659,all,lgbm_process,95,False,0.36968085106382975,1.6279985763952194
659,all,knn,95,False,0.29832777067362554,1.1419845067867005
659,unseen,lgbm,23,False,0.4990118577075099,0.3945528665467357
659,unseen,ridge,23,False,0.3843873517786562,2.299511657755529
659,unseen,lgbm_process,23,False,0.5049407114624506,1.9512259434698134
659,unseen,knn,23,False,0.1680257031774874,0.16687429511816454
660,all,lgbm,110,False,0.4930189572391407,1.3552542112137758
660,all,ridge,110,False,0.43321236165272864,1.7459903744032221
660,all,lgbm_process,110,False,0.42096792372021724,1.4511815722268597
660,all,knn,110,False,0.3135735193503481,1.3734211741029014
660,unseen,lgbm,31,False,0.3762096774193549,0.1822930190046428
660,unseen,ridge,31,False,0.37177419354838714,2.5004596856713075
660,unseen,lgbm_process,31,False,0.5358870967741935,0.21976428337245757
660,unseen,knn,31,False,0.26131666631439976,-0.6296730704614468
661,all,lgbm,96,False,0.5321622354856212,2.627786888564893
661,all,ridge,96,False,0.5408979924036896,2.2498506696321243
661,all,lgbm_process,96,False,0.40255018990775915,1.8879503199663699
661,all,knn,96,False,0.28012317969995437,0.7316456707972652
661,unseen,lgbm,25,False,0.45153846153846156,4.64992661264456
661,unseen,ridge,25,False,0.52,3.02867661264456
661,unseen,lgbm_process,25,False,0.45384615384615384,2.8459266126445613
661,unseen,knn,25,False,0.17387959544574108,-1.965510887355439
662,all,lgbm,104,False,0.41037130687041007,2.470827247308483
662,all,ridge,104,False,0.3887346333488525,2.689177415561602
662,all,lgbm_process,104,False,0.31590823618013836,2.443946391485621
662,all,knn,104,False,0.1778873869001979,0.21488433407024843
662,unseen,lgbm,28,False,0.4433497536945813,4.593665439340741
662,unseen,ridge,28,False,0.5637657361795292,3.623189248864554
662,unseen,lgbm_process,28,False,0.40996168582375475,3.7915354061319437
662,unseen,knn,28,False,-0.021349391194866053,-2.588936758461454
663,all,lgbm,96,False,0.34789744981009224,1.0045566616465695
663,all,ridge,96,False,0.3815789473684211,2.0588131387447905
663,all,lgbm_process,96,False,0.21035746865784502,0.12291026197476818
663,all,knn,96,False,0.1743486441796177,1.8267456465734728
663,unseen,lgbm,23,False,0.1492094861660079,1.1960061881770194
663,unseen,ridge,23,False,0.3300395256916996,1.1960061881770194
663,unseen,lgbm_process,23,False,0.2727272727272727,-2.2371188118229792
663,unseen,knn,23,False,0.12011865036492811,-0.9359938118229785
664,all,lgbm,102,False,0.3307360433359155,0.9096604745768495
664,all,ridge,102,False,0.37392494246569147,0.8598188295552021
664,all,lgbm_process,102,False,0.2732978609111625,0.9593861959159291
664,all,knn,102,False,0.25019085933736634,1.5309687148597995
664,unseen,lgbm,25,False,-0.12076923076923077,-2.2316877561184523
664,unseen,ridge,25,False,0.09923076923076923,1.3990265295958313
664,unseen,lgbm_process,25,False,0.1392307692307692,0.6108265295958315
664,unseen,knn,25,False,0.06230769230769231,-1.6724417243724208
665,all,lgbm,95,False,0.44305711086226207,2.4269898933958025
665,all,ridge,95,False,0.4249160134378499,1.7686775721932388
665,all,lgbm_process,95,False,0.2817199108356795,1.1724047944382399
665,all,knn,95,False,0.235735112797757,2.060139973583304
665,unseen,lgbm,20,False,0.4842105263157894,4.235068901066848
665,unseen,ridge,20,False,0.4857142857142857,3.2931939010668483
665,unseen,lgbm_process,20,False,0.3398496240601503,2.05319390106685
665,unseen,knn,20,False,0.3639097744360902,2.052742814110326
666,all,lgbm,109,False,0.38864794736354374,1.323879764136187
666,all,ridge,109,False,0.3599481049022334,1.0847225298711791
666,all,lgbm_process,109,False,0.3168990753856048,2.2754565722439306
666,all,knn,109,False,0.25644364718977314,1.1184542840605705
666,unseen,lgbm,29,False,0.247783251231527,1.0322673866253087
666,unseen,ridge,29,False,0.22315270935960585,1.6439115307694525
666,unseen,lgbm_process,29,False,0.43201970443349746,4.030729949471063
666,unseen,knn,29,False,0.28455285416410175,-0.9577023103443878
667,all,lgbm,99,False,0.4156338899196042,2.6051844415080865
667,all,ridge,99,False,0.4061224489795918,2.2433377562648467
667,all,lgbm_process,99,False,0.3004576376004947,0.8370750297433798
667,all,knn,99,False,0.15202352776744332,0.9131867037767218
667,unseen,lgbm,26,False,0.362051282051282,2.834129262533791
667,unseen,ridge,26,False,0.3429059829059829,3.579240373644904
667,unseen,lgbm_process,26,False,0.3429059829059829,1.7931292625337925
667,unseen,knn,26,False,0.011282051282051281,0.4912721196766494
668,all,lgbm,98,False,0.45763122493608493,1.2291237369068515
668,all,ridge,98,False,0.5069015422476394,1.6316967953804067
668,all,lgbm_process,98,False,0.31476233435608786,1.3950963404124508
668,all,knn,98,False,0.3433410194908077,1.1668509806103824
668,unseen,lgbm,27,False,0.4188034188034188,-1.6536306851079434
668,unseen,ridge,27,False,0.5262515262515262,1.8920860981088392
668,unseen,lgbm_process,27,False,0.4255189255189255,1.1056624637721626
668,unseen,knn,27,False,0.40048840048840045,-1.130075129552388
669,all,lgbm,102,False,0.4348362034617224,1.7463110227705663
669,all,ridge,102,False,0.32234571007844387,1.5285891876018205
669,all,lgbm_process,102,False,0.2981444779642168,1.451346246502819
669,all,knn,102,False,0.17560021226281006,1.6142544341862468
669,unseen,lgbm,22,False,0.4455110107284021,3.658581849491089
669,unseen,ridge,22,False,0.2241671372106155,4.793581849491087
669,unseen,lgbm_process,22,False,0.33709768492377196,3.5809151828244232
669,unseen,knn,22,False,-0.13043478260869568,-1.7425223171755775
670,all,lgbm,94,False,0.3937073294079399,0.8811287426270908
670,all,ridge,94,False,0.3894303363074811,1.0870275622736507
670,all,lgbm_process,94,False,0.32836155171818376,2.3327605542968257
670,all,knn,94,False,0.29996387459414026,1.872631302637581
670,unseen,lgbm,19,False,0.5157894736842105,1.8797051649515364
670,unseen,ridge,19,False,0.5578947368421052,1.8797051649515364
670,unseen,lgbm_process,19,False,0.5754385964912281,3.442283781303738
670,unseen,knn,19,False,0.3298245614035088,-1.3117010850484636
671,all,lgbm,98,False,0.4466270106918118,1.2854013287706643
671,all,ridge,98,False,0.3789313288576911,0.9844525217925195
671,all,lgbm_process,98,False,0.30724454730345746,1.9365728100459059
671,all,knn,98,False,0.21584830173422492,0.7014550581584675
671,unseen,lgbm,22,False,0.37436476566911353,-2.35387995935338
671,unseen,ridge,22,False,0.25014116318464147,-0.08334424506766602
671,unseen,lgbm_process,22,False,0.30434782608695654,-2.35387995935338
671,unseen,knn,22,False,0.12199944005272335,-2.085430711233082
672,all,lgbm,92,False,0.37835796741827593,2.2085771143228
672,all,ridge,92,False,0.3586917990845059,1.8458773144694423
672,all,lgbm_process,92,False,0.33119615307553596,2.2155419772568976
672,all,knn,92,False,0.22133077597810252,1.0820364029178648
672,unseen,lgbm,16,False,0.15882352941176472,2.2008195109412796
672,unseen,ridge,16,False,0.1764705882352941,0.2760467836685532
672,unseen,lgbm_process,16,False,0.4794117647058824,2.271337659357471
672,unseen,knn,16,False,-0.07064019572463123,-1.025209900823425
673,all,lgbm,105,False,0.3816815260211487,2.1623337030314573
673,all,ridge,105,False,0.36810076715737094,2.072992781087793
673,all,lgbm_process,105,False,0.3198899022660087,1.1384039787932565
673,all,knn,105,False,0.2927542409999173,1.158797326703061
673,unseen,lgbm,27,False,0.4768009768009768,3.385894494483866
673,unseen,ridge,27,False,0.38583638583638585,3.6765611611505324
673,unseen,lgbm_process,27,False,0.49572649572649574,3.3190263626157357
673,unseen,knn,27,False,0.20207570207570208,-0.7866888388494662
674,all,lgbm,93,False,0.41126794186983373,0.6325515822249042
674,all,ridge,93,False,0.4772910387633911,0.7964309012083888
674,all,lgbm_process,93,False,0.36206902983238753,1.252643878073453
674,all,knn,93,False,0.32807434808860314,1.2892524099347789
674,unseen,lgbm,23,False,0.0800395256916996,-0.9800419676941434
674,unseen,ridge,23,False,0.28260869565217395,0.4759645258123495
674,unseen,lgbm_process,23,False,0.23221343873517786,1.272458032305856
674,unseen,knn,23,False,0.2649530724098826,-0.7122641899163646
675,all,lgbm,101,False,0.379231217239371,2.7802011110278837
675,all,ridge,101,False,0.3954222481071637,1.58245064278268
675,all,lgbm_process,101,False,0.33224228305183456,1.8840958608159095
675,all,knn,101,False,0.29113795190625796,1.6000609654188462
675,unseen,lgbm,24,False,0.5913043478260869,0.5845226497698928
675,unseen,ridge,24,False,0.5991304347826086,2.2738083640556095
675,unseen,lgbm_process,24,False,0.5139130434782608,1.8622499224971651
675,unseen,knn,24,False,0.40782608695652167,-1.5920228047755618
676,all,lgbm,99,False,0.3717748917748917,1.849159628924978
676,all,ridge,99,False,0.4119851576994434,0.8291235189848614
676,all,lgbm_process,99,False,0.26625850340136054,1.0152069979130047
676,all,knn,99,False,0.20070263753251905,0.9717436414705958
676,unseen,lgbm,24,False,0.41913043478260864,0.8965476192584649
676,unseen,ridge,24,False,0.5191304347826087,3.1837142859251326
676,unseen,lgbm_process,24,False,0.47478260869565214,0.8965476192584649
676,unseen,knn,24,False,0.2982608695652174,-0.6699079362970899
677,all,lgbm,90,False,0.3578960365477219,1.316363065983559
677,all,ridge,90,False,0.37009507346585996,1.87400485592927
677,all,lgbm_process,90,False,0.2641560686504506,0.5826414420754791
677,all,knn,90,False,0.2957590547166651,1.556856997067655
677,unseen,lgbm,20,False,0.09323308270676692,-0.30708702152732315
677,unseen,ridge,20,False,0.19097744360902258,1.0871175239272226
677,unseen,lgbm_process,20,False,-0.019548872180451125,-1.3720870215273244
677,unseen,knn,20,False,-0.09624060150375939,-0.9115870215273247
678,all,lgbm,108,False,0.4909638267264949,1.8545514869623982
678,all,ridge,108,False,0.47341545438090066,1.0333015022979382
678,all,lgbm_process,108,False,0.39872149990467176,1.8248375419747482
678,all,knn,108,False,0.27597328565076246,1.7454214869615399
678,unseen,lgbm,28,False,0.2851669403393541,0.33080817801142004
678,unseen,ridge,28,False,0.3305966064586754,2.686612803210785
678,unseen,lgbm_process,28,False,0.3305966064586754,1.7140809052841508
678,unseen,knn,28,False,0.08045977011494251,-0.9882791235758805
679,all,lgbm,105,False,0.32375161660801405,0.7747965022969243
679,all,ridge,105,False,0.32262679511510783,1.9407020572106966
679,all,lgbm_process,105,False,0.3031368005836445,1.0169792885350333
679,all,knn,105,False,0.10909109797352531,0.24936686346653048
679,unseen,lgbm,31,False,0.19435483870967743,-1.3917797566618972
679,unseen,ridge,31,False,0.3266129032258065,1.9076232736411338
679,unseen,lgbm_process,31,False,0.3048387096774194,-0.34484642332856374
679,unseen,knn,31,False,-0.06936183118221721,-2.0620621605325358
680,all,lgbm,100,False,0.4752115211521152,2.3945288217368823
680,all,ridge,100,False,0.37873387338733866,1.012309794090445
680,all,lgbm_process,100,False,0.38136328041959944,2.217631789459382
680,all,knn,100,False,0.20960782633607686,1.8883370313528047
680,unseen,lgbm,24,False,0.5052173913043477,3.623330273094279
680,unseen,ridge,24,False,0.47130434782608693,2.339676426940432
680,unseen,lgbm_process,24,False,0.6408695652173912,3.2630995038635078
680,unseen,knn,24,False,0.22869565217391302,0.053307284588530734
681,all,lgbm,105,False,0.46861911673232426,1.0939509942805863
681,all,ridge,105,False,0.45138917686087493,1.2562112194212993
681,all,lgbm_process,105,False,0.3696619574498146,1.8296584911924256
681,all,knn,105,False,0.2655265033823392,1.5772273896088986
681,unseen,lgbm,19,False,0.5017543859649122,1.0804888221801114
681,unseen,ridge,19,False,0.46491228070175433,1.928411899103187
681,unseen,lgbm_process,19,False,0.5280701754385965,2.7575028081940953
681,unseen,knn,19,False,-0.010526315789473684,-1.5532611778198895
682,all,lgbm,87,False,0.5212145512867244,1.4554303738355063
682,all,ridge,87,False,0.41616242618648386,2.5085210331761676
682,all,lgbm_process,87,False,0.3515892687905518,0.8881004812863171
682,all,knn,87,False,0.26937853371591575,1.9079798735073759
682,unseen,lgbm,21,False,0.3896103896103896,1.5565857651479753
682,unseen,ridge,21,False,0.251948051948052,0.20282508138729227
682,unseen,lgbm_process,21,False,0.33506493506493507,-2.175636457074246
682,unseen,knn,21,False,0.212987012987013,-0.8734826109204015
683,all,lgbm,99,False,0.41074829931972784,0.3679910169425842
683,all,ridge,99,False,0.4316759431045145,2.0467842836985604
683,all,lgbm_process,99,False,0.35375386518243657,1.25211643512106
683,all,knn,99,False,0.24693610747895808,0.772216242859038
683,unseen,lgbm,27,False,0.21428571428571427,-1.6978509563139177
683,unseen,ridge,27,False,0.115995115995116,0.8246490436860832
683,unseen,lgbm_process,27,False,0.24725274725274726,-0.35648466442679094
683,unseen,knn,27,False,0.1340253412043017,-1.6388165647795265
684,all,lgbm,101,False,0.5038555620267909,2.2461211488782826
684,all,ridge,101,False,0.5240768782760629,1.1175875692656003
684,all,lgbm_process,101,False,0.38893532013944804,1.4343523476443316
684,all,knn,101,False,0.3515391573541835,0.6466627267531102
684,unseen,lgbm,24,False,0.49304347826086947,1.3093775939478718
684,unseen,ridge,24,False,0.5060869565217391,1.3093775939478718
684,unseen,lgbm_process,24,False,0.48956521739130426,2.202753169984737
684,unseen,knn,24,False,0.21743857874315448,-1.1709557393854606
685,all,lgbm,101,False,0.3882585905649388,0.4574795642697538
685,all,ridge,101,False,0.2956901572510192,1.200210212529358
685,all,lgbm_process,101,False,0.3240069889341875,0.7486342972980555
685,all,knn,101,False,0.28826966119317116,1.563030327555202
685,unseen,lgbm,25,False,0.5084615384615384,0.2640380380035303
685,unseen,ridge,25,False,0.45461538461538464,3.509573752289242
685,unseen,lgbm_process,25,False,0.5376923076923077,0.851864124960052
685,unseen,knn,25,False,0.3616080082278686,0.4694130380035304
686,all,lgbm,97,False,0.47596254996844095,1.139233038641093
686,all,ridge,97,False,0.5202240690090468,2.1946507479010116
686,all,lgbm_process,97,False,0.4599989480328213,1.9867279670927278
686,all,knn,97,False,0.43476517229188355,2.493005433285603
686,unseen,lgbm,26,False,0.5357264957264957,2.345650037119725
686,unseen,ridge,26,False,0.5753846153846154,2.565120936590626
686,unseen,lgbm_process,26,False,0.8023931623931623,3.984753265966159
686,unseen,knn,26,False,0.4664842954063539,0.7183352223049102
687,all,lgbm,97,False,0.38833368398905954,1.321780287706627
687,all,ridge,97,False,0.33269776982958127,0.43623388779923467
687,all,lgbm_process,97,False,0.27019776982958127,0.48640693004093727
687,all,knn,97,False,0.24600948990627203,0.8786626609249613
687,unseen,lgbm,20,False,0.4631578947368421,-0.928534957676904
687,unseen,ridge,20,False,0.3954887218045112,0.6444161701426463
687,unseen,lgbm_process,20,False,0.3578947368421052,-0.928534957676904
687,unseen,knn,20,False,0.3218045112781954,-0.2021481573427355
688,all,lgbm,100,False,0.4682582305998591,1.7732713550610129
688,all,ridge,100,False,0.46611000933305896,1.9849446433683138
688,all,lgbm_process,100,False,0.4121836914712959,2.026400206393088
688,all,knn,100,False,0.32206655364104286,1.9844038496089489
688,unseen,lgbm,25,False,0.4438461538461538,1.2720644133291952
688,unseen,ridge,25,False,0.5169230769230769,1.2720644133291952
688,unseen,lgbm_process,25,False,0.5246153846153846,1.2720644133291952
688,unseen,knn,25,False,0.21123510605531637,-1.1999666425714253
689,all,lgbm,96,False,0.3604177970699946,1.6365630171506123
689,all,ridge,96,False,0.3752577319587629,0.9569928165096222
689,all,lgbm_process,96,False,0.2486435160065111,0.28291902371947764
689,all,knn,96,False,0.19198339621864616,1.3418402872299477
689,unseen,lgbm,23,False,0.18972332015810275,-2.1289977868282577
689,unseen,ridge,23,False,0.3231225296442688,0.038145070314598684
689,unseen,lgbm_process,23,False,0.1600790513833992,-2.1289977868282577
689,unseen,knn,23,False,0.14723320158102768,-0.2577333637513366
690,all,lgbm,104,False,0.39001386962552015,1.9475121099254196
690,all,ridge,104,False,0.43747999573242297,2.2205188834357
690,all,lgbm_process,104,False,0.35562881582548306,2.106471367721081
690,all,knn,104,False,0.3356095699471731,1.8781128653724135
690,unseen,lgbm,28,False,0.016420361247947456,0.08684853524187908
690,unseen,ridge,28,False,0.23590585659551178,2.257681868575215
690,unseen,lgbm_process,28,False,0.3185550082101806,-0.3153105556672102
690,unseen,knn,28,False,0.19898727434189256,0.37657380996715517
691,all,lgbm,104,False,0.4106369358796544,1.8439062474963954
691,all,ridge,104,False,0.3244958924570575,1.9831634358717452
691,all,lgbm_process,104,False,0.2898652775676521,1.1614671442500395
691,all,knn,104,False,0.2423029944398651,0.7285904751810115
691,unseen,lgbm,26,False,0.44068376068376064,2.1609906965099928
691,unseen,ridge,26,False,0.44,2.1609906965099928
691,unseen,lgbm_process,26,False,0.4694017094017094,2.1609906965099928
691,unseen,knn,26,False,0.26363481322221616,-0.9256731643205338
692,all,lgbm,101,False,0.41431566686080373,1.018496042232032
692,all,ridge,101,False,0.3973907979033197,1.9795745854095959
692,all,lgbm_process,101,False,0.34335468841001743,1.6046251756903924
692,all,knn,101,False,0.29293126625852123,1.3166384133204616
692,unseen,lgbm,21,False,0.41298701298701296,0.19208285399900227
692,unseen,ridge,21,False,0.34935064935064936,0.19208285399900227
692,unseen,lgbm_process,21,False,0.374025974025974,0.19208285399900227
692,unseen,knn,21,False,0.17792207792207793,0.0299399968561449
693,all,lgbm,98,False,0.4989193428074135,1.9053381360517694
693,all,ridge,98,False,0.489662031635522,2.0209884665421978
693,all,lgbm_process,98,False,0.3335830435118337,0.8274788636794597
693,all,knn,98,False,0.2844335363324977,1.545702360773852
693,unseen,lgbm,23,False,0.6254940711462451,2.5809474843499807
693,unseen,ridge,23,False,0.6778656126482214,2.9666817500842466
693,unseen,lgbm_process,23,False,0.5009881422924901,2.5809474843499807
693,unseen,knn,23,False,0.2114624505928854,1.95827432417682
694,all,lgbm,103,False,0.43736546149453065,1.210010857372021
694,all,ridge,103,False,0.44344989676228974,1.9520423734950647
694,all,lgbm_process,103,False,0.40177041690462595,1.0292938914066099
694,all,knn,103,False,0.3128755199077006,1.2669161278234107
694,unseen,lgbm,28,False,0.5774493705528188,3.137640234853988
694,unseen,ridge,28,False,0.5593869731800766,3.137640234853988
694,unseen,lgbm_process,28,False,0.5473453749315819,0.7664180126317657
694,unseen,knn,28,False,0.38242541810676767,-0.22583992387616902
695,all,lgbm,98,False,0.48287843722306156,2.1963283845024257
695,all,ridge,98,False,0.48064699169264696,2.5589703841678446
695,all,lgbm_process,98,False,0.3930723179618614,1.2625681671556404
695,all,knn,98,False,0.2526620514763334,0.7938834178295853
695,unseen,lgbm,26,False,0.40376068376068375,2.149730307438361
695,unseen,ridge,26,False,0.576068376068376,3.9536747518828044
695,unseen,lgbm_process,26,False,0.6054700854700855,2.262201571806175
695,unseen,knn,26,False,0.2502992001020263,-1.4402448909743395
696,all,lgbm,92,False,0.37018941787525234,1.9594195062531838
696,all,ridge,92,False,0.3599247876947737,1.4121621293998956
696,all,lgbm_process,92,False,0.29613303947104785,0.5632174139983128
696,all,knn,92,False,0.25670905782849096,1.7359708353793
696,unseen,lgbm,20,False,0.21804511278195485,1.8278848308815885
696,unseen,ridge,20,False,0.3578947368421052,1.8278848308815885
696,unseen,lgbm_process,20,False,0.27669172932330827,-1.7389901691184093
696,unseen,knn,20,False,0.37081612250037405,-0.29163302626126786
697,all,lgbm,98,False,0.5058049461584071,2.2347008741654957
697,all,ridge,98,False,0.428813699800445,2.3623440598985823
697,all,lgbm_process,98,False,0.3939393939393939,2.153391777817326
697,all,knn,98,False,0.3205118819990165,1.6357579301132326
697,unseen,lgbm,24,False,0.54,3.3343899048717116
697,unseen,ridge,24,False,0.5356521739130434,3.3343899048717116
697,unseen,lgbm_process,24,False,0.5643478260869564,3.1108277158169866
697,unseen,knn,24,False,0.21004566706588723,-1.0461525932805404
698,all,lgbm,100,False,0.44140414041404136,1.7973544026892458
698,all,ridge,100,False,0.3774617461746175,0.6820775454730921
698,all,lgbm_process,100,False,0.3725363712479151,1.4844983586328517
698,all,knn,100,False,0.26595492633391193,1.9946985942112274
698,unseen,lgbm,24,False,0.3356521739130434,1.0273745064014097
698,unseen,ridge,24,False,0.24434782608695652,1.0273745064014097
698,unseen,lgbm_process,24,False,0.4104347826086956,1.0273745064014097
698,unseen,knn,24,False,0.15565217391304348,-1.082006806729904
699,all,lgbm,105,False,0.4787684014099108,1.7770974503697428
699,all,ridge,105,False,0.3919966825627203,1.733889176034273
699,all,lgbm_process,105,False,0.43751814223512336,1.7122055870293735
699,all,knn,105,False,0.3413919776931665,1.6198836005751769
699,unseen,lgbm,28,False,0.5145046524356869,3.0552181751726923
699,unseen,ridge,28,False,0.5035577449370552,2.1247822777367915
699,unseen,lgbm_process,28,False,0.5752599890530925,2.30071206933823
699,unseen,knn,28,False,0.4450526933699,-0.4623651581606403
700,all,lgbm,103,False,0.43570706848833635,1.8463357773576075
700,all,ridge,103,False,0.4542349426701226,2.617739739030849
700,all,lgbm_process,103,False,0.366043579493037,1.7868409888660253
700,all,knn,103,False,0.2637776041549443,1.534653665930609
700,unseen,lgbm,27,False,0.35836385836385837,2.6753488290131706
700,unseen,ridge,27,False,0.568986568986569,3.158660794825135
700,unseen,lgbm_process,27,False,0.46092796092796096,2.4759183705827112
700,unseen,knn,27,False,0.1761563140657906,-0.9754289487646055
701,all,lgbm,96,False,0.44576776994031464,2.268222772095797
701,all,ridge,96,False,0.39651383613673363,1.4199978803209028
701,all,lgbm_process,96,False,0.33331524688008685,1.0977790864336328
701,all,knn,96,False,0.3019406761221384,1.4248317359168983
701,unseen,lgbm,22,False,0.5686053077357426,1.2887728581331483
701,unseen,ridge,22,False,0.48277809147374373,3.1868085724188635
701,unseen,lgbm_process,22,False,0.5426312817617166,1.2887728581331483
701,unseen,knn,22,False,0.3264614645855282,-1.504728464618175
702,all,lgbm,106,False,0.3681336121117465,1.5410550648923085
702,all,ridge,106,False,0.3547925535934705,2.1737938971755106
702,all,lgbm_process,106,False,0.28294904639998686,2.3665396276965858
702,all,knn,106,False,0.22165005694469248,0.8532599909497929
702,unseen,lgbm,31,False,0.37419354838709684,1.3519208430417233
702,unseen,ridge,31,False,0.3266129032258065,2.8037430652639443
702,unseen,lgbm_process,31,False,0.2887096774193549,3.519076398597278
702,unseen,knn,31,False,-0.035483870967741936,-1.8492256216047416
703,all,lgbm,94,False,0.36418740743416544,1.6026937313729928
703,all,ridge,94,False,0.39645269660080196,1.2188378788734173
703,all,lgbm_process,94,False,0.33567893653144526,2.053894834659296
703,all,knn,94,False,0.23011170855256138,1.65564062761994
703,unseen,lgbm,22,False,0.16657255787690575,1.1484480728181445
703,unseen,ridge,22,False,0.28176171654432525,1.5322792416493147
703,unseen,lgbm_process,22,False,0.3754940711462451,3.647582568459491
703,unseen,knn,22,False,-0.10279582448886876,-1.2297337453636725
704,all,lgbm,100,False,0.35362736273627365,1.0318273052389433
704,all,ridge,100,False,0.3198919891989198,1.4435298235179221
704,all,lgbm_process,100,False,0.273934215225401,1.638087363682219
704,all,knn,100,False,0.17716619384171453,1.197908000689491
704,unseen,lgbm,24,False,0.13217391304347825,-1.7753432095047543
704,unseen,ridge,24,False,0.17391304347826084,-0.27687516439197246
704,unseen,lgbm_process,24,False,0.15043478260869564,-0.27687516439197246
704,unseen,knn,24,False,-0.00782778883475356,-0.7396701325816775
705,all,lgbm,99,False,0.4551886209029066,0.7432500420440391
705,all,ridge,99,False,0.4561038961038961,2.4433446532765526
705,all,lgbm_process,99,False,0.30082962532495494,0.9162562880875225
705,all,knn,99,False,0.22628976524035585,0.8370622160917751
705,unseen,lgbm,25,False,0.21461538461538462,-1.1253812767413773
705,unseen,ridge,25,False,0.19538461538461538,0.19669461611576544
705,unseen,lgbm_process,25,False,0.2815384615384615,0.6509270254974293
705,unseen,knn,25,False,0.16461538461538464,-1.6010955624556633
706,all,lgbm,93,False,0.4112977828175822,1.5388047091548476
706,all,ridge,93,False,0.4075676643490197,0.9745457888837894
706,all,lgbm_process,93,False,0.35261687437532463,1.1973320152399634
706,all,knn,93,False,0.26034955710151997,1.0668438245941623
706,unseen,lgbm,24,False,0.2939130434782608,-1.5473730483676196
706,unseen,ridge,24,False,0.41739130434782606,0.5155541668222536
706,unseen,lgbm_process,24,False,0.24,0.8008950759131626
706,unseen,knn,24,False,0.25217391304347825,0.5664244199868111
707,all,lgbm,92,False,0.38831435044618773,1.9555911093473064
707,all,ridge,92,False,0.41004577470215614,1.9279017227128463
707,all,lgbm_process,92,False,0.3246702706059218,1.8526555919373031
707,all,knn,92,False,0.24412784051829048,1.0603217325259102
707,unseen,lgbm,23,False,0.28952569169960474,1.2826691169170452
707,unseen,ridge,23,False,0.35079051383399207,1.2826691169170452
707,unseen,lgbm_process,23,False,0.37154150197628455,0.7364115411594696
707,unseen,knn,23,False,0.06422924901185771,-1.390152149316723
708,all,lgbm,93,False,0.3496613052430545,1.3995609412723304
708,all,ridge,93,False,0.31837307152875177,1.4852775162064003
708,all,lgbm_process,93,False,0.3409477485004923,1.4557343383940253
708,all,knn,93,False,0.25367371594290455,1.7609404697196354
708,unseen,lgbm,23,False,0.43577075098814233,3.999788431983079
708,unseen,ridge,23,False,0.44169960474308306,3.154025274088342
708,unseen,lgbm_process,23,False,0.6057312252964426,3.687640704710356
708,unseen,knn,23,False,0.13738572200982793,-1.146753234683585
709,all,lgbm,99,False,0.4534075448361162,2.4567261226266393
709,all,ridge,99,False,0.3967223252937539,1.9619791343398063
709,all,lgbm_process,99,False,0.3841322947832055,1.782325769310269
709,all,knn,99,False,0.27003658445298384,2.1083494815364716
709,unseen,lgbm,22,False,0.4048560135516658,0.9280757766911112
709,unseen,ridge,22,False,0.4455110107284021,2.507752350117684
709,unseen,lgbm_process,22,False,0.46019198193111244,2.9854873928527255
709,unseen,knn,22,False,0.13495200451722192,0.34357577669111095
710,all,lgbm,101,False,0.483622597553873,1.1817548523186812
710,all,ridge,101,False,0.37146185206755966,1.4396630261665955
710,all,lgbm_process,101,False,0.39647058823529413,1.6638950385429947
710,all,knn,101,False,0.2571937861521868,0.3142013551530223
710,unseen,lgbm,24,False,0.46086956521739125,0.7117585441935734
710,unseen,ridge,24,False,0.41478260869565214,3.766758544193573
710,unseen,lgbm_process,24,False,0.5008695652173912,4.564680918622793
710,unseen,knn,24,False,0.20265275538861996,-2.328678955806426
711,all,lgbm,101,False,0.4160629004076878,0.8308352893601842
711,all,ridge,101,False,0.400442632498544,1.4420825004823943
711,all,lgbm_process,101,False,0.3722888759464182,1.3723581301392258
711,all,knn,101,False,0.32115053904605173,1.7728994678352201
711,unseen,lgbm,29,False,0.3975369458128078,1.1816889043642345
711,unseen,ridge,29,False,0.44039408866995067,2.814063904364234
711,unseen,lgbm_process,29,False,0.3980295566502462,0.41606390436423446
711,unseen,knn,29,False,0.305911330049261,-0.8582483250729975
712,all,lgbm,90,False,0.38364407128452066,1.8036969197044161
712,all,ridge,90,False,0.32916821006708646,1.08934083310311
712,all,lgbm_process,90,False,0.2996666255093221,0.9914238129458823
712,all,knn,90,False,0.1962731096535777,0.789559722890294
712,unseen,lgbm,24,False,0.3069565217391304,1.1985693189005548
712,unseen,ridge,24,False,0.3008695652173913,1.1985693189005548
712,unseen,lgbm_process,24,False,0.3539130434782608,1.1985693189005548
712,unseen,knn,24,False,0.12263535841113911,0.11913785881652039
713,all,lgbm,101,False,0.42509027373325564,2.44855196096875
713,all,ridge,101,False,0.36293535235876523,2.533727410415974
713,all,lgbm_process,101,False,0.2674898078043098,0.955054945381006
713,all,knn,101,False,0.26174277903611,2.250143236256797
713,unseen,lgbm,23,False,0.3142292490118577,1.8807647011542343
713,unseen,ridge,23,False,0.3359683794466403,0.7775260647905995
713,unseen,lgbm_process,23,False,0.19762845849802374,-1.5523602988457643
713,unseen,knn,23,False,0.18379446640316205,-0.5741176040405715
714,all,lgbm,107,False,0.4753815709555438,2.365536481802632
714,all,ridge,107,False,0.4028096161758655,1.8065733910905273
714,all,lgbm_process,107,False,0.3782019098198754,1.345340747903057
714,all,knn,107,False,0.19612415346705375,1.2610853526753818
714,unseen,lgbm,29,False,0.4985221674876846,2.6124847498972343
714,unseen,ridge,29,False,0.49458128078817726,3.188881146293628
714,unseen,lgbm_process,29,False,0.47832512315270925,2.776848537597978
714,unseen,knn,29,False,0.18278113206754307,-0.2609319167694313
715,all,lgbm,101,False,0.42863133372160744,2.0202557890372006
715,all,ridge,101,False,0.4515200931857891,1.0663965226493932
715,all,lgbm_process,101,False,0.3774257425742574,2.3470722883470714
715,all,knn,101,False,0.23856689891081984,1.6462366111889146
715,unseen,lgbm,25,False,0.4930769230769231,4.090557951362365
715,unseen,ridge,25,False,0.4761538461538461,3.7218912846956957
715,unseen,lgbm_process,25,False,0.5030769230769231,2.8042385069179208
715,unseen,knn,25,False,0.1904212383753138,-0.6786428062133947
716,all,lgbm,101,False,0.4272568433313919,1.9712816984275516
716,all,ridge,101,False,0.4386371578334304,0.8219254652915424
716,all,lgbm_process,101,False,0.321537565521258,2.2929665636667806
716,all,knn,101,False,0.23732594916965719,0.668628124728702
716,unseen,lgbm,26,False,0.5712820512820513,2.537905973436784
716,unseen,ridge,26,False,0.4461538461538461,0.10200728062632791
716,unseen,lgbm_process,26,False,0.4694017094017094,0.8255490710798821
716,unseen,knn,26,False,0.2075213675213675,-0.9239458784150685
717,all,lgbm,95,False,0.46241601343784994,2.294564937938606
717,all,ridge,95,False,0.4534434490481523,1.7669212543985005
717,all,lgbm_process,95,False,0.3618840985442329,1.041717055705666
717,all,knn,95,False,0.2783326932360966,1.6946741247227788
717,unseen,lgbm,22,False,0.4274421230942971,0.5669496330689601
717,unseen,ridge,22,False,0.3969508752117449,0.5669496330689601
717,unseen,lgbm_process,22,False,0.45567476002258617,0.5669496330689601
717,unseen,knn,22,False,0.31290597124633673,-0.3332487796294519
718,all,lgbm,93,False,0.488914087911432,0.8574862908342773
718,all,ridge,93,False,0.45441795231416543,2.128954173530774
718,all,lgbm_process,93,False,0.4471516815374056,1.3021995381879012
718,all,knn,93,False,0.38478096465181144,2.1381754746311046
718,unseen,lgbm,21,False,0.4688311688311688,0.4489409429393483
718,unseen,ridge,21,False,0.4207792207792207,1.6175683939197398
718,unseen,lgbm_process,21,False,0.33246753246753247,-0.597014939413592
718,unseen,knn,21,False,0.125974025974026,1.3977742762726812
719,all,lgbm,103,False,0.3870315863462637,1.3137771915521963
719,all,ridge,103,False,0.3501295962746563,1.6088841470488031
719,all,lgbm_process,103,False,0.28045040320582804,1.5395549783160867
719,all,knn,103,False,0.23681016694890267,1.0874957635224654
719,unseen,lgbm,27,False,0.26190476190476186,0.21726844980033277
719,unseen,ridge,27,False,0.40476190476190477,1.409638820170704
719,unseen,lgbm_process,27,False,0.3345543345543345,2.008838820170702
719,unseen,knn,27,False,0.23752099192926357,-1.8537672644853807
720,all,lgbm,98,False,0.4797289112458479,1.7383017708808222
720,all,ridge,98,False,0.5035990028626258,3.0406706629590694
720,all,lgbm_process,98,False,0.3699035377974994,1.4896332529951977
720,all,knn,98,False,0.2992052193147919,1.8186921113152401
720,unseen,lgbm,28,False,0.25396825396825395,1.9083028034092067
720,unseen,ridge,28,False,0.43021346469622335,1.03089895725536
720,unseen,lgbm_process,28,False,0.3579638752052545,1.5061437125001174
720,unseen,knn,28,False,0.10017791252975608,-1.169980926749524
721,all,lgbm,101,False,0.3911939429237042,1.6342292681627715
721,all,ridge,101,False,0.40065230052417,1.4995313815935223
721,all,lgbm_process,101,False,0.2552773886947012,0.908936710076734
721,all,knn,101,False,0.24850234106091845,2.339821342072444
721,unseen,lgbm,24,False,0.4495652173913043,1.5742188929521603
721,unseen,ridge,24,False,0.42,1.5742188929521603
721,unseen,lgbm_process,24,False,0.22434782608695653,-1.9184311070478373
721,unseen,knn,24,False,0.22874538483779852,2.8754093691426377
722,all,lgbm,99,False,0.4369202226345083,2.0211346882427215
722,all,ridge,99,False,0.4336672850958565,2.3324871103939913
722,all,lgbm_process,99,False,0.3171181199752628,2.0406233286733038
722,all,knn,99,False,0.3447819473785604,2.265500817096429
722,unseen,lgbm,19,False,0.431578947368421,4.3800499284754135
722,unseen,ridge,19,False,0.43684210526315786,4.3800499284754135
722,unseen,lgbm_process,19,False,0.4666666666666667,3.8807021023884563
722,unseen,knn,19,False,0.38964461846681836,-0.02438440123473029
723,all,lgbm,93,False,0.41586344782310286,1.9165385651784632
723,all,ridge,93,False,0.41910119065381507,1.8957847917258643
723,all,lgbm_process,93,False,0.3830249135568467,2.1522054911141595
723,all,knn,93,False,0.26073494013167947,1.5910868822889608
723,unseen,lgbm,19,False,0.29473684210526313,0.3733379765163214
723,unseen,ridge,19,False,0.5035087719298245,-0.38414101508031706
723,unseen,lgbm_process,19,False,0.5508771929824561,3.2072300454211806
723,unseen,knn,19,False,0.08688021898246627,-0.25816202348367767
724,all,lgbm,101,False,0.36175888177052995,1.0287705238830736
724,all,ridge,101,False,0.4376354105998834,1.1160956476699617
724,all,lgbm_process,101,False,0.305824111822947,1.4367982869591138
724,all,knn,101,False,0.2871771290805722,1.8961319412639224
724,unseen,lgbm,26,False,0.31145299145299143,0.12644007983028693
724,unseen,ridge,26,False,0.34769230769230763,1.5612734131636223
724,unseen,lgbm_process,26,False,0.3367521367521367,0.5616574711346356
724,unseen,knn,26,False,0.2031463867092186,1.345011508401715
725,all,lgbm,100,False,0.4557095709570957,1.457109264801474
725,all,ridge,100,False,0.4717671767176717,1.643295631084678
725,all,lgbm_process,100,False,0.3151995199519952,1.588289788858516
725,all,knn,100,False,0.2663786013992744,0.7068434396077468
725,unseen,lgbm,24,False,0.45826086956521733,1.7909646621044626
725,unseen,ridge,24,False,0.5460869565217391,3.6257146621044622
725,unseen,lgbm_process,24,False,0.3608695652173913,1.7909646621044626
725,unseen,knn,24,False,0.27652173913043476,-2.1629033032635014
726,all,lgbm,100,False,0.4195379537953795,2.0482701401493273
726,all,ridge,100,False,0.41272127212721266,2.2128418778892023
726,all,lgbm_process,100,False,0.3378217821782178,1.6311748443425476
726,all,knn,100,False,0.2435524681349253,0.8097354603768405
726,unseen,lgbm,22,False,0.3054771315640881,-2.700763770315797
726,unseen,ridge,22,False,0.383399209486166,0.5554862296842007
726,unseen,lgbm_process,22,False,0.33709768492377196,-2.700763770315797
726,unseen,knn,22,False,-0.04462016557483864,-0.6116566274586557
727,all,lgbm,100,False,0.3400300030003,1.5584477130791203
727,all,ridge,100,False,0.2717311731173117,0.950506059671298
727,all,lgbm_process,100,False,0.2486536113230853,0.6917691265417627
727,all,knn,100,False,0.13912177296362102,1.246418496578281
727,unseen,lgbm,27,False,0.5085470085470085,2.750919289229479
727,unseen,ridge,27,False,0.36080586080586086,2.0184833917935823
727,unseen,lgbm_process,27,False,0.38095238095238093,1.8531428533733365
727,unseen,knn,27,False,0.21129771977379988,-0.5729836898365441
728,all,lgbm,98,False,0.4196456464497701,2.580654311416044
728,all,ridge,98,False,0.35655311796696176,2.4670146031710747
728,all,lgbm_process,98,False,0.28548567566937216,0.7841881915410305
728,all,knn,98,False,0.2879231810839635,1.8131520918956312
728,unseen,lgbm,19,False,0.2421052631578947,0.5516078946361418
728,unseen,ridge,19,False,0.01754385964912281,0.7562669855452313
728,unseen,lgbm_process,19,False,0.2368421052631579,1.4679361593946396
728,unseen,knn,19,False,0.07543859649122807,-0.9428632592100126
729,all,lgbm,100,False,0.34741074107410735,1.18112805775921
729,all,ridge,100,False,0.3432943294329432,1.565701059659574
729,all,lgbm_process,100,False,0.2746234623462346,2.7709868140504597
729,all,knn,100,False,0.2073147686464664,0.663074236331985
729,unseen,lgbm,30,False,0.3236929922135706,-0.0480147904476631
729,unseen,ridge,30,False,0.3846496106785317,2.979094079206579
729,unseen,lgbm_process,30,False,0.3753058954393771,4.161983686354787
729,unseen,knn,30,False,0.1479586170018892,-1.4680147904476648
730,all,lgbm,104,False,0.3957750986877201,1.4104939768599607
730,all,ridge,104,False,0.3125040008535155,1.4943728605919215
730,all,lgbm_process,104,False,0.33679274723460045,1.2942508502289165
730,all,knn,104,False,0.2919257489217386,2.0338117257386834
730,unseen,lgbm,23,False,0.25592885375494073,-0.60578424488717
730,unseen,ridge,23,False,0.2806324110671937,1.7813848727598884
730,unseen,lgbm_process,23,False,0.33300395256917,-1.7854901272401111
730,unseen,knn,23,False,0.2125030951950576,0.8773255112103886
731,all,lgbm,108,False,0.44192936827764917,2.1367078903558614
731,all,ridge,108,False,0.42999228328903366,1.5996500899336823
731,all,lgbm_process,108,False,0.2704094391803166,0.5990895029380798
731,all,knn,108,False,0.1491364105359991,0.20322016796811226
731,unseen,lgbm,27,False,0.19536019536019533,1.7038353107727637
731,unseen,ridge,27,False,0.2588522588522589,3.748033360362969
731,unseen,lgbm_process,27,False,0.4126984126984126,2.3441047757726974
731,unseen,knn,27,False,-0.05770111500595221,-2.959021832084378
732,all,lgbm,97,False,0.44056385440774243,1.4534299831342121
732,all,ridge,97,False,0.4173022301704186,0.832967623729095
732,all,lgbm_process,97,False,0.33804965285083094,1.6213607151303844
732,all,knn,97,False,0.3496886544583332,1.8990791956797306
732,unseen,lgbm,19,False,0.6052631578947367,2.3336107395984023
732,unseen,ridge,19,False,0.531578947368421,2.3336107395984023
732,unseen,lgbm_process,19,False,0.5771929824561403,3.2019002132826095
732,unseen,knn,19,False,0.27543859649122804,-0.8377955104015982
733,all,lgbm,95,False,0.4065649496080627,2.166538530923196
733,all,ridge,95,False,0.3993840985442329,1.672944365737834
733,all,lgbm_process,95,False,0.31094624860022396,1.6742872128388964
733,all,knn,95,False,0.1992363198025515,1.518137203860345
733,unseen,lgbm,23,False,0.4634387351778656,1.1958877859215509
733,unseen,ridge,23,False,0.5543478260869565,3.4524433414771085
733,unseen,lgbm_process,23,False,0.3438735177865613,4.175193341477106
733,unseen,knn,23,False,0.1818181818181818,-0.7857132519294883
734,all,lgbm,99,False,0.43934446505875074,1.617886547472347
734,all,ridge,99,False,0.5023252937538651,2.4122971650573906
734,all,lgbm_process,99,False,0.35908472479901055,2.5243535840943476
734,all,knn,99,False,0.32150522663072323,1.7351472409766817
734,unseen,lgbm,28,False,0.38368910782703886,-0.02161971915933769
734,unseen,ridge,28,False,0.46305418719211827,2.418737423697804
734,unseen,lgbm_process,28,False,0.5057471264367817,1.937080280840659
734,unseen,knn,28,False,0.3714755135081487,-1.1908781732656202
735,all,lgbm,100,False,0.4772637263726372,1.5496946735341126
735,all,ridge,100,False,0.4034323432343234,1.6494084914147944
735,all,lgbm_process,100,False,0.3707890789078907,2.39140308799759
735,all,knn,100,False,0.2904877076957908,1.7847866381083133
735,unseen,lgbm,28,False,0.475095785440613,2.5566521734135463
735,unseen,ridge,28,False,0.47016967706622875,1.8248100681503896
735,unseen,lgbm_process,28,False,0.5500821018062397,4.4061589951798386
735,unseen,knn,28,False,0.3530860851458616,1.524227930989305
736,all,lgbm,92,False,0.4892036434813434,2.5820048776636977
736,all,ridge,92,False,0.4746235531649276,2.5832545372814355
736,all,lgbm_process,92,False,0.31880461754234546,1.3460797854321527
736,all,knn,92,False,0.2559221279573429,1.4421215818236917
736,unseen,lgbm,18,False,0.5583075335397317,5.17526304790151
736,unseen,ridge,18,False,0.6346749226006192,4.590263047901512
736,unseen,lgbm_process,18,False,0.5748194014447885,1.0023166193300845
736,unseen,knn,18,False,0.0629514963880289,-1.228651594042221
737,all,lgbm,104,False,0.34426544329456954,0.8083358852178968
737,all,ridge,104,False,0.29519897578150006,1.3437228452280081
737,all,lgbm_process,104,False,0.2839005654539635,1.4397213161686349
737,all,knn,104,False,0.17113788818178896,0.735183881001019
737,unseen,lgbm,26,False,0.07487179487179485,-0.5219270872761275
737,unseen,ridge,26,False,0.26427350427350427,1.9885992285133458
737,unseen,lgbm_process,26,False,0.19931623931623932,2.8119790129800855
737,unseen,knn,26,False,-0.19589743589743588,-2.1885937539427953
738,all,lgbm,93,False,0.3992569604010623,2.2992057053992667
738,all,ridge,93,False,0.3992569604010623,1.604391773325256
738,all,lgbm_process,93,False,0.35309433132027485,0.9162159135920138
738,all,knn,93,False,0.29948966101128055,1.901864833016969
738,unseen,lgbm,20,False,0.14736842105263157,1.5807111853760833
738,unseen,ridge,20,False,0.3744360902255639,2.9562994206702022
738,unseen,lgbm_process,20,False,0.5578947368421052,0.6268475490124477
738,unseen,knn,20,False,0.133132766090398,-0.8067888146239177
739,all,lgbm,96,False,0.3354991861096039,2.243432324263649
739,all,ridge,96,False,0.3801275094953879,1.2032092333591677
739,all,lgbm_process,96,False,0.3297341291372762,2.1359744123192943
739,all,knn,96,False,0.2555362259752149,1.9944142676127008
739,unseen,lgbm,25,False,0.2630769230769231,4.668968200033564
739,unseen,ridge,25,False,0.4338461538461538,4.668968200033564
739,unseen,lgbm_process,25,False,0.40923076923076923,2.5153001765147955
739,unseen,knn,25,False,0.14615384615384616,-0.4603175142521483
740,all,lgbm,109,False,0.44767502473251625,1.1505420867329068
740,all,ridge,109,False,0.43989074203329526,1.8201383305371568
740,all,lgbm_process,109,False,0.39673430806868604,1.373206143941088
740,all,knn,109,False,0.2351242966211042,1.375361319783524
740,unseen,lgbm,32,False,0.4574780058651026,0.41067300999681855
740,unseen,ridge,32,False,0.5362903225806451,1.8233714226952298
740,unseen,lgbm_process,32,False,0.5799120234604105,2.2596999251106915
740,unseen,knn,32,False,0.29034919011138693,-0.6056853859931568
741,all,lgbm,96,False,0.5205914270211611,1.7480636493587003
741,all,ridge,96,False,0.4798562126966902,3.357384845308344
741,all,lgbm_process,96,False,0.35037422129278145,0.5100684265623627
741,all,knn,96,False,0.3171432365916749,1.4923589448199426
741,unseen,lgbm,24,False,0.4539130434782608,3.2551031674956317
741,unseen,ridge,24,False,0.3913043478260869,4.243451381781346
741,unseen,lgbm_process,24,False,0.3391304347826086,2.13355058813055
741,unseen,knn,24,False,0.1060869565217391,0.49100594527340746
742,all,lgbm,98,False,0.42480984896301527,1.8497109701245265
742,all,ridge,98,False,0.3481373805379696,1.6300329481465017
742,all,lgbm_process,98,False,0.300499206242947,0.5375215138984917
742,all,knn,98,False,0.213144858023614,0.8510026416109362
742,unseen,lgbm,25,False,0.24384615384615385,0.9081590144060723
742,unseen,ridge,25,False,0.30230769230769233,3.0253018715489315
742,unseen,lgbm_process,25,False,0.2553846153846154,0.9081590144060723
742,unseen,knn,25,False,0.18157338285484464,-1.8618299965829372
743,all,lgbm,107,False,0.41876902655209586,1.652169630493935
743,all,ridge,107,False,0.41821552689129643,1.9238304136738407
743,all,lgbm_process,107,False,0.3002417275076294,0.8793460708283956
743,all,knn,107,False,0.2522387268777441,0.8504031010132405
743,unseen,lgbm,30,False,0.38954393770856505,0.9278997337954404
743,unseen,ridge,30,False,0.38776418242491656,3.0350425909382963
743,unseen,lgbm_process,30,False,0.3236929922135706,-0.13770810934181377
743,unseen,knn,30,False,0.1666666707928891,-1.8844579289666346
744,all,lgbm,100,False,0.4008520852085208,1.3678415722283344
744,all,ridge,100,False,0.3538073807380738,1.2290043135616688
744,all,lgbm_process,100,False,0.22825751052461127,1.3079194170512292
744,all,knn,100,False,0.1348181105603497,1.163568627261311
744,unseen,lgbm,22,False,0.4387351778656127,2.283162184824535
744,unseen,ridge,22,False,0.24223602484472054,1.7768160309783827
744,unseen,lgbm_process,22,False,0.31451157538114066,1.2676621848245357
744,unseen,knn,22,False,-0.003952569169960475,0.5856621848245354
745,all,lgbm,99,False,0.42624613481756335,1.4164070460440126
745,all,ridge,99,False,0.3818676561533704,1.0392532992939358
745,all,lgbm_process,99,False,0.36095238095238097,1.5149263968621103
745,all,knn,99,False,0.24810507239601565,1.489140425522974
745,unseen,lgbm,25,False,0.20384615384615384,-0.9521060803803323
745,unseen,ridge,25,False,0.3246153846153846,1.4252225248206134
745,unseen,lgbm_process,25,False,0.27307692307692305,0.76480030259839
745,unseen,knn,25,False,0.20965570689807275,-1.387532006306257
746,all,lgbm,108,False,0.38322226615592936,2.455121117624527
746,all,ridge,108,False,0.4084207818731345,2.0618803543436073
746,all,lgbm_process,108,False,0.32137472759192287,1.8850324417780655
746,all,knn,108,False,0.17771664144102273,1.694349752773185
746,unseen,lgbm,29,False,0.4182266009852216,4.561877238124188
746,unseen,ridge,29,False,0.4596059113300492,2.555868466194367
746,unseen,lgbm_process,29,False,0.4837438423645319,2.046155854024571
746,unseen,knn,29,False,-0.025129342965141452,-1.666999861787394
747,all,lgbm,96,False,0.37508138903960936,1.7982147829507102
747,all,ridge,96,False,0.3009631036353771,0.13960973008008715
747,all,lgbm_process,96,False,0.3935105585703534,2.3369166332063163
747,all,knn,96,False,0.29229678860460817,1.4547257860288596
747,unseen,lgbm,22,False,0.050254093732354614,-0.7715136129010922
747,unseen,ridge,22,False,0.15866741953698477,-0.7715136129010922
747,unseen,lgbm_process,22,False,0.461321287408244,1.0842058770806915
747,unseen,knn,22,False,0.23778594565831732,-0.44193233211291627
748,all,lgbm,97,False,0.447967073427309,2.378727906751701
748,all,ridge,97,False,0.4061250788975384,2.318723984398165
748,all,lgbm_process,97,False,0.31807542604670735,1.2889424954649318
748,all,knn,97,False,0.22551288920177337,1.1944377391851653
748,unseen,lgbm,22,False,0.461321287408244,3.8714009382032124
748,unseen,ridge,22,False,0.4195369847543761,2.487512049314322
748,unseen,lgbm_process,22,False,0.3190287972896669,0.1391787159809894
748,unseen,knn,22,False,0.11801242236024848,-2.10844628401901
749,all,lgbm,107,False,0.4594133897607712,2.395180852318248
749,all,ridge,107,False,0.4735888242324497,1.78465209274413
749,all,lgbm_process,107,False,0.3096455651560572,0.2366411493163625
749,all,knn,107,False,0.3040082302102845,1.2784658540418192
749,unseen,lgbm,25,False,0.6138461538461538,1.2844135498910756
749,unseen,ridge,25,False,0.643076923076923,3.6222706927482182
749,unseen,lgbm_process,25,False,0.5953846153846154,1.2844135498910756
749,unseen,knn,25,False,0.42546644372342834,0.48054096301848936
750,all,lgbm,87,False,0.4512466282714879,2.0638815027622552
750,all,ridge,87,False,0.4381059998541955,2.1495084022625424
750,all,lgbm_process,87,False,0.41986221476999336,1.3553827592711851
750,all,knn,87,False,0.30261851091013214,2.247532276697868
750,unseen,lgbm,16,False,0.5764705882352941,4.422264725893015
750,unseen,ridge,16,False,0.4941176470588235,2.8785015679982813
750,unseen,lgbm_process,16,False,0.6352941176470589,2.6282344228627146
750,unseen,knn,16,False,0.16764705882352943,1.3637647258930166
751,all,lgbm,93,False,0.4051654680552654,1.9664116414653847
751,all,ridge,93,False,0.36013547790277806,2.1569923108052773
751,all,lgbm_process,93,False,0.292694935991167,0.8023747003679738
751,all,knn,93,False,0.1027494880684893,0.2428645364895594
751,unseen,lgbm,23,False,0.12154150197628459,1.0224420139551036
751,unseen,ridge,23,False,0.34584980237154156,4.69936509087818
751,unseen,lgbm_process,23,False,0.2440711462450593,0.8288266293397193
751,unseen,knn,23,False,-0.21047430830039524,-2.632287715774625
752,all,lgbm,94,False,0.33869884044359355,1.3779501554659355
752,all,ridge,94,False,0.34062059747859696,1.8348951390098414
752,all,lgbm_process,94,False,0.27708702091536325,1.6889522847384075
752,all,knn,94,False,0.2568587940487936,1.3570378994883168
752,unseen,lgbm,20,False,0.4240601503759398,2.280552809971839
752,unseen,ridge,20,False,0.3804511278195489,3.1675922836560506
752,unseen,lgbm_process,20,False,0.4466165413533834,4.20814228365605
752,unseen,knn,20,False,0.21052631578947367,-0.0737183499027676
753,all,lgbm,94,False,0.4003121060319657,2.1800949020626614
753,all,ridge,94,False,0.358387307690478,1.4776071410958558
753,all,lgbm_process,94,False,0.27101206882403756,0.7019490424192849
753,all,knn,94,False,0.235239714634261,1.4544446562670839
753,unseen,lgbm,22,False,0.21852060982495766,2.3153965063454898
753,unseen,ridge,22,False,0.2648221343873518,3.7973846015835857
753,unseen,lgbm_process,22,False,0.3811405985319029,0.06490559725458134
753,unseen,knn,22,False,0.23496188454598574,-0.6852342628852792
754,all,lgbm,100,False,0.47756375637563747,3.5962523584624666
754,all,ridge,100,False,0.4288868886888689,2.466524490252654
754,all,lgbm_process,100,False,0.34768676867686765,2.101268654644814
754,all,knn,100,False,0.24123941727894094,1.3084805629381364
754,unseen,lgbm,26,False,0.5439316239316239,3.8096127904580435
754,unseen,ridge,26,False,0.545982905982906,3.5675152864440314
754,unseen,lgbm_process,26,False,0.4947008547008547,3.5889620120918124
754,unseen,knn,26,False,0.15595076151414763,-0.23887205802680356
755,all,lgbm,107,False,0.4126060463567076,1.981835471201581
755,all,ridge,107,False,0.42530221987107897,1.7673513159195817
755,all,lgbm_process,107,False,0.32982621132859186,0.30341959896888504
755,all,knn,107,False,0.2169279647289235,1.3338751637272566
755,unseen,lgbm,31,False,0.3641129032258065,0.05812655951717893
755,unseen,ridge,31,False,0.5616935483870968,1.0734360833267047
755,unseen,lgbm_process,31,False,0.5274193548387097,-0.2583221584315396
755,unseen,knn,31,False,0.36193164817465084,0.17280513094575234
756,all,lgbm,104,False,0.4616344820228316,1.4432322063752814
756,all,ridge,104,False,0.37330630534514037,2.1003346171059967
756,all,lgbm_process,104,False,0.271641950282727,1.232947866991461
756,all,knn,104,False,0.269501012686988,1.0636720842509675
756,unseen,lgbm,23,False,0.3596837944664032,3.2322810171806946
756,unseen,ridge,23,False,0.23715415019762848,3.2322810171806946
756,unseen,lgbm_process,23,False,0.18577075098814227,1.9218964017960811
756,unseen,knn,23,False,0.09683794466403163,-0.92887333772366
757,all,lgbm,100,False,0.4927932793279327,1.829613705782375
757,all,ridge,100,False,0.4784638463846384,2.6884998058683536
757,all,lgbm_process,100,False,0.37912991299129906,1.1369679792891887
757,all,knn,100,False,0.30836811494562016,1.7050699066009525
757,unseen,lgbm,21,False,0.6545454545454545,3.935349314016621
757,unseen,ridge,21,False,0.5246753246753247,2.607224314016621
757,unseen,lgbm_process,21,False,0.5532467532467533,2.4741885997309065
757,unseen,knn,21,False,0.2722547683247894,-1.2773649716976632
758,all,lgbm,97,False,0.4505706921944035,2.1015687099255995
758,all,ridge,97,False,0.3946060382916053,2.0712593166388356
758,all,lgbm_process,97,False,0.3499631811487481,1.411324722008997
758,all,knn,97,False,0.25344055641206475,0.8735269430740473
758,unseen,lgbm,24,False,0.58,5.16535906387662
758,unseen,ridge,24,False,0.39999999999999997,3.431381791149347
758,unseen,lgbm_process,24,False,0.3530434782608695,5.16535906387662
758,unseen,knn,24,False,0.07610350256010406,-2.6385601731363675
759,all,lgbm,99,False,0.3827952999381571,2.077786554651439
759,all,ridge,99,False,0.31674706246134815,1.4108431262864691
759,all,lgbm_process,99,False,0.2727643784786642,0.8450597656187195
759,all,knn,99,False,0.24154801742692028,1.2615894400604155
759,unseen,lgbm,20,False,0.38195488721804516,1.3542622635790345
759,unseen,ridge,20,False,0.4270676691729323,2.960319346031465
759,unseen,lgbm_process,20,False,0.4120300751879699,0.2566072248193443
759,unseen,knn,20,False,0.3483823409099863,-0.73221142063149
760,all,lgbm,92,False,0.31177658246381945,0.15742700463539272
760,all,ridge,92,False,0.36108071451689966,1.8384036219162265
760,all,lgbm_process,92,False,0.28961361219425735,0.25475094487700467
760,all,knn,92,False,0.2208152553079116,0.39714283068463274
760,unseen,lgbm,25,False,-0.07846153846153846,-2.989738225398586
760,unseen,ridge,25,False,0.12,1.3460409953806334
760,unseen,lgbm_process,25,False,0.07769230769230769,-0.7711018617622223
760,unseen,knn,25,False,-0.037699558304607576,-2.163900313310677
761,all,lgbm,95,False,0.44654255319148933,1.6917701327343764
761,all,ridge,95,False,0.3618281075027996,1.6211125015980237
761,all,lgbm_process,95,False,0.3229703247480403,0.4585675072952
761,all,knn,95,False,0.29971546818889244,1.916448070138781
761,unseen,lgbm,23,False,0.608695652173913,-1.1519027679682186
761,unseen,ridge,23,False,0.6571146245059288,0.9643060232405727
761,unseen,lgbm_process,23,False,0.49604743083003955,-1.1519027679682186
761,unseen,knn,23,False,0.5653570718677812,-0.47751204094162425
762,all,lgbm,100,False,0.44204020402040195,1.2668140445781422
762,all,ridge,100,False,0.4323912391239123,1.8328557081777
762,all,lgbm_process,100,False,0.3596879687968797,1.0847313551377162
762,all,knn,100,False,0.3080071431625859,1.427894799932064
762,unseen,lgbm,24,False,0.3521739130434782,-1.2835795497779205
762,unseen,ridge,24,False,0.46086956521739125,2.1064204502220782
762,unseen,lgbm_process,24,False,0.47478260869565214,1.719246537178602
762,unseen,knn,24,False,0.3347826086956522,-1.3113295497779216
763,all,lgbm,102,False,0.37210420071133327,0.6617931177763889
763,all,ridge,102,False,0.39120502569960025,1.2363888137470873
763,all,lgbm_process,102,False,0.17420363527455746,0.44168395675239935
763,all,knn,102,False,0.1531927893497851,0.20212095689741005
763,unseen,lgbm,22,False,0.4048560135516658,-1.4406586463538176
763,unseen,ridge,22,False,0.3890457368718239,0.7739246869795142
763,unseen,lgbm_process,22,False,0.2659514398644834,-1.4406586463538176
763,unseen,knn,22,False,0.14624505928853757,0.21508540126522746
764,all,lgbm,100,False,0.36062406240624056,1.507431815475341
764,all,ridge,100,False,0.3585958595859586,1.1206671879109784
764,all,lgbm_process,100,False,0.3328292829282928,2.0450774422296796
764,all,knn,100,False,0.2047301280486789,1.266846602715244
764,unseen,lgbm,24,False,0.4539130434782608,2.200430167790392
764,unseen,ridge,24,False,0.5330434782608695,3.3990381223358472
764,unseen,lgbm_process,24,False,0.5808695652173912,3.540667713080248
764,unseen,knn,24,False,0.29484671277571745,-0.6397364988762728
765,all,lgbm,89,False,0.37223357167177396,1.3109640484328597
765,all,ridge,89,False,0.37385086823289077,0.7258881937320059
765,all,lgbm_process,89,False,0.2674497786857338,1.3660649296406984
765,all,knn,89,False,0.30302437284260814,2.502009204408571
765,unseen,lgbm,17,False,0.49019607843137264,2.58880607205794
765,unseen,ridge,17,False,0.4264705882352942,0.6973958156476829
765,unseen,lgbm_process,17,False,0.6421568627450981,4.65320466731694
765,unseen,knn,17,False,0.39730234322328245,0.8023477387246079
766,all,lgbm,95,False,0.4276455767077268,1.1657652043850302
766,all,ridge,95,False,0.49050951847704366,1.1339205687574996
766,all,lgbm_process,95,False,0.4305991041433371,2.056059695961885
766,all,knn,95,False,0.3522716947115452,1.992777982966384
766,unseen,lgbm,25,False,0.46153846153846156,1.3315716622325215
766,unseen,ridge,25,False,0.6053846153846154,1.3315716622325215
766,unseen,lgbm_process,25,False,0.4669230769230769,0.935704995565855
766,unseen,knn,25,False,0.31769230769230766,-0.5810845912854337
767,all,lgbm,105,False,0.3893842007049554,1.4142061032313737
767,all,ridge,105,False,0.38286336305204227,1.8571173549413604
767,all,lgbm_process,105,False,0.35223927016379847,1.9764453725906552
767,all,knn,105,False,0.27389299646218995,1.8065066893930908
767,unseen,lgbm,26,False,0.1938461538461538,0.8570038040841226
767,unseen,ridge,26,False,0.3654700854700854,2.4482292942802033
767,unseen,lgbm_process,26,False,0.41948717948717945,-0.0851006506009746
767,unseen,knn,26,False,0.19835842473290707,-1.090933983934308
768,all,lgbm,97,False,0.39205501788344194,1.3138940936820056
768,all,ridge,97,False,0.40720334525562796,1.450995401220462
768,all,lgbm_process,97,False,0.27077635177782455,1.1230144245418696
768,all,knn,97,False,0.1256513870210609,1.0759043024014225
768,unseen,lgbm,20,False,0.03909774436090225,-1.0815626061030468
768,unseen,ridge,20,False,0.30075187969924805,0.7910564415160017
768,unseen,lgbm_process,20,False,-0.0015037593984962405,2.488439017273576
768,unseen,knn,20,False,-0.2158706433217188,-1.0815626061030468
769,all,lgbm,88,False,0.44861245030748254,1.5272050874884204
769,all,ridge,88,False,0.3774540235235394,1.9743966658198033
769,all,lgbm_process,88,False,0.3382953149592287,0.7058963892636978
769,all,knn,88,False,0.20718566811900163,0.27052882185168414
769,unseen,lgbm,11,False,0.38181818181818183,2.4344095536074146
769,unseen,ridge,11,False,0.3545454545454546,2.4344095536074146
769,unseen,lgbm_process,11,False,0.3181818181818182,2.4344095536074146
769,unseen,knn,11,False,0.29090909090909095,-3.34530473210687
770,all,lgbm,103,False,0.3336884417695383,1.7879835154664487
770,all,ridge,103,False,0.3048038483503932,0.76285120263036
770,all,lgbm_process,103,False,0.2868910073364671,0.9194694152827889
770,all,knn,103,False,0.20063706619925076,0.9608570301620869
770,unseen,lgbm,30,False,0.2462736373748609,0.568572186755377
770,unseen,ridge,30,False,0.2912124582869855,1.7863817105648998
770,unseen,lgbm_process,30,False,0.20444938820912126,-0.6370944799112888
770,unseen,knn,30,False,0.15685838343809308,-2.0920908169076267
771,all,lgbm,99,False,0.3616697588126159,1.5361372763625276
771,all,ridge,99,False,0.2886703772418058,0.46569392996766545
771,all,lgbm_process,99,False,0.256338899196042,0.5031609196354516
771,all,knn,99,False,0.20408213911709502,1.6873169673105028
771,unseen,lgbm,24,False,0.25565217391304346,1.4353868103199403
771,unseen,ridge,24,False,0.16869565217391302,0.5758914687050343
771,unseen,lgbm_process,24,False,0.2478260869565217,0.5758914687050343
771,unseen,knn,24,False,0.273102854901402,-1.3460009074373431
772,all,lgbm,92,False,0.4073486121171956,1.6060052924338422
772,all,ridge,92,False,0.35762834640815006,1.715089522070759
772,all,lgbm_process,92,False,0.25066658446742596,1.6552083512577518
772,all,knn,92,False,0.17523604221982703,1.3536204263978568
772,unseen,lgbm,24,False,0.4495652173913043,1.0926873802988943
772,unseen,ridge,24,False,0.3556521739130434,3.3568237439352586
772,unseen,lgbm_process,24,False,0.3565217391304348,1.0926873802988943
772,unseen,knn,24,False,0.20526201833353783,0.5144373802988937
773,all,lgbm,117,False,0.48992941599604367,1.2603096832421095
773,all,ridge,117,False,0.45144539855235355,1.142249621471521
773,all,lgbm_process,117,False,0.3745822655816811,1.6171138646663046
773,all,knn,117,False,0.3791467786603769,1.972937792197424
773,unseen,lgbm,32,False,0.34640762463343105,0.2684152099151458
773,unseen,ridge,32,False,0.3346774193548387,1.0164960179959532
773,unseen,lgbm_process,32,False,0.2628299120234604,1.2422535937535297
773,unseen,knn,32,False,0.2722273189646364,-0.8873982821483484
774,all,lgbm,100,False,0.491065106510651,1.9265192986851911
774,all,ridge,100,False,0.44590459045904585,1.2304643185036266
774,all,lgbm_process,100,False,0.3201560156015601,1.3972379678448306
774,all,knn,100,False,0.28677909346582625,1.9368476783430228
774,unseen,lgbm,27,False,0.47741147741147744,0.5814449915521553
774,unseen,ridge,27,False,0.49572649572649574,2.223869233976398
774,unseen,lgbm_process,27,False,0.231990231990232,0.5814449915521553
774,unseen,knn,27,False,0.3803418803418803,1.636742200090744
775,all,lgbm,104,False,0.4563426864397739,2.3672956050360323
775,all,ridge,104,False,0.4412674703936841,1.0020123638705947
775,all,lgbm_process,104,False,0.3787581350688148,1.9949296968665475
775,all,knn,104,False,0.30412120986169955,1.8739638279719806
775,unseen,lgbm,26,False,0.4782905982905982,1.750084665041829
775,unseen,ridge,26,False,0.561025641025641,2.826951268487379
775,unseen,lgbm_process,26,False,0.4133333333333333,1.9629892801832867
775,unseen,knn,26,False,0.21678919790257464,-0.20352644606928294
776,all,lgbm,98,False,0.4869205414124412,1.2584706495903255
776,all,ridge,98,False,0.46493761515852816,1.2421396110210523
776,all,lgbm_process,98,False,0.3716631919871978,1.0638973016649782
776,all,knn,98,False,0.36701980304663884,1.8017739596434446
776,unseen,lgbm,22,False,0.4703557312252965,1.5771664378035322
776,unseen,ridge,22,False,0.5268210050818747,3.7032775489146434
776,unseen,lgbm_process,22,False,0.2806324110671937,1.5771664378035322
776,unseen,knn,22,False,0.3709768492377189,2.124944215581312
777,all,lgbm,93,False,0.489809316343887,2.058571038784553
777,all,ridge,93,False,0.44158634478231024,2.026564116269009
777,all,lgbm_process,93,False,0.3729074035391364,0.6090002273393225
777,all,knn,93,False,0.3194332550292963,1.5364834879307594
777,unseen,lgbm,21,False,0.7415584415584415,1.558770307409862
777,unseen,ridge,21,False,0.6038961038961038,4.066448878838434
777,unseen,lgbm_process,21,False,0.5896103896103897,0.09760959312414919
777,unseen,knn,21,False,0.5131536483699972,2.374395307409861
778,all,lgbm,99,False,0.3715398886827458,1.5267000365427155
778,all,ridge,99,False,0.37788497217068645,2.0234521372874994
778,all,lgbm_process,99,False,0.3345330859616574,0.6161457990637373
778,all,knn,99,False,0.1590477556271934,1.083356396102472
778,unseen,lgbm,26,False,0.3381196581196581,1.4564139510015615
778,unseen,ridge,26,False,0.5056410256410256,2.8477270823146945
778,unseen,lgbm_process,26,False,0.388034188034188,1.730993127166247
778,unseen,knn,26,False,-0.036929390178987484,-1.2415347669471544
779,all,lgbm,97,False,0.2885019987376394,0.3516207478026452
779,all,ridge,97,False,0.2594940037870818,0.11538211143900945
779,all,lgbm_process,97,False,0.3021512728802861,1.8488219369017003
779,all,knn,97,False,0.14338178600411589,0.1572001285266147
779,unseen,lgbm,23,False,-0.14624505928853757,-1.1638766216285887
779,unseen,ridge,23,False,0.001976284584980237,-0.8205034158869626
779,unseen,lgbm_process,23,False,0.2124505928853755,0.9686863074331971
779,unseen,knn,23,False,0.0,-1.4060988438508115
780,all,lgbm,97,False,0.4912308385218742,1.9657234037696565
780,all,ridge,97,False,0.4214588860311211,1.2281295148807665
780,all,lgbm_process,97,False,0.3977106489036616,1.570516757468713
780,all,knn,97,False,0.318392978571229,1.0624055207495111
780,unseen,lgbm,20,False,0.44060150375939844,1.749940429662427
780,unseen,ridge,20,False,0.44060150375939844,1.749940429662427
780,unseen,lgbm_process,20,False,0.6210526315789473,4.558221062073496
780,unseen,knn,20,False,0.4355020992448613,-1.6819973325753352
781,all,lgbm,99,False,0.32410636982065555,0.8333810523634835
781,all,ridge,99,False,0.3239703153988868,0.7058879319763989
781,all,lgbm_process,99,False,0.2519109461966605,0.5234872843354239
781,all,knn,99,False,0.21104651324262083,0.6520611509418153
781,unseen,lgbm,25,False,0.5423076923076924,0.5391338284991409
781,unseen,ridge,25,False,0.52,2.1120849563186894
781,unseen,lgbm_process,25,False,0.3553846153846154,1.6499233021833497
781,unseen,knn,25,False,0.23389113723674906,1.3851422318604847
782,all,lgbm,89,False,0.48040517534899563,2.6638588786955975
782,all,ridge,89,False,0.4695948246510045,1.40173821623568
782,all,lgbm_process,89,False,0.36078634996219666,2.475311033037384
782,all,knn,89,False,0.2779572745723862,1.5263149802350426
782,unseen,lgbm,21,False,0.43506493506493504,4.830754568873964
782,unseen,ridge,21,False,0.312987012987013,4.231706949826343
782,unseen,lgbm_process,21,False,0.43636363636363634,2.6427738576021156
782,unseen,knn,21,False,0.09353686755098682,0.053421235540632495
783,all,lgbm,96,False,0.25583288117200215,0.4905197098749685
783,all,ridge,96,False,0.3781063483450895,0.5863298343494225
783,all,lgbm_process,96,False,0.2159115572436245,1.1589903346916177
783,all,knn,96,False,0.21755307233024243,1.2971581724426162
783,unseen,lgbm,23,False,0.06719367588932806,-0.4587342947732722
783,unseen,ridge,23,False,0.08794466403162056,-0.4587342947732722
783,unseen,lgbm_process,23,False,0.05731225296442688,-1.7901271519161277
783,unseen,knn,23,False,-0.041028180988843754,0.19412284808386993
784,all,lgbm,102,False,0.34129860730219225,1.556598231438766
784,all,ridge,102,False,0.3440240654562315,1.7166038669008898
784,all,lgbm_process,102,False,0.23018877526590367,0.7161727933087771
784,all,knn,102,False,0.13892462960924867,0.45181150837039574
784,unseen,lgbm,28,False,0.48440065681444994,2.717097654714763
784,unseen,ridge,28,False,0.4740010946907498,3.930798455829361
784,unseen,lgbm_process,28,False,0.5539135194307608,1.120968702249609
784,unseen,knn,28,False,0.25266904861313283,-1.3102039325868216
785,all,lgbm,103,False,0.5504986161753723,2.292334543945705
785,all,ridge,103,False,0.5079954311821816,2.873272344491225
785,all,lgbm_process,103,False,0.41744277994991874,0.1915931324067568
785,all,knn,103,False,0.33230544608376766,1.8464169180463266
785,unseen,lgbm,28,False,0.6113847837985769,-0.8752909148904706
785,unseen,ridge,28,False,0.6442255062944717,2.534510672411116
785,unseen,lgbm_process,28,False,0.5883962780514504,-0.5040149686145252
785,unseen,knn,28,False,0.37931034482758613,-0.2260540727852085
786,all,lgbm,103,False,0.47082985546720557,1.1292766022929648
786,all,ridge,103,False,0.4602095505864781,1.2433172874830785
786,all,lgbm_process,103,False,0.41666300575495324,1.3617032463838754
786,all,knn,103,False,0.2829251432803994,1.3419197495205228
786,unseen,lgbm,26,False,0.5029059829059829,-0.5053411911872967
786,unseen,ridge,26,False,0.5165811965811965,3.579820752132541
786,unseen,lgbm_process,26,False,0.5535042735042734,1.8680558922215713
786,unseen,knn,26,False,0.26974358974358975,-0.3625634134095197
787,all,lgbm,93,False,0.45895377637193746,1.6448701873281504
787,all,ridge,93,False,0.4568798305034167,2.3177624298334205
787,all,lgbm_process,93,False,0.41555011787174356,1.4721925337812571
787,all,knn,93,False,0.37433267283885635,2.160460441366416
787,unseen,lgbm,20,False,0.03609022556390977,0.8930742529772626
787,unseen,ridge,20,False,0.13233082706766916,-0.35780074702273446
787,unseen,lgbm_process,20,False,0.025563909774436087,-2.5400507470227343
787,unseen,knn,20,False,0.0631578947368421,-1.5968806690500248
788,all,lgbm,97,False,0.484851672627814,1.6154956448135493
788,all,ridge,97,False,0.4485062066063538,0.8484898099049367
788,all,lgbm_process,97,False,0.41184515043130654,1.7822573158170698
788,all,knn,97,False,0.2956555492929417,1.6276884013916977
788,unseen,lgbm,24,False,0.6243478260869564,2.369407157532404
788,unseen,ridge,24,False,0.7495652173913043,3.57291162181812
788,unseen,lgbm_process,24,False,0.5417391304347825,4.132262271168768
788,unseen,knn,24,False,0.3217391304347825,-1.1609261758009293
789,all,lgbm,100,False,0.33963396339633956,1.6363500789941856
789,all,ridge,100,False,0.3935073507350734,1.916518358162465
789,all,lgbm_process,100,False,0.299069906990699,1.5406586428281965
789,all,knn,100,False,0.19838386021690746,1.0563476244435677
789,unseen,lgbm,23,False,0.14822134387351776,0.0257303573381229
789,unseen,ridge,23,False,0.2816205533596838,3.112076511184277
789,unseen,lgbm_process,23,False,0.4634387351778656,0.6593667209744858
789,unseen,knn,23,False,0.06819866776027429,-1.8210878244800597
790,all,lgbm,96,False,0.41087900162778074,1.2006340102781135
790,all,ridge,96,False,0.42668204015192623,1.7046998980062433
790,all,lgbm_process,96,False,0.2694384156266956,0.7173513446912345
790,all,knn,96,False,0.1676270594658963,0.11412733773609851
790,unseen,lgbm,21,False,0.34545454545454546,0.20157087637922366
790,unseen,ridge,21,False,0.42337662337662335,2.266729606537952
790,unseen,lgbm_process,21,False,0.387012987012987,0.20157087637922366
790,unseen,knn,21,False,-0.04155844155844156,-1.9534361640713662
791,all,lgbm,102,False,0.4003652792463712,1.271404378316884
791,all,ridge,102,False,0.4154061893910693,1.8730393965255576
791,all,lgbm_process,102,False,0.31067395717298746,0.9336543086868794
791,all,knn,102,False,0.2613448411679578,1.0824480684203497
791,unseen,lgbm,24,False,0.35826086956521735,0.36917858670740245
791,unseen,ridge,24,False,0.38956521739130434,2.8604285867074015
791,unseen,lgbm_process,24,False,0.3408695652173913,-0.19487032633607448
791,unseen,knn,24,False,0.2883235554134228,-2.5452670521132372
792,all,lgbm,99,False,0.48602350030921454,2.0114299350583504
792,all,ridge,99,False,0.4132343846629561,2.3616044692198415
792,all,lgbm_process,99,False,0.37964131106988247,0.893143977319621
792,all,knn,99,False,0.2796563546918338,1.7751299708578436
792,unseen,lgbm,25,False,0.3507692307692308,1.4044872881959893
792,unseen,ridge,25,False,0.4746153846153846,2.059987288195991
792,unseen,lgbm_process,25,False,0.4907692307692308,2.6478179760266816
792,unseen,knn,25,False,0.22042700927081776,-1.1910841403754375
793,all,lgbm,100,False,0.40463246324632457,1.9397227114127844
793,all,ridge,100,False,0.3963636363636363,2.03521578185512
793,all,lgbm_process,100,False,0.31745574557455747,1.4980364342651882
793,all,knn,100,False,0.22172277213151412,1.6035726599733664
793,unseen,lgbm,20,False,0.306766917293233,3.3024681127078335
793,unseen,ridge,20,False,0.4616541353383458,1.624185284425005
793,unseen,lgbm_process,20,False,0.5729323308270676,2.279510070749792
793,unseen,knn,20,False,0.10831140292100178,-1.5507869377972163
794,all,lgbm,102,False,0.509180044218014,2.4738532018209796
794,all,ridge,102,False,0.5021911100304777,2.6219654518897517
794,all,lgbm_process,102,False,0.4826718537073582,3.04556289845463
794,all,knn,102,False,0.3375434381514075,1.7857202225592683
794,unseen,lgbm,29,False,0.48522167487684714,3.4523113694066847
794,unseen,ridge,29,False,0.5536945812807881,4.673581765677083
794,unseen,lgbm_process,29,False,0.5133004926108373,3.6467244597410104
794,unseen,knn,29,False,0.32963785183685557,-0.8571974025231395
795,all,lgbm,105,False,0.402166701223305,0.3654745287870096
795,all,ridge,105,False,0.38064482687124196,1.8948538259604213
795,all,lgbm_process,105,False,0.36125430555352916,1.6302182686115767
795,all,knn,105,False,0.2315121558004999,1.3850377138510588
795,unseen,lgbm,25,False,0.28384615384615386,-2.4168789979803034
795,unseen,ridge,25,False,0.40307692307692305,0.694465539834825
795,unseen,lgbm_process,25,False,0.30615384615384617,1.4207353811046648
795,unseen,knn,25,False,0.2407692307692308,-0.1402718551231601
796,all,lgbm,98,False,0.45514475705933727,1.1916257659535745
796,all,ridge,98,False,0.5029359447621597,1.816870463396807
796,all,lgbm_process,98,False,0.39680966027929004,1.9819643114455463
796,all,knn,98,False,0.2747794712177076,1.6988021771106308
796,unseen,lgbm,25,False,0.4761538461538461,1.2556563432512569
796,unseen,ridge,25,False,0.54,3.2192827168776326
796,unseen,lgbm_process,25,False,0.4792307692307692,1.2556563432512569
796,unseen,knn,25,False,0.2561538461538462,-0.024337499113276095
797,all,lgbm,104,False,0.4691667555745226,1.3194275893537082
797,all,ridge,104,False,0.3937800064013657,2.084390227190349
797,all,lgbm_process,104,False,0.38408193747999575,1.6364483453315017
797,all,knn,104,False,0.20525022863425976,1.1299551331627722
797,unseen,lgbm,27,False,0.48717948717948717,2.5431945145835027
797,unseen,ridge,27,False,0.5048840048840049,3.716465347916836
797,unseen,lgbm_process,27,False,0.6092796092796092,3.6192016663247966
797,unseen,knn,27,False,0.1505113740631452,-1.5912570983197227
798,all,lgbm,100,False,0.5515751575157516,1.631963229272424
798,all,ridge,100,False,0.5543954395439544,2.630655942988822
798,all,lgbm_process,100,False,0.4298349834983498,1.6415968203408564
798,all,knn,100,False,0.3515644700002519,1.7101565625184296
798,unseen,lgbm,24,False,0.5765217391304347,1.7470432706886498
798,unseen,ridge,24,False,0.6417391304347826,3.6219242230696
798,unseen,lgbm_process,24,False,0.54,2.528155071930888
798,unseen,knn,24,False,0.3518156204064239,-2.2889567293113497
799,all,lgbm,102,False,0.3896556988651464,2.1471358504966886
799,all,ridge,102,False,0.33646968351889445,1.3958403832959263
799,all,lgbm_process,102,False,0.31301491085716227,1.4113205815001901
799,all,knn,102,False,0.30900819283438213,1.4653972046608352
799,unseen,lgbm,23,False,0.5316205533596838,4.201399441583076
799,unseen,ridge,23,False,0.42094861660079047,2.636320076503713
799,unseen,lgbm_process,23,False,0.598814229249012,2.554177219360854
799,unseen,knn,23,False,0.3132411067193676,-1.4109477806391464
800,all,lgbm,94,False,0.4558682223747426,3.3068809302988935
800,all,ridge,94,False,0.4548712206047032,2.8143649556518557
800,all,lgbm_process,94,False,0.2801069248275115,1.510446775333488
800,all,knn,94,False,0.22042311624526523,0.8264504846624021
800,unseen,lgbm,20,False,0.6225563909774435,4.958601326417483
800,unseen,ridge,20,False,0.5473684210526315,4.958601326417483
800,unseen,lgbm_process,20,False,0.706766917293233,2.662101326417485
800,unseen,knn,20,False,0.07672057706904292,-1.6704460286664524
801,all,lgbm,98,False,0.4371529305255372,1.715960533578036
801,all,ridge,98,False,0.3774394481316425,1.826917430401929
801,all,lgbm_process,98,False,0.31308455903448534,0.8163542520811227
801,all,knn,98,False,0.30972938209197215,2.5231881120538873
801,unseen,lgbm,26,False,0.44341880341880335,1.6732989319629592
801,unseen,ridge,26,False,0.5104273504273503,2.9052974889615157
801,unseen,lgbm_process,26,False,0.2841025641025641,-0.2432619145978876
801,unseen,knn,26,False,0.383036958104924,0.7018737275377518
802,all,lgbm,109,False,0.3322305625057919,1.1028752421390209
802,all,ridge,109,False,0.36902974701139846,0.9457174043627603
802,all,lgbm_process,109,False,0.1930034287832453,1.0254399563831047
802,all,knn,109,False,0.19730997917695808,0.7359879758017911
802,unseen,lgbm,27,False,0.06105006105006105,-0.5461871864331638
802,unseen,ridge,27,False,0.17338217338217338,0.9319794802335011
802,unseen,lgbm_process,27,False,0.03907203907203907,-0.09763646179548147
802,unseen,knn,27,False,0.0012211876191735916,-1.8727824245284026
803,all,lgbm,97,False,0.48831001472754043,1.3810503312653886
803,all,ridge,97,False,0.38895171470650114,1.3946234193693225
803,all,lgbm_process,97,False,0.39058226383336836,2.1110520919725992
803,all,knn,97,False,0.2480503949174853,2.4204082390797517
803,unseen,lgbm,21,False,0.525974025974026,1.4123649324971215
803,unseen,ridge,21,False,0.5233766233766234,2.4248649324971225
803,unseen,lgbm_process,21,False,0.6285714285714287,3.050467469495006
803,unseen,knn,21,False,0.07792207792207792,1.4123649324971215
804,all,lgbm,104,False,0.38438066787581354,1.4685206113313516
804,all,ridge,104,False,0.3691880934599382,1.4805967805804041
804,all,lgbm_process,104,False,0.2762722714179025,0.6694777914087524
804,all,knn,104,False,0.28278161684610825,2.043011615506879
804,unseen,lgbm,26,False,0.17128205128205126,-1.5080888071360032
804,unseen,ridge,26,False,0.28478632478632476,1.9720037854565877
804,unseen,lgbm_process,26,False,0.18769230769230769,0.1950088359616391
804,unseen,knn,26,False,0.07008547008547007,-0.5230332515804488
805,all,lgbm,100,False,0.31853585358535846,0.9936332659759763
805,all,ridge,100,False,0.24177617761776177,0.3222050120077178
805,all,lgbm_process,100,False,0.22237023702370234,1.3570363078287109
805,all,knn,100,False,0.14684295002067635,0.9195699939461779
805,unseen,lgbm,23,False,0.2114624505928854,1.680828147361682
805,unseen,ridge,23,False,0.21739130434782608,1.4055290020625364
805,unseen,lgbm_process,23,False,0.46047430830039526,2.392182012095981
805,unseen,knn,23,False,-0.08498023715415019,1.431578147361682
806,all,lgbm,92,False,0.3431407302375044,1.774879261078702
806,all,ridge,92,False,0.26914600126381333,1.3195428826347442
806,all,lgbm_process,92,False,0.29400613411833604,1.2347210533264157
806,all,knn,92,False,0.24126277281881361,0.29073715373118425
806,unseen,lgbm,17,False,0.22794117647058826,3.115329192398754
806,unseen,ridge,17,False,0.19117647058823534,1.0946149066844661
806,unseen,lgbm_process,17,False,0.11764705882352941,2.8644201014896638
806,unseen,knn,17,False,-0.12009803921568628,-2.2816954381431174
807,all,lgbm,99,False,0.41322329382786854,1.0921525516221262
807,all,ridge,99,False,0.403445898103036,1.9958971139704502
807,all,lgbm_process,99,False,0.2838174633114614,0.9600789057167116
807,all,knn,99,False,0.2317095424543121,1.3748274449236781
807,unseen,lgbm,24,False,0.2791304347826086,1.369638959862895
807,unseen,ridge,24,False,0.2626086956521739,3.697041557265491
807,unseen,lgbm_process,24,False,0.09217391304347824,1.369638959862895
807,unseen,knn,24,False,-0.01652173913043478,-1.1786323695021839
808,all,lgbm,104,False,0.482534940787368,1.9914326600447776
808,all,ridge,104,False,0.37869412141256803,2.1388671945925513
808,all,lgbm_process,104,False,0.39568974714605787,0.8959509043409248
808,all,knn,104,False,0.3686831650093946,1.4992632580606742
808,unseen,lgbm,24,False,0.5678260869565217,3.040835027672607
808,unseen,ridge,24,False,0.5556521739130434,3.040835027672607
808,unseen,lgbm_process,24,False,0.5947826086956521,1.1660499990778312
808,unseen,knn,24,False,0.47662536460499455,0.29494178148523886
809,all,lgbm,102,False,0.35112608919372806,0.8323347450071683
809,all,ridge,102,False,0.36810083064274446,1.2369124323727885
809,all,lgbm_process,102,False,0.30049589767657525,0.9092210597247572
809,all,knn,102,False,0.26770834396845433,1.2615115704039948
809,unseen,lgbm,28,False,0.19594964422550626,1.2501683904797325
809,unseen,ridge,28,False,0.32676518883415434,1.8535017238130642
809,unseen,lgbm_process,28,False,0.2326217843459223,0.02403505714639742
809,unseen,knn,28,False,0.17952928297755882,-0.7603366600253185
810,all,lgbm,99,False,0.4379097093382808,2.1094741109975903
810,all,ridge,99,False,0.4235497835497835,2.025173044147772
810,all,lgbm_process,99,False,0.36953617810760664,2.12710276611317
810,all,knn,99,False,0.2844216578577718,2.251179700409528
810,unseen,lgbm,23,False,0.6739130434782609,2.4682619149982052
810,unseen,ridge,23,False,0.6294466403162056,3.9301889983315377
810,unseen,lgbm_process,23,False,0.6017786561264823,4.171654426608111
810,unseen,knn,23,False,0.25889328063241107,-1.0901498497076787
811,all,lgbm,99,False,0.4304638218923933,0.8784912170104668
811,all,ridge,99,False,0.35694495980210267,1.4912655391795262
811,all,lgbm_process,99,False,0.3484797417448377,1.3306957583016654
811,all,knn,99,False,0.2761717462470462,1.568676291870288
811,unseen,lgbm,25,False,0.3515384615384615,-0.700415692106608
811,unseen,ridge,25,False,0.3592307692307692,0.35755699696902177
811,unseen,lgbm_process,25,False,0.27692307692307694,0.35755699696902177
811,unseen,knn,25,False,0.328140032998268,0.12188589519498017
812,all,lgbm,101,False,0.3796971461852067,0.9993143186328464
812,all,ridge,101,False,0.32640652300524176,1.3997329711042532
812,all,lgbm_process,101,False,0.3078741991846243,1.3391703140507332
812,all,knn,101,False,0.2844311405039471,1.339420908147824
812,unseen,lgbm,24,False,0.33826086956521734,1.4380318471835807
812,unseen,ridge,24,False,0.4269565217391304,1.4380318471835807
812,unseen,lgbm_process,24,False,0.4339130434782608,1.4380318471835807
812,unseen,knn,24,False,0.2652750660666484,-0.8637766527850772
813,all,lgbm,102,False,0.5019536219755613,1.6130222154000702
813,all,ridge,102,False,0.4822534223725057,2.2480888368641985
813,all,lgbm_process,102,False,0.3603325973082049,0.8699972773672382
813,all,knn,102,False,0.27754575985940566,0.9832080953997799
813,unseen,lgbm,30,False,0.41935483870967744,-0.7874086642524105
813,unseen,ridge,30,False,0.3512791991101224,0.9247125478688005
813,unseen,lgbm_process,30,False,0.40289210233592887,1.0865117902930415
813,unseen,knn,30,False,0.16974416017797553,-0.8522234790672272
814,all,lgbm,94,False,0.3181808330022035,1.7809091590322588
814,all,ridge,94,False,0.3110428783007622,1.7111207256510568
814,all,lgbm_process,94,False,0.21249218831980685,0.3874679551074873
814,all,knn,94,False,0.22102281856435124,1.0733090794084816
814,unseen,lgbm,24,False,0.23217391304347823,2.3295529721946266
814,unseen,ridge,24,False,0.23130434782608694,0.9484418610835164
814,unseen,lgbm_process,24,False,0.19217391304347822,4.019147089841685
814,unseen,knn,24,False,0.08001739697748085,-1.1352746140122676
815,all,lgbm,99,False,0.45408781694495975,1.9548088056109467
815,all,ridge,99,False,0.3689424860853432,2.1253991902121925
815,all,lgbm_process,99,False,0.37544836116264685,0.9480852710070913
815,all,knn,99,False,0.3019587974907723,1.9531951507212
815,unseen,lgbm,24,False,0.4834782608695652,1.252548470792716
815,unseen,ridge,24,False,0.41826086956521735,1.252548470792716
815,unseen,lgbm_process,24,False,0.4243478260869564,1.252548470792716
815,unseen,knn,24,False,0.3104347826086956,-1.5752684934929988
816,all,lgbm,104,False,0.47657100181372036,2.347247915209339
816,all,ridge,104,False,0.43999786621145853,2.3303771637909474
816,all,lgbm_process,104,False,0.3609089939187027,2.1410878961710225
816,all,knn,104,False,0.32246843843514816,0.9002322137506233
816,unseen,lgbm,25,False,0.6753846153846154,2.0225051031655834
816,unseen,ridge,25,False,0.5492307692307692,5.172968066128545
816,unseen,lgbm_process,25,False,0.6838461538461539,4.484416784077263
816,unseen,knn,25,False,0.3608386294869582,0.3012595834523193
817,all,lgbm,103,False,0.5350898387734482,2.4744718156937466
817,all,ridge,103,False,0.5410424812195229,2.4429845741217573
817,all,lgbm_process,103,False,0.410787242454861,1.381200271266911
817,all,knn,103,False,0.3837145138388148,1.76913777712031
817,unseen,lgbm,29,False,0.6438423645320195,1.9393643278242276
817,unseen,ridge,29,False,0.5640394088669949,2.2419284303883273
817,unseen,lgbm_process,29,False,0.6206896551724137,1.4984100019568594
817,unseen,knn,29,False,0.40788177339901466,-0.2100413569302937
818,all,lgbm,94,False,0.42998952425676407,1.5604340916964077
818,all,ridge,94,False,0.4304663511902612,0.998291340169251
818,all,lgbm_process,94,False,0.36116750352201715,0.787764084061644
818,all,knn,94,False,0.26626975374847184,1.105892068788819
818,unseen,lgbm,19,False,0.45438596491228067,2.0912011411212372
818,unseen,ridge,19,False,0.2964912280701754,0.5795344744545741
818,unseen,lgbm_process,19,False,0.5228070175438596,3.8295108002121463
818,unseen,knn,19,False,-0.0912280701754386,0.5434233633434626
819,all,lgbm,92,False,0.43425858853628835,1.5324887663964812
819,all,ridge,92,False,0.3484117565463989,0.3865489790711383
819,all,lgbm_process,92,False,0.27911779664935343,0.7573726423153513
819,all,knn,92,False,0.2351254626144778,0.8719371807629308
819,unseen,lgbm,18,False,0.4055727554179567,3.245543658173389
819,unseen,ridge,18,False,0.33952528379772956,0.7808000684298015
819,unseen,lgbm_process,18,False,0.11661506707946334,-0.38802651726520665
819,unseen,knn,18,False,0.2776057791537668,-0.1327896751599429
820,all,lgbm,98,False,0.41216074058489366,1.4795162981173604
820,all,ridge,98,False,0.4703185866661565,1.4213153903857325
820,all,lgbm_process,98,False,0.3981867853394666,1.5393757867420845
820,all,knn,98,False,0.27610524843274387,1.6219739131041901
820,unseen,lgbm,23,False,0.3784584980237154,1.0435322066609114
820,unseen,ridge,23,False,0.4150197628458498,2.1642822066609106
820,unseen,lgbm_process,23,False,0.5731225296442688,2.216191626950767
820,unseen,knn,23,False,0.15319990583829735,-0.3102177933390884
821,all,lgbm,103,False,0.4733888327549093,1.4239449604858372
821,all,ridge,103,False,0.4370030312348987,1.3424224111076093
821,all,lgbm_process,103,False,0.36810833369942453,1.0778782209226598
821,all,knn,103,False,0.26374797220057883,1.430232630833876
821,unseen,lgbm,22,False,0.07961603613777528,-1.0800097895624123
821,unseen,ridge,22,False,0.28289102202145683,1.6211092580566326
821,unseen,lgbm_process,22,False,0.30434782608695654,1.1562686783464908
821,unseen,knn,22,False,0.16657255787690575,-1.082834464887089
822,all,lgbm,95,False,0.4800111982082867,1.8952985825341333
822,all,ridge,95,False,0.4312150055991042,2.440109552520129
822,all,lgbm_process,95,False,0.3564389697648377,1.191427054204592
822,all,knn,95,False,0.2463864501033749,1.3350005680460235
822,unseen,lgbm,21,False,0.6298701298701298,1.25302687426929
822,unseen,ridge,21,False,0.5766233766233767,2.961360207602624
822,unseen,lgbm_process,21,False,0.5324675324675324,2.7187411599835762
822,unseen,knn,21,False,0.22020137569294815,-2.076645539523815
823,all,lgbm,88,False,0.3973794512345462,1.0069516437286374
823,all,ridge,88,False,0.3597090627311472,0.8679003226558635
823,all,lgbm_process,88,False,0.28209643901236314,1.2132007218406677
823,all,knn,88,False,0.31969071983862357,0.716050613404871
823,unseen,lgbm,14,False,0.4945054945054946,2.2879957071103263
823,unseen,ridge,14,False,0.221978021978022,-0.013216414101796303
823,unseen,lgbm_process,14,False,0.5384615384615385,3.6336478810233697
823,unseen,knn,14,False,0.2175824175824176,-1.982004292889675
824,all,lgbm,106,False,0.3476282842532181,0.545302568602489
824,all,ridge,106,False,0.38676474292767715,1.2919606422686485
824,all,lgbm_process,106,False,0.3200695266644834,1.5549641889718284
824,all,knn,106,False,0.16455418851141482,1.6530074960830046
824,unseen,lgbm,29,False,0.28472906403940884,-0.9025519526537948
824,unseen,ridge,29,False,0.4364532019704433,1.8135591584573163
824,unseen,lgbm_process,29,False,0.4118226600985221,-0.6174408415426829
824,unseen,knn,29,False,0.1741593805549231,-0.5685638574157021
825,all,lgbm,107,False,0.425116087697643,1.8390096889327232
825,all,ridge,107,False,0.392787868100864,1.288377365700402
825,all,lgbm_process,107,False,0.3362134838065009,1.900966433996853
825,all,knn,107,False,0.2985925726965003,2.089036637227359
825,unseen,lgbm,25,False,0.44923076923076927,3.7439041637811137
825,unseen,ridge,25,False,0.44076923076923075,3.7439041637811137
825,unseen,lgbm_process,25,False,0.4553846153846154,2.1450152748922235
825,unseen,knn,25,False,0.2800538616913706,-0.9723458362188868
826,all,lgbm,106,False,0.3893342066151095,2.192565146070372
826,all,ridge,106,False,0.3693931531349976,1.5072821770697846
826,all,lgbm_process,106,False,0.3423583646119354,1.7307884743344566
826,all,knn,106,False,0.271590818998641,1.4998004791436514
826,unseen,lgbm,26,False,0.5535042735042734,3.536351187240271
826,unseen,ridge,26,False,0.6047863247863248,3.3513511872402724
826,unseen,lgbm_process,26,False,0.5473504273504273,3.0158355177246
826,unseen,knn,26,False,0.38850891464928006,0.032588788477871944
827,all,lgbm,96,False,0.4993624525230602,1.5514749969745587
827,all,ridge,96,False,0.46848887683125334,2.4720134452254623
827,all,lgbm_process,96,False,0.3726668475311991,1.461580004260961
827,all,knn,96,False,0.20084587548722088,1.538481167296501
827,unseen,lgbm,22,False,0.5516657255787691,0.960412675322539
827,unseen,ridge,22,False,0.34952004517221913,2.9188146361068537
827,unseen,lgbm_process,22,False,0.5166572557876906,1.7490304289457281
827,unseen,knn,22,False,0.1507622811970638,-2.806962324677462
828,all,lgbm,106,False,0.3632868982542761,1.029174115097188
828,all,ridge,106,False,0.3687986497720231,1.0170974411817753
828,all,lgbm_process,106,False,0.29260723129606736,1.7655680671599985
828,all,knn,106,False,0.22687409606027334,0.7904673626002232
828,unseen,lgbm,27,False,0.13797313797313798,-0.9315094295863169
828,unseen,ridge,27,False,0.24236874236874237,1.9504658790556597
828,unseen,lgbm_process,27,False,0.24236874236874237,-0.1595548248780858
828,unseen,knn,27,False,0.12303465263173935,-1.4537718730252305
829,all,lgbm,92,False,0.4369865758365057,1.7398233695150331
829,all,ridge,92,False,0.41849174668249,0.8137739896422609
829,all,lgbm_process,92,False,0.3268896586559207,1.05945566455593
829,all,knn,92,False,0.2918975595801837,1.4893875806877102
829,unseen,lgbm,21,False,0.4402597402597402,1.5769240002411564
829,unseen,ridge,21,False,0.3844155844155844,-0.9430759997588432
829,unseen,lgbm_process,21,False,0.5233766233766234,2.1423641995767078
829,unseen,knn,21,False,0.1909090909090909,0.9708525716697292
830,all,lgbm,101,False,0.4681421083284799,2.3773631847789822
830,all,ridge,101,False,0.47510774606872447,1.8701199892902594
830,all,lgbm_process,101,False,0.3826569093112011,1.8996516190325021
830,all,knn,101,False,0.351915008017821,1.5334287462643488
830,unseen,lgbm,22,False,0.37662337662337664,5.244578326902772
830,unseen,ridge,22,False,0.4895539243365331,5.244578326902772
830,unseen,lgbm_process,22,False,0.6149068322981367,4.456378326902772
830,unseen,knn,22,False,0.3281559012529272,1.2015811678118649
831,all,lgbm,103,False,0.3858015200105434,0.7797098263692614
831,all,ridge,103,False,0.2977529323902825,0.7716255314974685
831,all,lgbm_process,103,False,0.208770812283091,0.6828077935456918
831,all,knn,103,False,0.11820401154639407,0.38701971753727094
831,unseen,lgbm,28,False,0.552271483305966,2.2137291518479554
831,unseen,ridge,28,False,0.4570333880678708,2.41103073914954
831,unseen,lgbm_process,28,False,0.3634373289545703,1.3659513740701765
831,unseen,knn,28,False,0.1652983032293377,-0.5777201235143661
832,all,lgbm,91,False,0.517184265010352,1.7774034603825406
832,all,ridge,91,False,0.5187131708870839,1.5672744032798
832,all,lgbm_process,91,False,0.4387322822105431,1.6422895509425466
832,all,knn,91,False,0.2768526281053335,1.097601328060673
832,unseen,lgbm,24,False,0.3904347826086956,-2.502691694015958
832,unseen,ridge,24,False,0.548695652173913,3.3866381428138776
832,unseen,lgbm_process,24,False,0.48956521739130426,2.707130896437066
832,unseen,knn,24,False,0.2208695652173913,-2.502691694015958
833,all,lgbm,91,False,0.4125019907628603,1.1602227735577522
833,all,ridge,91,False,0.3452142060837713,0.44088440740016566
833,all,lgbm_process,91,False,0.3697881828316611,1.1598370507292621
833,all,knn,91,False,0.20584616559249216,1.1064049212452147
833,unseen,lgbm,18,False,0.5087719298245614,0.5979721642434033
833,unseen,ridge,18,False,0.5500515995872033,3.221953256680381
833,unseen,lgbm_process,18,False,0.5789473684210527,3.651134252155492
833,unseen,knn,18,False,0.2652218782249742,-2.429884978613739
834,all,lgbm,102,False,0.43145359653041265,1.8568342726538791
834,all,ridge,102,False,0.42492832949771275,1.5971271260114381
834,all,lgbm_process,102,False,0.2996881546855215,1.7793728813787375
834,all,knn,102,False,0.2504615936283657,1.7686166194941322
834,unseen,lgbm,26,False,0.5507692307692307,0.24892726609779992
834,unseen,ridge,26,False,0.5876923076923077,3.3933458707489663
834,unseen,lgbm_process,26,False,0.49128205128205127,1.7127729540822987
834,unseen,knn,26,False,0.37072505588012283,0.1480776989982342
835,all,lgbm,98,False,0.4333785997998074,2.429018385389897
835,all,ridge,98,False,0.4573124470031686,1.7484231923419191
835,all,lgbm_process,98,False,0.4185490503605378,2.37804604822116
835,all,knn,98,False,0.2916488683338689,1.3957609597770233
835,unseen,lgbm,23,False,0.2756916996047431,0.18965281575746396
835,unseen,ridge,23,False,0.37549407114624506,1.9163657787204276
835,unseen,lgbm_process,23,False,0.4031620553359684,2.627385009489659
835,unseen,knn,23,False,-0.016798418972332016,-1.9642916286869774
836,all,lgbm,104,False,0.44451201459673373,1.0718623943999486
836,all,ridge,104,False,0.4752226480936783,1.2638114530006632
836,all,lgbm_process,104,False,0.32569701722354527,0.8232663187630944
836,all,knn,104,False,0.32637747911848336,1.7782020449346074
836,unseen,lgbm,27,False,0.4163614163614164,1.9365592530522928
836,unseen,ridge,27,False,0.48595848595848595,2.6398925863856277
836,unseen,lgbm_process,27,False,0.3675213675213675,1.080559253052293
836,unseen,knn,27,False,0.3687423687423687,0.9639550863856261
837,all,lgbm,97,False,0.44456132968651374,2.404268030995043
837,all,ridge,97,False,0.45129391962970755,0.9283622892828909
837,all,lgbm_process,97,False,0.3223238031385866,1.6115591003350591
837,all,knn,97,False,0.30078742968855116,1.6002457074008714
837,unseen,lgbm,24,False,0.47391304347826085,0.6208943231134629
837,unseen,ridge,24,False,0.4721739130434783,2.500894323113462
837,unseen,lgbm_process,24,False,0.43304347826086953,0.6208943231134629
837,unseen,knn,24,False,0.46956521739130425,-0.5677880077136024
838,all,lgbm,97,False,0.4588680833158005,3.317123214490989
838,all,ridge,97,False,0.4430885756364401,2.736615641279883
838,all,lgbm_process,97,False,0.3256638099106656,0.8740724908723756
838,all,knn,97,False,0.27351422173019246,1.3068123937819678
838,unseen,lgbm,27,False,0.39133089133089133,1.6781845572123348
838,unseen,ridge,27,False,0.3675213675213675,3.6244226524504324
838,unseen,lgbm_process,27,False,0.3815628815628816,2.1208512238790025
838,unseen,knn,27,False,0.1514041514041514,-0.7052161462508675
839,all,lgbm,103,False,0.33126125730351885,1.104188044464614
839,all,ridge,103,False,0.33597285067873306,2.4718335897088437
839,all,lgbm_process,103,False,0.20898554942735015,-0.09539456411727976
839,all,knn,103,False,0.23421993695245327,1.6456725361633904
839,unseen,lgbm,27,False,0.40476190476190477,0.647998793535427
839,unseen,ridge,27,False,0.3864468864468864,1.8956178411544737
839,unseen,lgbm_process,27,False,0.24542124542124538,-0.8725845397979075
839,unseen,knn,27,False,0.24786324786324787,0.05518036196699505
840,all,lgbm,93,False,0.5741249142072752,2.067292621547864
840,all,ridge,93,False,0.5606517262988272,2.576506169060023
840,all,lgbm_process,93,False,0.47375488645519376,1.3569545510249057
840,all,knn,93,False,0.3007632695345921,1.7268128206135192
840,unseen,lgbm,21,False,0.438961038961039,0.21467438836929276
840,unseen,ridge,21,False,0.45324675324675323,2.5271743883692945
840,unseen,lgbm_process,21,False,0.4194805194805195,-0.3493745246741842
840,unseen,knn,21,False,-0.03636363636363636,-2.72334919175241
841,all,lgbm,102,False,0.471758712136205,1.9325115405164688
841,all,ridge,102,False,0.4746538046151845,2.9870711370046372
841,all,lgbm_process,102,False,0.391849636134373,1.770326106830412
841,all,knn,102,False,0.33237952131153575,2.1698050814398293
841,unseen,lgbm,32,False,0.5230938416422287,3.0410747308506636
841,unseen,ridge,32,False,0.6052052785923754,2.228713619739551
841,unseen,lgbm_process,32,False,0.5685483870967741,2.665042122155013
841,unseen,knn,32,False,0.34237536656891493,-0.08237225845230434
842,all,lgbm,103,False,0.4729165751438738,2.9600498205048975
842,all,ridge,103,False,0.39717963361595576,2.490190772969477
842,all,lgbm_process,103,False,0.40842707581282267,1.5305878382499447
842,all,knn,103,False,0.3305032165819721,1.5912039776288047
842,unseen,lgbm,25,False,0.36153846153846153,1.1463604225393187
842,unseen,ridge,25,False,0.4061538461538462,3.2651104225393173
842,unseen,lgbm_process,25,False,0.48538461538461536,1.1463604225393187
842,unseen,knn,25,False,0.06732063982965639,-2.995254962076066
843,all,lgbm,99,False,0.41824366110080397,1.788571711758646
843,all,ridge,99,False,0.41568336425479274,2.2506231288781997
843,all,lgbm_process,99,False,0.3303906320072443,1.5747313249143442
843,all,knn,99,False,0.25648416027033855,0.7584193534969916
843,unseen,lgbm,23,False,0.3577075098814229,1.2453186210496927
843,unseen,ridge,23,False,0.40711462450592883,3.2385539151673424
843,unseen,lgbm_process,23,False,0.2391304347826087,1.16218730791838
843,unseen,knn,23,False,0.04150197628458498,-2.3134420627109904
844,all,lgbm,106,False,0.46945109202206714,1.6111145207535866
844,all,ridge,106,False,0.4553946142025846,1.6067319989066977
844,all,lgbm_process,106,False,0.3601330075320553,1.266872256173766
844,all,knn,106,False,0.30002368178799005,2.2767398734987143
844,unseen,lgbm,26,False,0.535042735042735,1.0428643353684848
844,unseen,ridge,26,False,0.5370940170940172,2.7733405258446773
844,unseen,lgbm_process,26,False,0.5917948717948718,1.7314957702563696
844,unseen,knn,26,False,0.4517011520966895,0.3250468750510276
845,all,lgbm,102,False,0.4448207813357007,1.721546331190785
845,all,ridge,102,False,0.3734386574008629,2.0437524862421412
845,all,lgbm_process,102,False,0.33972666255774636,1.759697579665941
845,all,knn,102,False,0.13170320732079618,0.8502757357584549
845,unseen,lgbm,27,False,0.5128205128205128,0.42514129244017695
845,unseen,ridge,27,False,0.46642246642246643,4.691263923432372
845,unseen,lgbm_process,27,False,0.4316239316239316,3.519263923432371
845,unseen,knn,27,False,0.040299191432728525,-1.4450438927450087
846,all,lgbm,96,False,0.36241182854042325,0.5711069099607631
846,all,ridge,96,False,0.33178241996744434,0.6731219823862631
846,all,lgbm_process,96,False,0.287683125339121,1.046375486028369
846,all,knn,96,False,0.2024826193285702,0.4082934924205279
846,unseen,lgbm,23,False,0.4525691699604743,-1.19688445833755
846,unseen,ridge,23,False,0.40909090909090917,0.9108139543608615
846,unseen,lgbm_process,23,False,0.4120553359683795,1.746497184174526
846,unseen,knn,23,False,0.3577075098814229,0.590247184174526
847,all,lgbm,102,False,0.41558713267100555,1.9420605313933699
847,all,ridge,102,False,0.41798463113016043,1.092227503170637
847,all,lgbm_process,102,False,0.38650050042125855,2.273154008845916
847,all,knn,102,False,0.24012871650307788,1.0567049265910988
847,unseen,lgbm,29,False,0.42906403940886684,3.098221497872707
847,unseen,ridge,29,False,0.4453201970443349,2.8412770534282643
847,unseen,lgbm_process,29,False,0.560591133004926,3.8417369408597892
847,unseen,knn,29,False,0.21017618781815997,-0.6602599836087766
848,all,lgbm,105,False,0.452166701223305,3.036895128473523
848,all,ridge,105,False,0.44308521667012235,2.35644632162146
848,all,lgbm_process,105,False,0.31690856313497817,1.3787023770958804
848,all,knn,105,False,0.2697922291866348,1.5525710031391302
848,unseen,lgbm,26,False,0.6082051282051281,2.500309097042569
848,unseen,ridge,26,False,0.45094017094017086,3.651142430375902
848,unseen,lgbm_process,26,False,0.5917948717948718,4.181905798691744
848,unseen,knn,26,False,0.14393162393162393,-1.5973961885721977
849,all,lgbm,93,False,0.43064963743248474,1.2696667990387382
849,all,ridge,93,False,0.4195189639222941,1.560041331647236
849,all,lgbm_process,93,False,0.3843663274745605,1.9000219477536735
849,all,knn,93,False,0.24481893175637454,1.2187562724400127
849,unseen,lgbm,24,False,0.48869565217391303,1.03057954947929
849,unseen,ridge,24,False,0.5756521739130435,3.825579549479288
849,unseen,lgbm_process,24,False,0.5973913043478261,4.3341767807144205
849,unseen,knn,24,False,0.2765818721612925,-1.4945719656722254
850,all,lgbm,109,False,0.32885738115095914,1.128027711034683
850,all,ridge,109,False,0.36633305532388105,2.620683350003553
850,all,lgbm_process,109,False,0.2602174502310992,0.9790687876135831
850,all,knn,109,False,0.10904002097513649,0.7994066542991032
850,unseen,lgbm,31,False,0.1991935483870968,0.1918631979304095
850,unseen,ridge,31,False,0.3491935483870968,4.012897195453769
850,unseen,lgbm_process,31,False,0.3612903225806452,1.1559916440456988
850,unseen,knn,31,False,-0.04456543748606365,-2.6691347112691126
851,all,lgbm,104,False,0.3797930225114692,1.3821638887779262
851,all,ridge,104,False,0.389928518083858,1.2666113132817625
851,all,lgbm_process,104,False,0.25065613997652836,0.8380102974908912
851,all,knn,104,False,0.3155592217337641,1.94734582966829
851,unseen,lgbm,27,False,0.2802197802197802,-0.18661090836317307
851,unseen,ridge,27,False,0.2148962148962149,-0.32027757502984144
851,unseen,lgbm_process,27,False,0.2271062271062271,-0.2721722372877533
851,unseen,knn,27,False,0.25675469693124764,-1.0035734783602255
852,all,lgbm,107,False,0.4075863741131126,1.0326577664719157
852,all,ridge,107,False,0.4471542525196421,1.4728876767636816
852,all,lgbm_process,107,False,0.3004824765496804,1.1318831707444001
852,all,knn,107,False,0.24727819673844817,0.9190363025555488
852,unseen,lgbm,27,False,0.2869352869352869,0.10939344902635995
852,unseen,ridge,27,False,0.2796092796092796,0.91241209704501
852,unseen,lgbm_process,27,False,0.3137973137973138,0.9031813278142415
852,unseen,knn,27,False,0.08241758241758242,-1.3150341604012468
853,all,lgbm,97,False,0.5306779928466231,2.0468942607240646
853,all,ridge,97,False,0.479447191247633,2.0710084444458747
853,all,lgbm_process,97,False,0.33004155270355556,0.9547744557174465
853,all,knn,97,False,0.27833709630351566,1.815220448311747
853,unseen,lgbm,20,False,0.6661654135338345,3.174031927331926
853,unseen,ridge,20,False,0.5353383458646617,3.1073652606652598
853,unseen,lgbm_process,20,False,0.4601503759398496,0.7624604987604986
853,unseen,knn,20,False,0.26616541353383455,0.6972819273319271
854,all,lgbm,102,False,0.4039841448450956,1.8688506151322262
854,all,ridge,102,False,0.4503282424187593,1.389641593373204
854,all,lgbm_process,102,False,0.38294491675325015,2.384028652786162
854,all,knn,102,False,0.2701140670911764,0.9860663614779099
854,unseen,lgbm,29,False,0.24384236453201966,0.7720902030047032
854,unseen,ridge,29,False,0.3911330049261083,2.0978891448036467
854,unseen,lgbm_process,29,False,0.40147783251231517,3.040993906708408
854,unseen,knn,29,False,0.17465205206992993,-1.3150972969952957
855,all,lgbm,100,False,0.412097209720972,1.9852607722542732
855,all,ridge,100,False,0.37580558055805574,1.2773335206158638
855,all,lgbm_process,100,False,0.3412061206120611,1.2838614616175352
855,all,knn,100,False,0.28815074980969607,1.5276413481571627
855,unseen,lgbm,29,False,0.2689655172413793,0.9296444507260251
855,unseen,ridge,29,False,0.3487684729064039,1.8380140159434148
855,unseen,lgbm_process,29,False,0.2645320197044334,1.238830637544737
855,unseen,knn,29,False,0.2308166047807114,2.2203111173926917
856,all,lgbm,95,False,0.47434210526315795,0.7392814168013793
856,all,ridge,95,False,0.4157754759238522,1.2707201698248802
856,all,lgbm_process,95,False,0.3884952005035004,1.6687159612255265
856,all,knn,95,False,0.22892721829174054,0.8355547496946034
856,unseen,lgbm,21,False,0.551948051948052,1.7366332295295237
856,unseen,ridge,21,False,0.47402597402597396,1.6153633882596843
856,unseen,lgbm_process,21,False,0.525974025974026,2.605507984911128
856,unseen,knn,21,False,0.14155844155844155,-1.6282304068341134
857,all,lgbm,106,False,0.4455399652366678,2.1315171114027525
857,all,ridge,106,False,0.43692470463763006,2.0903052353999687
857,all,lgbm_process,106,False,0.41546212560143087,1.6908367472247345
857,all,knn,106,False,0.2497468174038816,0.9634872633666838
857,unseen,lgbm,32,False,0.5065982404692081,1.078278250777748
857,unseen,ridge,32,False,0.49816715542521983,1.078278250777748
857,unseen,lgbm_process,32,False,0.5989736070381232,-0.16351324327180983
857,unseen,knn,32,False,0.23794684176168224,-1.2390762465767509
858,all,lgbm,98,False,0.43674489477140427,1.5417651508469419
858,all,ridge,98,False,0.3625333919884729,0.49032749570834433
858,all,lgbm_process,98,False,0.34545437157687386,0.4968131025318545
858,all,knn,98,False,0.30835934335185433,1.18822197276066
858,unseen,lgbm,29,False,0.29359605911330044,0.04659585996583537
858,unseen,ridge,29,False,0.1758620689655172,1.0697537547026794
858,unseen,lgbm_process,29,False,0.2955665024630541,-0.16858448829286843
858,unseen,knn,29,False,0.19041754055014928,-1.9089340186522765
859,all,lgbm,93,False,0.4781415057742233,2.981551721875718
859,all,ridge,93,False,0.5120706633642683,2.357402230150747
859,all,lgbm_process,93,False,0.35527140341977254,2.180098992747949
859,all,knn,93,False,0.33636004359004934,1.6362726284378049
859,unseen,lgbm,22,False,0.4963297571993225,5.487879743562777
859,unseen,ridge,22,False,0.6352343308865049,3.99951610719914
859,unseen,lgbm_process,22,False,0.5279503105590062,3.814548430431463
859,unseen,knn,22,False,0.2541655001098403,-1.146342478659447
860,all,lgbm,94,False,0.380731857096413,2.0610534411086885
860,all,ridge,94,False,0.40812773182097317,1.9838009849018636
860,all,lgbm_process,94,False,0.27885806761756776,1.432302648289875
860,all,knn,94,False,0.14831165214332562,1.1435249526947349
860,unseen,lgbm,22,False,0.2941840767927725,1.903448977902519
860,unseen,ridge,22,False,0.30434782608695654,1.234037213196638
860,unseen,lgbm_process,22,False,0.3359683794466404,3.6464324122459555
860,unseen,knn,22,False,0.12140033879164315,-0.8482176887641462
861,all,lgbm,101,False,0.36842166569598134,1.8557499538940672
861,all,ridge,101,False,0.30111822947000577,1.2581811000217478
861,all,lgbm_process,101,False,0.2775546812902895,0.8444157547589075
861,all,knn,101,False,0.22687042004243513,1.2447451716509956
861,unseen,lgbm,24,False,0.4017391304347826,4.185375164187665
861,unseen,ridge,24,False,0.46782608695652167,4.185375164187665
861,unseen,lgbm_process,24,False,0.43478260869565216,3.3922438510563495
861,unseen,knn,24,False,0.030876278181527935,-1.6550813237688224
862,all,lgbm,93,False,0.5573543015726179,1.5333897794391582
862,all,ridge,93,False,0.4411984124615797,1.775536080281654
862,all,lgbm_process,93,False,0.4110292142878457,2.1350127908644243
862,all,knn,93,False,0.378007746959901,1.7871454987951942
862,unseen,lgbm,19,False,0.5789473684210525,-0.18629797784402768
862,unseen,ridge,19,False,0.4842105263157894,1.6391707721559712
862,unseen,lgbm_process,19,False,0.47719298245614034,1.6391707721559712
862,unseen,knn,19,False,0.46140350877192987,0.22601862447257304
863,all,lgbm,97,False,0.35862876078266354,1.4832098950249808
863,all,ridge,97,False,0.43901220281927195,2.0726153850237594
863,all,lgbm_process,97,False,0.2965100988849148,1.4026995843655463
863,all,knn,97,False,0.29047700765577894,1.7080902715991737
863,unseen,lgbm,26,False,0.3408547008547009,0.7519728932001968
863,unseen,ridge,26,False,0.4625641025641026,2.967919357846661
863,unseen,lgbm_process,26,False,0.38735042735042735,2.181423887659383
863,unseen,knn,26,False,0.19904241930095157,-0.978892491415186
864,all,lgbm,95,False,0.44491881298992164,1.4061888051323095
864,all,ridge,95,False,0.4091685330347144,2.5727244693997804
864,all,lgbm_process,95,False,0.3472564389697649,1.3428666558319815
864,all,knn,95,False,0.2322384222844193,1.6987816208012685
864,unseen,lgbm,21,False,0.41818181818181815,2.315365717377574
864,unseen,ridge,21,False,0.5337662337662338,3.4196987005708515
864,unseen,lgbm_process,21,False,0.509090909090909,1.3911692888061467
864,unseen,knn,21,False,0.3267294748482387,-1.084403481968831
865,all,lgbm,94,False,0.43598598417801543,2.9150591118955624
865,all,ridge,94,False,0.4060036845717589,1.577297843178389
865,all,lgbm_process,94,False,0.369462736926649,2.5240682957471705
865,all,knn,94,False,0.37766361492560296,2.372797513528365
865,unseen,lgbm,24,False,0.3782608695652173,1.8217949454298132
865,unseen,ridge,24,False,0.39739130434782605,3.3807949454298143
865,unseen,lgbm_process,24,False,0.5113043478260869,2.546542420177289
865,unseen,knn,24,False,0.3357251655794305,-0.30820505457018754
866,all,lgbm,98,False,0.43812201544160306,1.7312722092270079
866,all,ridge,98,False,0.4300378070628439,1.1015957001332062
866,all,lgbm_process,98,False,0.381100233666906,2.425495068139927
866,all,knn,98,False,0.18405690554259704,1.4108894143217263
866,unseen,lgbm,22,False,0.5505364201016375,3.903513144375145
866,unseen,ridge,22,False,0.5110107284020329,2.684971477708478
866,unseen,lgbm_process,22,False,0.4850367024280069,2.4423524300894304
866,unseen,knn,22,False,0.101072840203275,-1.6190103518654535
867,all,lgbm,95,False,0.4230487928665072,2.254948143018323
867,all,ridge,95,False,0.4037248170686012,1.511674294453094
867,all,lgbm_process,95,False,0.2955087871555652,1.2223449626737626
867,all,knn,95,False,0.23547158971459922,1.615451675405474
867,unseen,lgbm,23,False,0.3003952569169961,1.0474879131580455
867,unseen,ridge,23,False,0.4367588932806324,2.962410990081123
867,unseen,lgbm_process,23,False,0.28952569169960474,2.099070080990211
867,unseen,knn,23,False,0.15711462450592886,1.0474879131580455
868,all,lgbm,98,False,0.44322246236826496,1.5554364937784388
868,all,ridge,98,False,0.40479059477586715,1.7012253733497822
868,all,lgbm_process,98,False,0.41972215315367006,1.790853787645375
868,all,knn,98,False,0.3412789763224846,1.8251164570044551
868,unseen,lgbm,22,False,0.4929418407679278,2.4591312836377437
868,unseen,ridge,22,False,0.5223037831733485,5.654585829092289
868,unseen,lgbm_process,22,False,0.6261998870694523,1.6479573705942663
868,unseen,knn,22,False,0.4014680971202711,0.6503543476108078
869,all,lgbm,105,False,0.40696661828737307,0.49684558606420026
869,all,ridge,105,False,0.40657267261040847,1.9380917805673743
869,all,lgbm_process,105,False,0.28166079203815053,0.7371857856550239
869,all,knn,105,False,0.19114616786572852,0.737641527117118
869,unseen,lgbm,31,False,0.43064516129032265,-0.41985550166284114
869,unseen,ridge,31,False,0.4512096774193548,2.3264265496192102
869,unseen,lgbm_process,31,False,0.3629032258064517,-0.08437931118665176
869,unseen,knn,31,False,0.14315959342841342,-0.3433353551426954
870,all,lgbm,97,False,0.3583000210393435,1.156909902235034
870,all,ridge,97,False,0.28108563012834,1.7156339458312058
870,all,lgbm_process,97,False,0.2755242594305975,0.7951286068046706
870,all,knn,97,False,0.1320375079936086,1.0569885771674024
870,unseen,lgbm,21,False,0.37142857142857144,2.0861477951724563
870,unseen,ridge,21,False,0.3090909090909091,2.737838971643045
870,unseen,lgbm_process,21,False,0.34415584415584416,3.200231128505793
870,unseen,knn,21,False,-0.1077922077922078,-1.1000286754157766
871,all,lgbm,104,False,0.389928518083858,2.07806075174655
871,all,ridge,104,False,0.35195775098687726,1.005619491118912
871,all,lgbm_process,104,False,0.27032967032967037,0.3393509141054487
871,all,knn,104,False,0.16567299292438464,1.3562977360221584
871,unseen,lgbm,28,False,0.29556650246305416,0.6212666416930581
871,unseen,ridge,28,False,0.3234811165845649,2.0457904512168685
871,unseen,lgbm_process,28,False,0.25506294471811713,0.3113729218862975
871,unseen,knn,28,False,0.1231527093596059,-1.1319979781899825
872,all,lgbm,98,False,0.4725627833138878,2.325102926918376
872,all,ridge,98,False,0.5002837123602955,2.0309984656389126
872,all,lgbm_process,98,False,0.406091208742166,1.967198561728292
872,all,knn,98,False,0.3045356451628754,1.7091447861359281
872,unseen,lgbm,21,False,0.503896103896104,0.303803350387879
872,unseen,ridge,21,False,0.4701298701298702,0.303803350387879
872,unseen,lgbm_process,21,False,0.44935064935064933,0.303803350387879
872,unseen,knn,21,False,0.2662337662337662,0.5020308636153903
873,all,lgbm,93,False,0.3706991734057473,1.2249821032509463
873,all,ridge,93,False,0.3016621407895914,0.5956543661732088
873,all,lgbm_process,93,False,0.2981409089552684,1.8050477419472433
873,all,knn,93,False,0.24029486789282561,2.3437602927046175
873,unseen,lgbm,18,False,0.5273477812177503,-1.1893789446055827
873,unseen,ridge,18,False,0.48813209494324045,3.523954388727752
873,unseen,lgbm_process,18,False,0.5665634674922602,0.9295451060273301
873,unseen,knn,18,False,0.3149200213168129,-0.6042896588912967
874,all,lgbm,102,False,0.4288412279263335,2.236367482277574
874,all,ridge,102,False,0.4079196611837083,2.4604752291603216
874,all,lgbm_process,102,False,0.3598339845406585,1.4194078996049235
874,all,knn,102,False,0.31617996449336233,1.6696266498367418
874,unseen,lgbm,23,False,0.28952569169960474,-0.9886792124170594
874,unseen,ridge,23,False,0.3685770750988142,2.766916829752155
874,unseen,lgbm_process,23,False,0.3231225296442688,0.436893020228343
874,unseen,knn,23,False,0.20607858301474194,-1.3773458790837267
875,all,lgbm,112,False,0.39065329552055217,1.1024097332033413
875,all,ridge,112,False,0.38603204974886396,1.8166002361498386
875,all,lgbm_process,112,False,0.16896198995919118,0.11444598701197606
875,all,knn,112,False,0.24810777653792507,1.1357508224492765
875,unseen,lgbm,30,False,0.38776418242491656,0.5626683590166657
875,unseen,ridge,30,False,0.4153503893214683,1.2031734095217157
875,unseen,lgbm_process,30,False,0.15639599555061176,-0.35008416623586136
875,unseen,knn,30,False,0.2976971872910192,-0.7392125933642877
876,all,lgbm,93,False,0.320178448867536,0.1741426202847567
876,all,ridge,93,False,0.34839306496374317,0.7086397565764155
876,all,lgbm_process,93,False,0.29140540197974346,0.32985082886361816
876,all,knn,93,False,0.2163416553895388,1.2399180462530826
876,unseen,lgbm,26,False,0.16717948717948716,-0.6705785690134327
876,unseen,ridge,26,False,0.3429059829059829,0.5911522002173388
876,unseen,lgbm_process,26,False,0.3531623931623932,0.38734715562425137
876,unseen,knn,26,False,0.3613675213675213,1.1470718069264159
877,all,lgbm,98,False,0.3483031450630861,1.6656991541147175
877,all,ridge,98,False,0.3076525830575904,0.7919228578619535
877,all,lgbm_process,98,False,0.2823288640667138,1.164819809488188
877,all,knn,98,False,0.25723723035220286,1.418366948818809
877,unseen,lgbm,18,False,0.36429308565531476,1.3229902508924258
877,unseen,ridge,18,False,0.4716202270381837,2.3011633278155017
877,unseen,lgbm_process,18,False,0.6346749226006192,4.1920663378489476
877,unseen,knn,18,False,0.44272445820433437,0.7999545366067107
878,all,lgbm,96,False,0.4080575149213239,0.4243323819663001
878,all,ridge,96,False,0.37190721649484537,1.5298111577876803
878,all,lgbm_process,96,False,0.4481280520889853,1.160815202396023
878,all,knn,96,False,0.365379141993054,1.7484785487245187
878,unseen,lgbm,24,False,0.35739130434782607,1.5916486206340714
878,unseen,ridge,24,False,0.3695652173913043,0.36273195396740654
878,unseen,lgbm_process,24,False,0.40347826086956523,1.1268080409239296
878,unseen,knn,24,False,0.2330941564126616,-0.9231722153926452
879,all,lgbm,99,False,0.4654669140383426,2.001145033093609
879,all,ridge,99,False,0.4217810760667903,1.4234318941628228
879,all,lgbm_process,99,False,0.42551770413841067,2.169922227292256
879,all,knn,99,False,0.29402723693951816,2.1520964777286355
879,unseen,lgbm,24,False,0.47130434782608693,3.849246695720593
879,unseen,ridge,24,False,0.4060869565217391,2.604746695720591
879,unseen,lgbm_process,24,False,0.5634782608695652,2.040746695720591
879,unseen,knn,24,False,0.2153110251531563,-1.9045390185651225
880,all,lgbm,89,False,0.3551583248212462,0.11798371982117395
880,all,ridge,89,False,0.3356996935648622,0.7984434856128537
880,all,lgbm_process,89,False,0.3059584610146408,0.1554221988869866
880,all,knn,89,False,0.26824513569108654,1.4409941997932272
880,unseen,lgbm,18,False,0.38080495356037153,-0.9819605659409572
880,unseen,ridge,18,False,0.42414860681114547,1.0514322912018983
880,unseen,lgbm_process,18,False,0.48813209494324045,-0.9819605659409572
880,unseen,knn,18,False,0.6057791537667698,0.7395751483447555
881,all,lgbm,93,False,0.4768285040732893,1.875892572513079
881,all,ridge,93,False,0.36720778251917274,1.058768091329771
881,all,lgbm_process,93,False,0.3745188147175553,1.6292420941452583
881,all,knn,93,False,0.2917240317790532,1.3762918330201828
881,unseen,lgbm,24,False,0.46347826086956523,-0.7107719041174168
881,unseen,ridge,24,False,0.36173913043478256,1.6553218458825807
881,unseen,lgbm_process,24,False,0.3313043478260869,1.0912729328391055
881,unseen,knn,24,False,0.2678260869565217,-0.04541476126027533
882,all,lgbm,96,False,0.49574064026044495,1.137139656248726
882,all,ridge,96,False,0.4899620184481823,0.9058426261697683
882,all,lgbm_process,96,False,0.38502572241717065,2.0735810574712534
882,all,knn,96,False,0.3107416513921304,2.137158679310028
882,unseen,lgbm,23,False,0.3231225296442688,2.3675439516407373
882,unseen,ridge,23,False,0.5296442687747036,2.6009893297919966
882,unseen,lgbm_process,23,False,0.25592885375494073,3.364990135593768
882,unseen,knn,23,False,0.10776076452491494,-0.0067713192952219
883,all,lgbm,101,False,0.4386488060570763,1.1555672619472404
883,all,ridge,101,False,0.44905066977285957,1.8527559402512654
883,all,lgbm_process,101,False,0.36290146447872124,1.4099169301691514
883,all,knn,101,False,0.29106381617975063,1.408291307894178
883,unseen,lgbm,24,False,0.15478260869565216,-1.4919300441437304
883,unseen,ridge,24,False,0.17130434782608694,0.4596692824555966
883,unseen,lgbm_process,24,False,0.05565217391304347,0.025263688050003452
883,unseen,knn,24,False,-0.14260869565217388,-1.0850218315833438
884,all,lgbm,98,False,0.4831334595693947,1.6726679137303204
884,all,ridge,98,False,0.41038833527787866,2.6905763881120635
884,all,lgbm_process,98,False,0.3850518651696854,1.6503285164498536
884,all,knn,98,False,0.2430282586798025,1.5174553716285448
884,unseen,lgbm,26,False,0.5234188034188034,1.5287721085326051
884,unseen,ridge,26,False,0.509059829059829,3.0079794035849705
884,unseen,lgbm_process,26,False,0.6478632478632478,1.3030181148736837
884,unseen,knn,26,False,0.11933664048580214,-0.9828112248007272
885,all,lgbm,102,False,0.4061893910693183,1.5644662957732756
885,all,ridge,102,False,0.3386862386981131,1.938309141524016
885,all,lgbm_process,102,False,0.285330589026921,0.6684687034185401
885,all,knn,102,False,0.16482357598739122,1.7648481798151554
885,unseen,lgbm,24,False,0.5191304347826087,0.9672117555887194
885,unseen,ridge,24,False,0.4730434782608695,2.635698597693981
885,unseen,lgbm_process,24,False,0.4513043478260869,0.33942766467962926
885,unseen,knn,24,False,0.19565217391304346,-1.1925382444112813
886,all,lgbm,96,False,0.47486435160065116,2.196220892986659
886,all,ridge,96,False,0.35857297883884975,2.007653116047104
886,all,lgbm_process,96,False,0.3624796527400977,0.8163410250488816
886,all,knn,96,False,0.20417908940759502,1.3559556653496507
886,unseen,lgbm,23,False,0.44565217391304346,1.0331870145013173
886,unseen,ridge,23,False,0.4535573122529644,1.0331870145013173
886,unseen,lgbm_process,23,False,0.5721343873517787,1.0331870145013173
886,unseen,knn,23,False,0.07709414616378835,-1.3738963188320152
887,all,lgbm,102,False,0.2867781352664107,0.5172194108847918
887,all,ridge,102,False,0.31614749139105797,0.6228351929871074
887,all,lgbm_process,102,False,0.2042403046649252,1.4472892103106751
887,all,knn,102,False,0.1824119529736441,0.5052553522384748
887,unseen,lgbm,22,False,0.14059853190287974,0.061737547432800355
887,unseen,ridge,22,False,0.4014680971202711,1.4822375474327991
887,unseen,lgbm_process,22,False,0.35855448898927167,4.474668112001265
887,unseen,knn,22,False,0.3388873334797871,-0.9001590042913392
888,all,lgbm,96,False,0.3879544221378187,1.863170207309917
888,all,ridge,96,False,0.35957677699403146,1.8222081743428848
888,all,lgbm_process,96,False,0.35832881172002173,1.1705224964166465
888,all,knn,96,False,0.1591097943608951,0.8550326481803072
888,unseen,lgbm,25,False,0.2884615384615385,-1.7950686035837151
888,unseen,ridge,25,False,0.3869230769230769,0.999931396416283
888,unseen,lgbm_process,25,False,0.4330769230769231,0.8540358740282237
888,unseen,knn,25,False,0.08538461538461539,-2.483876295891408
889,all,lgbm,92,False,0.3888537829631799,1.738692757337569
889,all,ridge,92,False,0.3559946364995453,1.2879482185940887
889,all,lgbm_process,92,False,0.28227732996316446,0.8798618817644517
889,all,knn,92,False,0.1728631997728841,1.1571858274878313
889,unseen,lgbm,20,False,0.47368421052631576,2.431544609203515
889,unseen,ridge,20,False,0.3759398496240601,1.7347588949178014
889,unseen,lgbm_process,20,False,0.593984962406015,3.2531490868154567
889,unseen,knn,20,False,0.13012411600925908,-1.2981293038399624
890,all,lgbm,101,False,0.43220733838089687,2.0969095863117744
890,all,ridge,101,False,0.3790681421083284,1.9282946290468175
890,all,lgbm_process,101,False,0.31504950495049505,1.0153899250863745
890,all,knn,101,False,0.2092742867140792,1.7836264193712434
890,unseen,lgbm,25,False,0.51,3.9247782166663754
890,unseen,ridge,25,False,0.42538461538461536,3.9247782166663754
890,unseen,lgbm_process,25,False,0.4769230769230769,2.463617502380661
890,unseen,knn,25,False,0.04461538461538461,-2.785902699639541
891,all,lgbm,102,False,0.5002233518611713,1.8283278944826122
891,all,ridge,102,False,0.4276877145167401,1.281880919914622
891,all,lgbm_process,102,False,0.4007158568512476,2.385647502807137
891,all,knn,102,False,0.34490208261037997,2.2254633563979898
891,unseen,lgbm,26,False,0.5001709401709401,0.921627550834895
891,unseen,ridge,26,False,0.5186324786324785,1.9691030410309711
891,unseen,lgbm_process,26,False,0.5815384615384616,2.3757479212052637
891,unseen,knn,26,False,0.40930074115044457,1.5351989794063243
892,all,lgbm,106,False,0.3996422903493967,0.8386084026976857
892,all,ridge,106,False,0.4408645489583596,0.9685949776306888
892,all,lgbm_process,106,False,0.2966780781380251,1.495975880323238
892,all,knn,106,False,0.3440418670902616,1.2877630070074844
892,unseen,lgbm,31,False,0.2887096774193549,-0.2342494148937284
892,unseen,ridge,31,False,0.3149193548387097,-0.2342494148937284
892,unseen,lgbm_process,31,False,0.4161290322580646,1.1002272356698821
892,unseen,knn,31,False,0.4206493330132523,-0.16852886351528085
893,all,lgbm,89,False,0.35658835546476003,1.2182037246722537
893,all,ridge,89,False,0.35008512087163773,0.8121345888697853
893,all,lgbm_process,89,False,0.31122876757503354,1.9100450047212512
893,all,knn,89,False,0.21649023875637963,1.1089577491008633
893,unseen,lgbm,14,False,0.1032967032967033,0.20212300405386863
893,unseen,ridge,14,False,0.0989010989010989,0.05877062310148595
893,unseen,lgbm_process,14,False,0.26153846153846155,3.9618372897681517
893,unseen,knn,14,False,-0.15604395604395604,-1.977829376898514
894,all,lgbm,105,False,0.3768090400165872,1.851658215700862
894,all,ridge,105,False,0.3403483309143686,0.4298095507670432
894,all,lgbm_process,105,False,0.22391664938834752,1.228564976035372
894,all,knn,105,False,0.26235287238020677,1.2966096229500153
894,unseen,lgbm,23,False,0.3389328063241107,-1.1322460123949618
894,unseen,ridge,23,False,0.36067193675889325,-1.1322460123949618
894,unseen,lgbm_process,23,False,0.008893280632411068,-0.4778460123949593
894,unseen,knn,23,False,0.2717391304347826,-0.22153172668067533
895,all,lgbm,100,False,0.4527452745274527,1.643875541057671
895,all,ridge,100,False,0.3876627662766276,1.1577119982423412
895,all,lgbm_process,100,False,0.3585838583858385,1.1449899781450465
895,all,knn,100,False,0.2268313492015666,1.1948399018754472
895,unseen,lgbm,23,False,0.2855731225296443,1.5010000246050286
895,unseen,ridge,23,False,0.3527667984189723,3.8890128451178523
895,unseen,lgbm_process,23,False,0.4258893280632411,-0.24809088448587957
895,unseen,knn,23,False,0.0958498023715415,-1.1854336126796703
896,all,lgbm,103,False,0.3789373105478188,1.579507348567093
896,all,ridge,103,False,0.2943592672319114,2.2956630016006354
896,all,lgbm_process,103,False,0.33195316961736154,1.4588411359795543
896,all,knn,103,False,0.14930651907450782,0.8212360650889128
896,unseen,lgbm,27,False,0.26373626373626374,1.991875944561027
896,unseen,ridge,27,False,0.21428571428571427,2.10134821394416
896,unseen,lgbm_process,27,False,0.3669108669108669,0.32689446307954384
896,unseen,knn,27,False,0.13954199123789962,-2.1788396639045846
897,all,lgbm,102,False,0.4816201208927289,2.7787015145083576
897,all,ridge,102,False,0.49874187875669357,1.2051042201433457
897,all,lgbm_process,102,False,0.3853254585102805,2.5207020653994245
897,all,knn,102,False,0.36370885092283595,1.4970828964504133
897,unseen,lgbm,24,False,0.6469565217391303,1.5428931667572154
897,unseen,ridge,24,False,0.6921739130434782,4.438701129286489
897,unseen,lgbm_process,24,False,0.577391304347826,3.8304330275252383
897,unseen,knn,24,False,0.43270277169887744,0.7589508590649068
898,all,lgbm,96,False,0.37863537710255013,2.0385911266910934
898,all,ridge,96,False,0.3266549104720564,1.2220464427397815
898,all,lgbm_process,96,False,0.2779571351058058,0.8358998288668005
898,all,knn,96,False,0.1998093905372035,1.1054493183021066
898,unseen,lgbm,24,False,0.13130434782608694,-0.60119453201896
898,unseen,ridge,24,False,0.07913043478260869,1.6708140149895847
898,unseen,lgbm_process,24,False,0.23739130434782607,-0.8619637627881911
898,unseen,knn,24,False,-0.011304347826086955,-0.28263897646340475
899,all,lgbm,103,False,0.480165180336511,1.5519690521342682
899,all,ridge,103,False,0.4079646795237886,1.317653182775313
899,all,lgbm_process,103,False,0.3795743091859597,1.4477307722806874
899,all,knn,103,False,0.31605829394059537,1.6859030920967335
899,unseen,lgbm,26,False,0.5111111111111111,1.563947028398955
899,unseen,ridge,26,False,0.4584615384615384,2.581193060144983
899,unseen,lgbm_process,26,False,0.41811965811965807,0.7128792073311327
899,unseen,knn,26,False,0.37846153846153846,0.7098729543248794
900,all,lgbm,99,False,0.33497835497835493,1.2271368440438604
900,all,ridge,99,False,0.3945330859616574,1.6948524485374037
900,all,lgbm_process,99,False,0.34435374149659864,0.8136441213686307
900,all,knn,99,False,0.2259952027671046,1.5261116156325123
900,unseen,lgbm,21,False,0.23766233766233766,-2.8993280872566576
900,unseen,ridge,21,False,0.47922077922077916,4.344774476845906
900,unseen,lgbm_process,21,False,0.49610389610389616,0.4994173339887631
900,unseen,knn,21,False,0.0,-2.8993280872566576
901,all,lgbm,96,False,0.44205100379815515,2.142007550389504
901,all,ridge,96,False,0.3839799240368964,1.874031164637577
901,all,lgbm_process,96,False,0.3350052055269044,1.1249067341802466
901,all,knn,96,False,0.32106361195531746,2.119207752432043
901,unseen,lgbm,20,False,0.3082706766917293,0.9363546268988348
901,unseen,ridge,20,False,0.21654135338345865,1.6783546268988356
901,unseen,lgbm_process,20,False,0.45563909774436084,1.5093702518988348
901,unseen,knn,20,False,0.12185032828612699,-0.7575781462104079
902,all,lgbm,94,False,0.39210345699526783,1.378494744081463
902,all,ridge,94,False,0.35953473250731494,1.4966267764744376
902,all,lgbm_process,94,False,0.2952208936892678,1.1500685151959793
902,all,knn,94,False,0.18981419731208127,1.155223566058817
902,unseen,lgbm,22,False,0.5019762845849802,2.7815108763433756
902,unseen,ridge,22,False,0.4850367024280069,2.2165108763433743
902,unseen,lgbm_process,22,False,0.4669678147939018,0.838510876343376
902,unseen,knn,22,False,0.17108977978543197,-0.8415848174365284
903,all,lgbm,102,False,0.4034300060502909,1.054165127737063
903,all,ridge,102,False,0.43368146066462726,1.1812310076904442
903,all,lgbm_process,102,False,0.3808866811248439,1.1456849663092346
903,all,knn,102,False,0.291596450622684,1.2085663730841656
903,unseen,lgbm,28,False,0.36398467432950193,1.17900970892914
903,unseen,ridge,28,False,0.4532019704433497,1.46367637559581
903,unseen,lgbm_process,28,False,0.4438970990695128,2.3434227020853395
903,unseen,knn,28,False,0.1899288451012589,-1.5833073642415911
904,all,lgbm,110,False,0.3618916664788225,1.3626652444011498
904,all,ridge,110,False,0.36480400333611346,2.507606762065784
904,all,lgbm_process,110,False,0.3482459442470905,0.8891063715845373
904,all,knn,110,False,0.2520841708064632,1.3917094502866547
904,unseen,lgbm,30,False,0.2956618464961067,-0.12082520023646914
904,unseen,ridge,30,False,0.349944382647386,1.3928652759540068
904,unseen,lgbm_process,30,False,0.4117908787541713,-0.6070892904136045
904,unseen,knn,30,False,0.10256980817724952,-2.306174358485629
905,all,lgbm,101,False,0.4041584158415842,1.7525227661170977
905,all,ridge,101,False,0.3992545136866627,2.174563071098383
905,all,lgbm_process,101,False,0.33368666278392545,1.6376689205635824
905,all,knn,101,False,0.2813799620272728,2.417004205162117
905,unseen,lgbm,25,False,0.5169230769230769,2.3080889867675705
905,unseen,ridge,25,False,0.48692307692307696,3.7429285589600862
905,unseen,lgbm_process,25,False,0.5215384615384615,2.719542524704485
905,unseen,knn,25,False,0.22615384615384618,-0.4681070916638017
906,all,lgbm,104,False,0.3253280699882642,0.6838890596897151
906,all,ridge,104,False,0.30832177531206656,1.071747704058005
906,all,lgbm_process,104,False,0.2224693867216564,0.41483053687766613
906,all,knn,104,False,0.23538732528361175,1.3843307240965022
906,unseen,lgbm,26,False,0.2608547008547008,-0.09293652394614149
906,unseen,ridge,26,False,0.2553846153846154,3.66210010609049
906,unseen,lgbm_process,26,False,0.1829059829059829,-0.03274777750739588
906,unseen,knn,26,False,0.1378013355752959,-1.3240939313535485
907,all,lgbm,95,False,0.39998600223964165,1.341345400790475
907,all,ridge,95,False,0.4015817469204927,0.994339858634028
907,all,lgbm_process,95,False,0.33722004479283313,1.4349321707015115
907,all,knn,95,False,0.2525601831087643,1.6812281507146007
907,unseen,lgbm,20,False,0.6421052631578947,4.315190082549028
907,unseen,ridge,20,False,0.4526315789473684,3.576332939691886
907,unseen,lgbm_process,20,False,0.47218045112781953,1.0573329396918876
907,unseen,knn,20,False,0.11127819548872178,0.8322474988169724
908,all,lgbm,101,False,0.34427489807804307,2.0412688681661884
908,all,ridge,101,False,0.32929528246942336,2.2759501907577633
908,all,lgbm_process,101,False,0.2564014455498511,1.3326581170420049
908,all,knn,101,False,0.23075668641752764,2.341370627276868
908,unseen,lgbm,27,False,0.27289377289377287,2.857656488412143
908,unseen,ridge,27,False,0.28937728937728935,3.5481159704505743
908,unseen,lgbm_process,27,False,0.2448107448107448,0.6526786639490254
908,unseen,knn,27,False,0.14957264957264954,-0.38278959001922885
909,all,lgbm,104,False,0.4316120772431453,1.4697926916379167
909,all,ridge,104,False,0.37213272164728484,1.3103944408482384
909,all,lgbm_process,104,False,0.28612580317450326,1.8673691706641637
909,all,knn,104,False,0.24827211061873344,1.648596212640074
909,unseen,lgbm,26,False,0.44547008547008543,0.15160720991231003
909,unseen,ridge,26,False,0.5111111111111111,4.11132625753136
909,unseen,lgbm_process,26,False,0.481025641025641,1.9906101949869388
909,unseen,knn,26,False,0.35800992145740645,0.40577387657897823
910,all,lgbm,103,False,0.39008478671528357,1.6606784014436755
910,all,ridge,103,False,0.3440671264771779,1.469154707550933
910,all,lgbm_process,103,False,0.36423142819487764,1.7736268568734452
910,all,knn,103,False,0.2526594441146521,1.6920947052024218
910,unseen,lgbm,27,False,0.43528693528693524,2.07077644113701
910,unseen,ridge,27,False,0.49389499389499386,2.885176760116275
910,unseen,lgbm_process,27,False,0.492063492063492,2.9053107393429496
910,unseen,knn,27,False,0.2527858371689335,0.765739404099973
911,all,lgbm,99,False,0.39500309214594925,0.29400791534247794
911,all,ridge,99,False,0.40361162646876925,0.5698531135778939
911,all,lgbm_process,99,False,0.30796536796536794,0.779082471521539
911,all,knn,99,False,0.16572135655061798,0.6722672036864221
911,unseen,lgbm,26,False,0.2417094017094017,-1.4210886642992726
911,unseen,ridge,26,False,0.32239316239316235,0.9232346975240873
911,unseen,lgbm_process,26,False,0.11726495726495725,-1.1762738494844562
911,unseen,knn,26,False,-0.020854700854700852,-2.0779584121984307
912,all,lgbm,101,False,0.5644729178800232,2.3136274569940376
912,all,ridge,101,False,0.4746418171228887,0.8388372567691658
912,all,lgbm_process,101,False,0.5163424577751893,2.0267565630620066
912,all,knn,101,False,0.33896982412155213,1.654857469375056
912,unseen,lgbm,26,False,0.5917948717948718,2.2026472284880274
912,unseen,ridge,26,False,0.49196581196581196,3.130073154413955
912,unseen,lgbm_process,26,False,0.7285470085470084,3.1617766176174182
912,unseen,knn,26,False,0.20683760683760682,-1.5848226963240037
913,all,lgbm,103,False,0.36337477485392966,1.5737397683603422
913,all,ridge,103,False,0.3927096604138295,2.0335494596124857
913,all,lgbm_process,103,False,0.34037692747001713,0.4317076337389505
913,all,knn,103,False,0.29564114352133236,1.8716617057229055
913,unseen,lgbm,25,False,0.5353846153846153,-0.9022367825173294
913,unseen,ridge,25,False,0.5800000000000001,1.9018882174826697
913,unseen,lgbm_process,25,False,0.6838461538461539,1.2986495811190348
913,unseen,knn,25,False,0.3662947558554848,-0.24562963966018714
914,all,lgbm,97,False,0.3773274773827056,2.0169388574487943
914,all,ridge,97,False,0.3996423311592678,1.4265724628593208
914,all,lgbm_process,97,False,0.2686995999238691,0.8632158138336425
914,all,knn,97,False,0.1689007262090402,0.6370107643201024
914,unseen,lgbm,27,False,0.5457875457875457,1.9879242366249628
914,unseen,ridge,27,False,0.42002442002442003,2.0254242366249624
914,unseen,lgbm_process,27,False,0.4511599511599511,2.396474961262646
914,unseen,knn,27,False,0.1623931623931624,-1.0208757633750345
915,all,lgbm,94,False,0.3612975472311527,1.3367988367766603
915,all,ridge,94,False,0.3417042950547267,2.1290316114612704
915,all,lgbm_process,94,False,0.2556876061120543,2.0854016668334125
915,all,knn,94,False,0.20599636675061764,0.8685680260411175
915,unseen,lgbm,25,False,0.33999999999999997,1.1574301297987795
915,unseen,ridge,25,False,0.15692307692307692,0.15339982676847796
915,unseen,lgbm_process,25,False,0.25846153846153846,-0.22523653686788592
915,unseen,knn,25,False,-0.05077899690008368,-2.363184949566298
916,all,lgbm,100,False,0.3559555955595559,1.3152785000141627
916,all,ridge,100,False,0.3491149114911491,0.785756313249454
916,all,lgbm_process,100,False,0.3307530753075307,1.9268298546155567
916,all,knn,100,False,0.268365873633913,1.640863680160738
916,unseen,lgbm,23,False,0.18280632411067196,0.021291262951484313
916,unseen,ridge,23,False,0.08498023715415019,3.9504579296181497
916,unseen,lgbm_process,23,False,0.3339920948616601,2.8373104937207145
916,unseen,knn,23,False,0.11020509355464615,-1.8579496461394243
917,all,lgbm,101,False,0.40625509609784505,1.4912561330749963
917,all,ridge,101,False,0.39163657542224806,1.1305931875835284
917,all,lgbm_process,101,False,0.2852067559697146,1.1890571179980753
917,all,knn,101,False,0.19340276723065028,1.4855848958668876
917,unseen,lgbm,21,False,0.45454545454545453,2.422465553246063
917,unseen,ridge,21,False,0.44415584415584414,1.9768950404255499
917,unseen,lgbm_process,21,False,0.5246753246753247,2.8358822199127296
917,unseen,knn,21,False,0.06363636363636363,-1.5434868277063174
918,all,lgbm,100,False,0.32742874287428736,0.7181900571581661
918,all,ridge,100,False,0.22604260426042602,1.5048782086241772
918,all,lgbm_process,100,False,0.22803480348034802,1.171828360867707
918,all,knn,100,False,0.09114750615872123,1.5063898617188727
918,unseen,lgbm,22,False,0.21400338791643145,1.1172522563555898
918,unseen,ridge,22,False,0.2433653303218521,-0.3959620293586976
918,unseen,lgbm_process,22,False,0.21174477696216829,-0.7877477436444114
918,unseen,knn,22,False,-0.042348955392433656,-1.392668290577154
919,all,lgbm,93,False,0.33380084151472644,0.28340765360482756
919,all,ridge,93,False,0.3260272746262421,1.208708766405941
919,all,lgbm_process,93,False,0.3022888006923099,1.2200073328390975
919,all,knn,93,False,0.2689745221865431,1.3568470979230334
919,unseen,lgbm,18,False,0.009287925696594427,0.852099780160847
919,unseen,ridge,18,False,0.12280701754385966,3.0761275579386247
919,unseen,lgbm_process,18,False,0.27554179566563464,0.852099780160847
919,unseen,knn,18,False,0.16821465428276572,-0.6764853764243117
920,all,lgbm,102,False,0.35773051891139995,1.7343739778648963
920,all,ridge,102,False,0.3662235441134062,1.0709466643219603
920,all,lgbm_process,102,False,0.21269317108752564,0.5439093360675002
920,all,knn,102,False,0.20402519922299364,1.1963487709573801
920,unseen,lgbm,29,False,0.2172413793103448,0.3256197994096759
920,unseen,ridge,29,False,0.24088669950738908,1.587350568640442
920,unseen,lgbm_process,29,False,0.0985221674876847,0.5210364660763389
920,unseen,knn,29,False,0.03374799877796954,-1.8853862109866881
921,all,lgbm,99,False,0.3330612244897959,0.7874812295695861
921,all,ridge,99,False,0.2833271490414347,0.7593713976368139
921,all,lgbm_process,99,False,0.32332196450978473,1.3950063854656456
921,all,knn,99,False,0.22460617505078434,1.6702473157938122
921,unseen,lgbm,21,False,0.18571428571428572,2.1410436514278874
921,unseen,ridge,21,False,0.37922077922077924,2.1410436514278874
921,unseen,lgbm_process,21,False,0.4324675324675325,0.478537803474671
921,unseen,knn,21,False,0.257875947345429,-1.1928730152387779
922,all,lgbm,102,False,0.43625990240371837,1.5015094347397184
922,all,ridge,102,False,0.3556157443271455,1.783904204526893
922,all,lgbm_process,102,False,0.2757244112976491,0.3248243426808539
922,all,knn,102,False,0.1840832885753345,0.9781452385470182
922,unseen,lgbm,21,False,0.44415584415584414,2.020739607436033
922,unseen,ridge,21,False,0.45584415584415583,3.006582630691847
922,unseen,lgbm_process,21,False,0.3194805194805195,2.854457630691849
922,unseen,knn,21,False,0.07859695120603756,-0.5967603925639651
923,all,lgbm,94,False,0.47624173680598203,2.4383925331763923
923,all,ridge,94,False,0.4009464292164866,2.0486422736892873
923,all,lgbm_process,94,False,0.31703933822201347,0.9228484572290387
923,all,knn,94,False,0.2531457173309361,1.1619211856630258
923,unseen,lgbm,20,False,0.6872180451127818,2.7762347321883603
923,unseen,ridge,20,False,0.5473684210526315,3.3318049076269567
923,unseen,lgbm_process,20,False,0.5293233082706766,3.06935973218836
923,unseen,knn,20,False,0.37293233082706767,0.740359732188363
924,all,lgbm,88,False,0.4666091366982495,1.3364131443072473
924,all,ridge,88,False,0.3830791447994083,0.6499762447140469
924,all,lgbm_process,88,False,0.35888133563453206,0.28198124610114306
924,all,knn,88,False,0.27299107660304306,1.605856481372065
924,unseen,lgbm,17,False,0.30637254901960786,1.0499757285027904
924,unseen,ridge,17,False,0.2034313725490196,1.0499757285027904
924,unseen,lgbm_process,17,False,0.37500000000000006,-2.2876135572114933
924,unseen,knn,17,False,0.2808093722164558,0.06832800123006422
925,all,lgbm,106,False,0.340776381086732,1.730571390772944
925,all,ridge,106,False,0.37382673753684165,1.5572595471821238
925,all,lgbm_process,106,False,0.3528890165238205,2.4648921001407924
925,all,knn,106,False,0.2337564844691834,1.553678021765375
925,unseen,lgbm,25,False,0.3069230769230769,0.9164264073728354
925,unseen,ridge,25,False,0.4915384615384616,2.233063249478098
925,unseen,lgbm_process,25,False,0.48692307692307696,3.1468058849847775
925,unseen,knn,25,False,0.24158492464585263,-1.4925914497700195
926,all,lgbm,104,False,0.4806892136989225,2.0693798984191947
926,all,ridge,104,False,0.4719940253920837,2.1234861660078153
926,all,lgbm_process,104,False,0.4151925744158755,2.7658563000083447
926,all,knn,104,False,0.2767383194914384,1.6550915635558408
926,unseen,lgbm,26,False,0.33606837606837603,4.020462913907227
926,unseen,ridge,26,False,0.2909401709401709,3.698081961526274
926,unseen,lgbm_process,26,False,0.5227350427350427,3.681343171709127
926,unseen,knn,26,False,0.02838577457384705,-2.334596609902297
927,all,lgbm,98,False,0.3465434908733877,1.8612550412237834
927,all,ridge,98,False,0.26149353837129974,0.5117956133968775
927,all,lgbm_process,98,False,0.20425442385590412,1.0346525606322938
927,all,knn,98,False,0.07531866398148503,1.001744100326615
927,unseen,lgbm,21,False,0.20129870129870128,1.5591832469922515
927,unseen,ridge,21,False,0.3168831168831169,1.3125165803255872
927,unseen,lgbm_process,21,False,0.34675324675324676,2.9773034515958336
927,unseen,knn,21,False,0.12987012987012986,1.5591832469922515
928,all,lgbm,105,False,0.5176135185569147,1.9877150748718844
928,all,ridge,105,False,0.4634563549657889,1.8450244932348667
928,all,lgbm_process,105,False,0.46268919759485794,1.950559879124695
928,all,knn,105,False,0.37962156761842486,1.5749028341832183
928,unseen,lgbm,26,False,0.6054700854700855,2.4565091314884206
928,unseen,ridge,26,False,0.5644444444444444,2.4565091314884206
928,unseen,lgbm_process,26,False,0.6649572649572648,3.5521352549938356
928,unseen,knn,26,False,0.32826124603544427,0.7045091314884218
929,all,lgbm,105,False,0.38397263114244246,1.5701839044915875
929,all,ridge,105,False,0.3686191167323242,2.0604880474304945
929,all,lgbm_process,105,False,0.2932985001526027,1.617804343321147
929,all,knn,105,False,0.24749424010654678,1.598401911801064
929,unseen,lgbm,27,False,0.17826617826617824,0.8191688611457106
929,unseen,ridge,27,False,0.20757020757020758,3.2048025484460645
929,unseen,lgbm_process,27,False,0.18315018315018314,1.6444775031210206
929,unseen,knn,27,False,-0.03907800381355493,-0.8626644721876211
930,all,lgbm,107,False,0.4434060228452752,1.0292332786746492
930,all,ridge,107,False,0.45043006328493895,1.3013385996169333
930,all,lgbm_process,107,False,0.3667694477994694,0.7056923824812138
930,all,knn,107,False,0.3006140544365596,1.884255514907867
930,unseen,lgbm,28,False,0.4247400109469075,-1.0992055315506555
930,unseen,ridge,28,False,0.4417077175697865,0.2563897065445815
930,unseen,lgbm_process,28,False,0.3497536945812808,0.11620793818506314
930,unseen,knn,28,False,0.23128507127771553,-0.5317630028150262
931,all,lgbm,100,False,0.48204020402040204,1.8869471894842125
931,all,ridge,100,False,0.3492109210921091,0.45501481393226584
931,all,lgbm_process,100,False,0.37807380738073804,0.9020499121673655
931,all,knn,100,False,0.26080694444019703,1.3695322358612483
931,unseen,lgbm,21,False,0.4454545454545455,-0.8281972114127463
931,unseen,ridge,21,False,0.20519480519480518,1.9759277885872528
931,unseen,lgbm_process,21,False,0.5857142857142857,-0.2559472114127459
931,unseen,knn,21,False,0.40415862982820766,-0.5407266231774521
932,all,lgbm,98,False,0.5303508469929676,1.5105767251494253
932,all,ridge,98,False,0.5131623408501169,1.7477348395137753
932,all,lgbm_process,98,False,0.38122652997468903,0.617950706080542
932,all,knn,98,False,0.3668779451032989,2.1468385241306116
932,unseen,lgbm,21,False,0.5922077922077922,1.9442574082550834
932,unseen,ridge,21,False,0.5454545454545454,0.5478937718914487
932,unseen,lgbm_process,21,False,0.4311688311688312,-0.5807425917449152
932,unseen,knn,21,False,0.41818181818181815,-0.38814185914418253
933,all,lgbm,98,False,0.45758022046681834,1.532267222789482
933,all,ridge,98,False,0.4371019260562706,1.5668692141845941
933,all,lgbm_process,98,False,0.40086325064233747,1.008791944194149
933,all,knn,98,False,0.31404105166837404,1.3411154039758788
933,unseen,lgbm,23,False,0.37549407114624506,0.11636216396113319
933,unseen,ridge,23,False,0.3804347826086957,2.5191399417389118
933,unseen,lgbm_process,23,False,0.29446640316205536,0.11636216396113319
933,unseen,knn,23,False,0.3735177865612649,-2.3575475582610874
934,all,lgbm,94,False,0.46786114221724523,2.1207305680838804
934,all,ridge,94,False,0.504273380775205,1.60963282652372
934,all,lgbm_process,94,False,0.3391612180760755,1.3250983461891632
934,all,knn,94,False,0.30293111691535207,1.4084829256919562
934,unseen,lgbm,19,False,0.46315789473684205,-1.0278046457234886
934,unseen,ridge,19,False,0.512280701754386,2.114664104276512
934,unseen,lgbm_process,19,False,0.38245614035087716,-0.18672314102129484
934,unseen,knn,19,False,0.41052631578947374,-1.0278046457234886
935,all,lgbm,105,False,0.4751917893427327,2.2705366312040915
935,all,ridge,105,False,0.44207961849471283,2.1565100647689626
935,all,lgbm_process,105,False,0.3564068007464234,1.9212753605828201
935,all,knn,105,False,0.27060275226580754,1.6697862119536726
935,unseen,lgbm,29,False,0.6778325123152708,2.6976116543569333
935,unseen,ridge,29,False,0.5847290640394087,3.76073131247659
935,unseen,lgbm_process,29,False,0.579310344827586,2.774367209912487
935,unseen,knn,29,False,0.22786057569067025,-0.7248883456430661
936,all,lgbm,108,False,0.39435251078910516,1.3050878563776287
936,all,ridge,108,False,0.3717644593062581,2.009363797608117
936,all,lgbm_process,108,False,0.33373345908714164,1.775857876028855
936,all,knn,108,False,0.25323173606423477,1.1362090384162524
936,unseen,lgbm,26,False,0.5528205128205128,2.539382419065282
936,unseen,ridge,26,False,0.49401709401709404,2.8179935301763948
936,unseen,lgbm_process,26,False,0.5938461538461539,2.994234497477656
936,unseen,knn,26,False,0.23354419900230045,-1.1651731364902727
937,all,lgbm,97,False,0.3968414685461813,2.2290656520051275
937,all,ridge,97,False,0.3465311382284872,1.278281349243711
937,all,lgbm_process,97,False,0.34842467915001046,1.1908451386969467
937,all,knn,97,False,0.26484039500581386,0.8493241225673831
937,unseen,lgbm,28,False,0.350848385331144,-1.2213719553828284
937,unseen,ridge,28,False,0.25889436234263824,2.0480312276410455
937,unseen,lgbm_process,28,False,0.40667761357416526,0.26568451638129176
937,unseen,knn,28,False,0.3103448275862069,-0.11480052681140052
938,all,lgbm,92,False,0.4520444492394001,2.1397207051748133
938,all,ridge,92,False,0.4586717630195891,1.9596916541557565
938,all,lgbm_process,92,False,0.4630488725860395,1.8465928622154326
938,all,knn,92,False,0.3154479116045497,2.800625092161658
938,unseen,lgbm,19,False,0.5105263157894736,0.5396350809437198
938,unseen,ridge,19,False,0.5649122807017544,2.7586460699547093
938,unseen,lgbm_process,19,False,0.5631578947368421,0.5396350809437198
938,unseen,knn,19,False,0.4456140350877193,3.819367223800862
939,all,lgbm,107,False,0.3826877485844159,0.3888247049726523
939,all,ridge,107,False,0.34701894629596974,1.753512319173332
939,all,lgbm_process,107,False,0.31976527753286704,1.4560416482770862
939,all,knn,107,False,0.16650133687543892,0.9857339500913174
939,unseen,lgbm,29,False,0.31576354679802954,-1.6070566243188757
939,unseen,ridge,29,False,0.32216748768472897,0.510019452236147
939,unseen,lgbm_process,29,False,0.41871921182266003,0.07109410031880259
939,unseen,knn,29,False,0.08720285815621326,-0.8601290148912675
940,all,lgbm,104,False,0.42337565347274086,0.9010523349149171
940,all,ridge,104,False,0.38056118638642916,1.8221454476501346
940,all,lgbm_process,104,False,0.32768590632668304,1.1692514141838064
940,all,knn,104,False,0.2278016399274472,1.0138924990738616
940,unseen,lgbm,27,False,0.3418803418803419,0.9773833668919352
940,unseen,ridge,27,False,0.39072039072039066,2.439729045904281
940,unseen,lgbm_process,27,False,0.3113553113553113,2.564970712570947
940,unseen,knn,27,False,0.10990688572562325,-1.1326166331080643
941,all,lgbm,107,False,0.27585767746233275,0.591087501548321
941,all,ridge,107,False,0.3354591586825761,0.9100513722484891
941,all,lgbm_process,107,False,0.2472429104293119,0.6845481967792644
941,all,knn,107,False,0.18978148835148698,1.2449917058136108
941,unseen,lgbm,29,False,0.31083743842364525,-1.816990871499943
941,unseen,ridge,29,False,0.4088669950738915,2.626818652309579
941,unseen,lgbm_process,29,False,0.2428571428571428,0.41573640122733124
941,unseen,knn,29,False,0.1689655172413793,-1.8674382019472748
942,all,lgbm,98,False,0.4677301098508756,1.493018409588359
942,all,ridge,98,False,0.3907261123755968,1.0865731714931215
942,all,lgbm_process,98,False,0.35850518175363943,0.8387551736706058
942,all,knn,98,False,0.29820092600215387,1.3201458456969917
942,unseen,lgbm,18,False,0.27966976264189886,0.31738020421844126
942,unseen,ridge,18,False,0.06707946336429307,-1.2263697957815598
942,unseen,lgbm_process,18,False,0.20123839009287925,-0.4119055100672746
942,unseen,knn,18,False,0.12487100103199174,-1.4711614624482277
943,all,lgbm,100,False,0.4076447644764476,1.537633166502351
943,all,ridge,100,False,0.37297329732973294,1.6016568759422078
943,all,lgbm_process,100,False,0.31524847059388994,0.753704830930154
943,all,knn,100,False,0.25992654435895196,1.1281824345495135
943,unseen,lgbm,25,False,0.4153846153846154,0.8055867831954231
943,unseen,ridge,25,False,0.4107692307692308,0.8055867831954231
943,unseen,lgbm_process,25,False,0.2553846153846154,0.8055867831954231
943,unseen,knn,25,False,0.34153846153846157,0.6539448557913019
944,all,lgbm,96,False,0.5172680412371133,2.7931564227897248
944,all,ridge,96,False,0.4502306022788931,2.1414599942182946
944,all,lgbm_process,96,False,0.42219207813347803,1.687835649505109
944,all,knn,96,False,0.3140461697079337,1.7915406303233876
944,unseen,lgbm,22,False,0.4624505928853756,3.482696260591016
944,unseen,ridge,22,False,0.4150197628458499,4.542696260591015
944,unseen,lgbm_process,22,False,0.48390739695087526,3.906223623775098
944,unseen,knn,22,False,0.23552669676845206,-1.2117351119580029
945,all,lgbm,92,False,0.3314581631552178,1.3270828644692596
945,all,ridge,92,False,0.3538523187892052,0.9919053353969183
945,all,lgbm_process,92,False,0.21736047963256938,1.149071900686618
945,all,knn,92,False,0.21721570873096815,0.33639098414735
945,unseen,lgbm,22,False,0.4138904573687183,0.9463305323646001
945,unseen,ridge,22,False,0.3675889328063242,1.247757285758265
945,unseen,lgbm_process,22,False,0.4319593450028233,3.515691420232951
945,unseen,knn,22,False,0.22761932565392368,-0.9923181162840482
946,all,lgbm,100,False,0.4605340534053405,1.3773747881934302
946,all,ridge,100,False,0.442052205220522,2.2304780312222956
946,all,lgbm_process,100,False,0.2563096309630963,0.43053999406476784
946,all,knn,100,False,0.27564581702936264,0.8082734500599233
946,unseen,lgbm,26,False,0.5104273504273503,0.8183368361842813
946,unseen,ridge,26,False,0.5528205128205128,2.53965958750703
946,unseen,lgbm_process,26,False,0.4044444444444444,0.3998141089115528
946,unseen,knn,26,False,0.2660283848078913,-1.2590011267786831
947,all,lgbm,98,False,0.4544179433722879,1.73697288511746
947,all,ridge,98,False,0.46982129309080706,1.5200411329042751
947,all,lgbm_process,98,False,0.3248920936697077,1.2488147610754314
947,all,knn,98,False,0.32802387666775606,1.805463450558026
947,unseen,lgbm,20,False,0.32481203007518794,-1.517260096379367
947,unseen,ridge,20,False,0.32481203007518794,2.8944065702872983
947,unseen,lgbm_process,20,False,0.21804511278195485,2.985900931189555
947,unseen,knn,20,False,0.09624060150375939,-1.517260096379367
948,all,lgbm,109,False,0.3242516912241683,1.4561034032459883
948,all,ridge,109,False,0.32900565285886385,1.6919142078055955
948,all,lgbm_process,109,False,0.22158280048188306,0.12767307979346576
948,all,knn,109,False,0.1586882335296157,1.6382611492686436
948,unseen,lgbm,25,False,0.54,2.358492349659148
948,unseen,ridge,25,False,0.4946153846153846,2.358492349659148
948,unseen,lgbm_process,25,False,0.6046153846153847,2.181617349659149
948,unseen,knn,25,False,0.16384615384615386,-1.381113742777826
949,all,lgbm,93,False,0.30304974485989666,1.6333294058452221
949,all,ridge,93,False,0.24866461758825453,0.53134387752627
949,all,lgbm_process,93,False,0.23095401509951954,1.3704441929717088
949,all,knn,93,False,0.14500755551865765,1.4505059923978632
949,unseen,lgbm,21,False,0.17792207792207793,1.1541711421303251
949,unseen,ridge,21,False,0.0935064935064935,0.162407984235589
949,unseen,lgbm_process,21,False,0.12207792207792208,1.1095909350575806
949,unseen,knn,21,False,0.06495615802151863,-1.7431621912030089
950,all,lgbm,92,False,0.42383983477952625,1.3907103494857775
950,all,ridge,92,False,0.3593391181048965,0.43174882975169027
950,all,lgbm_process,92,False,0.3765547215757594,1.6871168967481598
950,all,knn,92,False,0.3427666429540931,1.7843585871565146
950,unseen,lgbm,18,False,0.19091847265221878,0.40520381389443827
950,unseen,ridge,18,False,0.11042311661506708,0.40520381389443827
950,unseen,lgbm_process,18,False,0.4984520123839009,0.40520381389443827
950,unseen,knn,18,False,0.25503359103361567,0.6449025318431563
951,all,lgbm,92,False,0.32774378496678636,0.6618876820391577
951,all,ridge,92,False,0.3369603748285375,0.6114009303798458
951,all,lgbm_process,92,False,0.3123468396960683,1.7859331588402725
951,all,knn,92,False,0.15905876768067254,0.27985925843058723
951,unseen,lgbm,24,False,0.13478260869565215,0.6128683289014187
951,unseen,ridge,24,False,0.1452173913043478,0.6128683289014187
951,unseen,lgbm_process,24,False,0.21652173913043476,2.6460285020615917
951,unseen,knn,24,False,0.03739130434782608,-2.3244256271425385
952,all,lgbm,99,False,0.4438218923933209,1.9306487941580617
952,all,ridge,99,False,0.4666295609152752,1.8995801688607106
952,all,lgbm_process,99,False,0.3132220160791589,1.2630935163802892
952,all,knn,99,False,0.27351442359232925,2.1284484306871114
952,unseen,lgbm,27,False,0.5097680097680098,3.038366440245955
952,unseen,ridge,27,False,0.48229548229548225,2.643699773579293
952,unseen,lgbm_process,27,False,0.3247863247863248,2.9524467821263016
952,unseen,knn,27,False,0.23809523809523808,-0.18297421909470124
953,all,lgbm,95,False,0.4800111982082867,2.1861870649000767
953,all,ridge,95,False,0.42557390817469204,1.4654473877402676
953,all,lgbm_process,95,False,0.37099664053751397,0.76848010832928
953,all,knn,95,False,0.3421505789180774,1.5132721328408945
953,unseen,lgbm,21,False,0.5376623376623377,0.4537556228828805
953,unseen,ridge,21,False,0.638961038961039,2.614450067327324
953,unseen,lgbm_process,21,False,0.49350649350649345,3.2697748536521107
953,unseen,knn,21,False,0.6805194805194805,-0.799494377117119
954,all,lgbm,92,False,0.33085708120771234,1.579146785065312
954,all,ridge,92,False,0.25737096003575666,1.5393949033384722
954,all,lgbm_process,92,False,0.18047870782793643,0.00991868471037094
954,all,knn,92,False,0.23333873095033875,1.3176737668518044
954,unseen,lgbm,27,False,0.2032967032967033,-0.06287012857341878
954,unseen,ridge,27,False,0.23015873015873015,2.256574315871026
954,unseen,lgbm_process,27,False,0.16727716727716724,-0.4510923507956406
954,unseen,knn,27,False,0.19264234692463408,-0.31435329355658226
955,all,lgbm,100,False,0.4047164716471647,1.242219689957766
955,all,ridge,100,False,0.3374137413741374,0.7955473912253144
955,all,lgbm_process,100,False,0.27890789078907885,0.6690233796679443
955,all,knn,100,False,0.25816247387273267,1.5441893510154383
955,unseen,lgbm,21,False,0.4454545454545455,1.4186567106514012
955,unseen,ridge,21,False,0.3077922077922078,2.6746150439847334
955,unseen,lgbm_process,21,False,0.3090909090909091,-0.5800584056276659
955,unseen,knn,21,False,0.26826893262887197,-1.6186834056276673
956,all,lgbm,99,False,0.48930117501546067,1.8079723057059311
956,all,ridge,99,False,0.519121830550402,1.7537585167854814
956,all,lgbm_process,99,False,0.4301175015460729,1.4642508233091025
956,all,knn,99,False,0.4000074236997933,1.9392883362139965
956,unseen,lgbm,22,False,0.2275550536420102,0.24000736208558315
956,unseen,ridge,22,False,0.30999435347261434,2.3991145049427285
956,unseen,lgbm_process,22,False,0.3314511575381141,0.24000736208558315
956,unseen,knn,22,False,0.4032759268409467,-1.217468828390606
957,all,lgbm,103,False,0.4019637184363613,0.82929148267975
957,all,ridge,103,False,0.3461218482908763,2.211392997831263
957,all,lgbm_process,103,False,0.3514539808418907,1.2340225055430665
957,all,knn,103,False,0.331460613575784,1.6301663960082333
957,unseen,lgbm,29,False,0.15913289934721403,0.297187341235821
957,unseen,ridge,29,False,0.29141520112655445,2.781354007902486
957,unseen,lgbm_process,29,False,0.26924498295124605,0.297187341235821
957,unseen,knn,29,False,0.27959108476639,0.47895261300109304
958,all,lgbm,95,False,0.3828400855289592,1.747147201514725
958,all,ridge,95,False,0.40839308648446615,1.4798308694054985
958,all,lgbm_process,95,False,0.29120342666551013,2.0877475355582114
958,all,knn,95,False,0.1870979498404977,1.6542286174353595
958,unseen,lgbm,25,False,0.54,4.391733184470976
958,unseen,ridge,25,False,0.42846153846153845,4.122194722932516
958,unseen,lgbm_process,25,False,0.6423076923076922,2.370765620633847
958,unseen,knn,25,False,0.1946153846153846,-1.2125799468421548
959,all,lgbm,110,False,0.4416698600184839,1.7181151152733722
959,all,ridge,110,False,0.3788156797331109,1.0579479408364136
959,all,lgbm_process,110,False,0.36449375491775965,2.2646893398963126
959,all,knn,110,False,0.2992398299165935,2.2450445340469436
959,unseen,lgbm,29,False,0.33103448275862063,1.8408345052818689
959,unseen,ridge,29,False,0.3408866995073891,1.1839405658879265
959,unseen,lgbm_process,29,False,0.37093596059113293,1.7158435509625551
959,unseen,knn,29,False,0.31066766155924874,0.27848000792736727
960,all,lgbm,98,False,0.46960452409642395,0.6936102147222911
960,all,ridge,98,False,0.519142614871628,0.5717371738086339
960,all,lgbm_process,98,False,0.37703261427619944,1.632304031031838
960,all,knn,98,False,0.37487686281366145,1.486187272977622
960,unseen,lgbm,28,False,0.20032840722495895,-1.434050720561812
960,unseen,ridge,28,False,0.39792008757526,0.038520708009617266
960,unseen,lgbm_process,28,False,0.2019704433497537,0.19856623850251687
960,unseen,knn,28,False,0.2389489552963854,-0.3864596841472494
961,all,lgbm,104,False,0.41222660834311325,1.1320364970111303
961,all,ridge,104,False,0.37855542515736695,1.9738744902523546
961,all,lgbm_process,104,False,0.37849141150112026,1.3423358045551321
961,all,knn,104,False,0.3209515622896765,0.9214492601848612
961,unseen,lgbm,29,False,0.2669950738916256,0.9108363120375422
961,unseen,ridge,29,False,0.3054187192118226,2.227151011830502
961,unseen,lgbm_process,29,False,0.5029556650246305,2.468082688849135
961,unseen,knn,29,False,0.30623307162422375,-1.2399178967166673
962,all,lgbm,96,False,0.31768855127509493,1.6874588346773631
962,all,ridge,96,False,0.30747422680412373,0.7735449457884727
962,all,lgbm_process,96,False,0.33075149213239285,1.2635752672714364
962,all,knn,96,False,0.2660805941390026,1.4020421354521488
962,unseen,lgbm,20,False,0.4060150375939849,0.12006415343446442
962,unseen,ridge,20,False,0.5383458646616541,3.846314153434463
962,unseen,lgbm_process,20,False,0.5233082706766917,2.9499505170708282
962,unseen,knn,20,False,0.27669172932330827,-1.2540694672551886
963,all,lgbm,98,False,0.37379262857907924,0.786009669897652
963,all,ridge,98,False,0.3895275073478313,1.2568650270405097
963,all,lgbm_process,98,False,0.28600118585391043,1.0164874263242183
963,all,knn,98,False,0.2967936539987953,1.7629635458012043
963,unseen,lgbm,23,False,0.3181818181818182,-0.07684125082826299
963,unseen,ridge,23,False,0.34189723320158105,1.1897028668187986
963,unseen,lgbm_process,23,False,0.39624505928853754,-1.1227971331812014
963,unseen,knn,23,False,0.3883399209486166,0.7180613465743342
964,all,lgbm,94,False,0.4241953545497237,1.424932965112749
964,all,ridge,94,False,0.39067297619477653,1.3738417362472983
964,all,lgbm_process,94,False,0.29838529061156666,1.6454630296340298
964,all,knn,94,False,0.24869040090819092,0.9645992156893559
964,unseen,lgbm,20,False,0.5669172932330826,1.8810163590678481
964,unseen,ridge,20,False,0.4812030075187969,2.558379995431485
964,unseen,lgbm_process,20,False,0.6451127819548872,3.505206082388005
964,unseen,knn,20,False,0.3233082706766917,-0.025983640932151886
965,all,lgbm,99,False,0.4419047619047619,0.9264063225897381
965,all,ridge,99,False,0.46885590599876314,0.8662151631991506
965,all,lgbm_process,99,False,0.3227962980729658,1.3193871977189833
965,all,knn,99,False,0.2924524237634148,0.9810788816270826
965,unseen,lgbm,29,False,0.51871921182266,-0.04547612797232681
965,unseen,ridge,29,False,0.3975369458128078,0.8779216311313149
965,unseen,lgbm_process,29,False,0.4177339901477831,1.46340304757849
965,unseen,knn,29,False,0.26752063264872206,-0.3208534173496176
966,all,lgbm,92,False,0.33743815791501625,1.9950483753188983
966,all,ridge,92,False,0.3368679006827674,1.6904424108979832
966,all,lgbm_process,92,False,0.29185723478336795,1.6180455183266034
966,all,knn,92,False,0.27589555620245027,2.0763289232273703
966,unseen,lgbm,23,False,0.43577075098814233,-1.0100513968505958
966,unseen,ridge,23,False,0.44960474308300397,1.420920825371626
966,unseen,lgbm_process,23,False,0.5158102766798419,0.7604986031494025
966,unseen,knn,23,False,0.4170990984758805,-0.08949584129504018
967,all,lgbm,92,False,0.3038238059275927,1.0516760133749994
967,all,ridge,92,False,0.33375460444184146,0.7525508577616407
967,all,lgbm_process,92,False,0.3073840605397407,1.1630566353319853
967,all,knn,92,False,0.15934858009573094,0.29561925042852977
967,unseen,lgbm,24,False,0.2939130434782608,2.1498653209473915
967,unseen,ridge,24,False,0.4356521739130434,2.1498653209473915
967,unseen,lgbm_process,24,False,0.40347826086956523,2.1498653209473915
967,unseen,knn,24,False,0.1269565217391304,-0.7133087861954657
968,all,lgbm,98,False,0.49872329031133517,1.8788601707906114
968,all,ridge,98,False,0.4574605431378978,1.370702156256126
968,all,lgbm_process,98,False,0.41223856141645293,1.6219950879109355
968,all,knn,98,False,0.29195425859509966,0.5969293701079668
968,unseen,lgbm,24,False,0.47478260869565214,3.041085007630212
968,unseen,ridge,24,False,0.5182608695652173,2.2450850076302125
968,unseen,lgbm_process,24,False,0.6408695652173912,3.137911094586734
968,unseen,knn,24,False,0.07610350256010406,-2.3744604469152435
969,all,lgbm,100,False,0.32949294929492945,0.9165584585848912
969,all,ridge,100,False,0.30435043504350434,1.5643193993237396
969,all,lgbm_process,100,False,0.21378937893789376,0.7103979907321136
969,all,knn,100,False,0.21037565295692034,0.858449123765963
969,unseen,lgbm,21,False,0.22987012987012984,1.6335704942185938
969,unseen,ridge,21,False,0.17662337662337665,2.4815334571815555
969,unseen,lgbm_process,21,False,0.3311688311688311,4.448786082941643
969,unseen,knn,21,False,0.12276713866067022,-2.113588596690498
970,all,lgbm,97,False,0.3751446454870607,1.3899738948779081
970,all,ridge,97,False,0.35236955606985054,1.7658335205463551
970,all,lgbm_process,97,False,0.28901483273721856,1.2597431313385279
970,all,knn,97,False,0.25587833119288406,1.3445903305754108
970,unseen,lgbm,24,False,0.3026086956521739,1.3864596386148573
970,unseen,ridge,24,False,0.48521739130434777,3.446096002251222
970,unseen,lgbm_process,24,False,0.3695652173913043,1.3864596386148573
970,unseen,knn,24,False,0.14528057050738225,0.22006612009634097
971,all,lgbm,107,False,0.34777327141989456,1.144122310876197
971,all,ridge,107,False,0.37950390877564216,0.6714320033766814
971,all,lgbm_process,107,False,0.3154352553929348,0.7252840634047608
971,all,knn,107,False,0.1807649455354551,0.9335895164998149
971,unseen,lgbm,29,False,0.43940886699507375,1.6640191807871627
971,unseen,ridge,29,False,0.4551724137931034,0.8563760987230253
971,unseen,lgbm_process,29,False,0.5270935960591132,3.2516061514668255
971,unseen,knn,29,False,0.2384530132633176,0.22199115618018794
972,all,lgbm,92,False,0.4517362020868332,2.310562749741564
972,all,ridge,92,False,0.4823143196214724,1.8648237354205737
972,all,lgbm_process,92,False,0.3704976650278193,2.522446632775729
972,all,knn,92,False,0.3632762260813631,2.393667117127734
972,unseen,lgbm,24,False,0.29739130434782607,-0.8678359708079757
972,unseen,ridge,24,False,0.3521739130434782,0.04012037839837568
972,unseen,lgbm_process,24,False,0.2939130434782608,0.04012037839837568
972,unseen,knn,24,False,0.16528927183474626,-0.7340859708079766
973,all,lgbm,104,False,0.4809239304384936,2.4378641284657867
973,all,ridge,104,False,0.48129734343326586,2.30683074112552
973,all,lgbm_process,104,False,0.4023898431665422,1.2041135299423953
973,all,knn,104,False,0.3312251437928866,1.5848116469132965
973,unseen,lgbm,25,False,0.5615384615384615,4.34815728205618
973,unseen,ridge,25,False,0.5230769230769231,4.34815728205618
973,unseen,lgbm_process,25,False,0.5800000000000001,3.795969782056181
973,unseen,knn,25,False,0.2076923076923077,0.5606388161470903
974,all,lgbm,98,False,0.3976499690785405,1.6079452469618793
974,all,ridge,98,False,0.3900375520404975,1.6244081311747358
974,all,lgbm_process,98,False,0.28935472970819065,1.0865859428316753
974,all,knn,98,False,0.2738240253434568,1.8714662318219641
974,unseen,lgbm,24,False,0.45826086956521733,-1.5500029475279344
974,unseen,ridge,24,False,0.43652173913043474,0.795135941360952
974,unseen,lgbm_process,24,False,0.3678260869565217,1.3880470524720625
974,unseen,knn,24,False,0.3678260869565217,-0.04484385661884538
975,all,lgbm,98,False,0.432857183845207,2.4305479675046957
975,all,ridge,98,False,0.45848063577506565,1.735004703887638
975,all,lgbm_process,98,False,0.3146603250923711,0.8784864776268702
975,all,knn,98,False,0.29638143407608136,1.854952560671732
975,unseen,lgbm,23,False,0.37549407114624506,-0.49396448986506236
975,unseen,ridge,23,False,0.5395256916996047,2.8685749008912413
975,unseen,lgbm_process,23,False,0.1373517786561265,0.7327765815635079
975,unseen,knn,23,False,0.008893280632411068,-0.5182812600513991
976,all,lgbm,102,False,0.41019276113790704,1.295728979782572
976,all,ridge,102,False,0.3457769534806136,1.8229795195350285
976,all,lgbm_process,102,False,0.33424181938467973,1.4716407362168322
976,all,knn,102,False,0.23728209905432063,1.3704737902442865
976,unseen,lgbm,26,False,0.24307692307692305,1.9555709594213742
976,unseen,ridge,26,False,0.3237606837606838,4.085873989724405
976,unseen,lgbm_process,26,False,0.4625641025641026,1.5795383507257217
976,unseen,knn,26,False,0.08890408746793282,-0.9046426769422613
977,all,lgbm,95,False,0.32982922732362824,1.6944743181594237
977,all,ridge,95,False,0.29675251959686455,1.9913806712532462
977,all,lgbm_process,95,False,0.17075927617432446,0.8775504518173403
977,all,knn,95,False,0.07906231250894999,0.5293708348471906
977,unseen,lgbm,28,False,0.39518336070060206,0.6591983326897584
977,unseen,ridge,28,False,0.28790366721401206,3.7272047122750838
977,unseen,lgbm_process,28,False,0.2654625068418172,-0.009564293572868365
977,unseen,knn,28,False,0.02079912424740011,-1.6949582329668083
978,all,lgbm,104,False,0.43840936309065337,1.9719659015245536
978,all,ridge,104,False,0.40849356794546227,0.90709664797442
978,all,lgbm_process,104,False,0.2940322950618535,0.8613962656342533
978,all,knn,104,False,0.36167358129909477,1.7470799628766116
978,unseen,lgbm,26,False,0.38160369851620396,1.1254787307878296
978,unseen,ridge,26,False,0.23833134217365068,1.1254787307878296
978,unseen,lgbm_process,26,False,0.2773123651403597,0.12109276587554874
978,unseen,knn,26,False,0.4732432963677655,0.48325702972466544
979,all,lgbm,104,False,0.37354102208471146,1.175372532082502
979,all,ridge,104,False,0.3570041608876561,1.1426910695580954
979,all,lgbm_process,104,False,0.33727818542258414,1.1367154978167253
979,all,knn,104,False,0.33259444909370656,1.486236318246295
979,unseen,lgbm,25,False,0.10307692307692308,0.7421583281193378
979,unseen,ridge,25,False,0.14846153846153848,0.7421583281193378
979,unseen,lgbm_process,25,False,0.22538461538461538,0.3462916614526712
979,unseen,knn,25,False,0.20315507467615126,-2.372207866849216
980,all,lgbm,109,False,0.3815216384023724,1.8309254096602423
980,all,ridge,109,False,0.32347326475766847,1.3170490182883015
980,all,lgbm_process,109,False,0.2971365026410898,0.9235446287085072
980,all,knn,109,False,0.2822045526308194,1.8282110039231778
980,unseen,lgbm,27,False,0.3156288156288157,2.2026800312708605
980,unseen,ridge,27,False,0.3003663003663003,2.2026800312708605
980,unseen,lgbm_process,27,False,0.34798534798534797,0.6320451106359393
980,unseen,knn,27,False,0.21187605192661815,-1.8580910255001974
981,all,lgbm,103,False,0.39119404296445986,1.5516765990468357
981,all,ridge,103,False,0.36572508017396654,1.1884891391618204
981,all,lgbm_process,103,False,0.3251612407242211,1.242074197642527
981,all,knn,103,False,0.26740919761054005,1.425530669770227
981,unseen,lgbm,21,False,0.45714285714285713,3.8742694850401644
981,unseen,ridge,21,False,0.30129870129870134,2.4187694850401673
981,unseen,lgbm_process,21,False,0.40649350649350646,2.1593250405957196
981,unseen,knn,21,False,0.03636363636363636,-1.1500941513234704
982,all,lgbm,104,False,0.33318041182118857,2.3892774358258
982,all,ridge,104,False,0.3880294462818735,2.4151883211569434
982,all,lgbm_process,104,False,0.25142430385148834,2.147357256058015
982,all,knn,104,False,0.2095952460934787,1.7237401487971766
982,unseen,lgbm,30,False,0.3125695216907675,3.1453870318551047
982,unseen,ridge,30,False,0.3664071190211346,4.115327508045581
982,unseen,lgbm_process,30,False,0.34905450500556173,4.675206683596397
982,unseen,knn,30,False,0.17221048054054477,-1.3196500051819324
983,all,lgbm,84,False,0.5236610306773313,2.4443538395013977
983,all,ridge,84,False,0.5082919914953934,1.707993880779549
983,all,lgbm_process,84,False,0.42322567581249365,1.645183662386959
983,all,knn,84,False,0.38278612057630185,2.51524640077999
983,unseen,lgbm,17,False,0.5588235294117647,1.2538495207898954
983,unseen,ridge,17,False,0.6176470588235294,1.2538495207898954
983,unseen,lgbm_process,17,False,0.5882352941176471,1.2538495207898954
983,unseen,knn,17,False,0.6155733836360735,2.4066309060712783
984,all,lgbm,112,False,0.4119913212833567,2.0541354684768436
984,all,ridge,112,False,0.45304438446031364,2.00152405336995
984,all,lgbm_process,112,False,0.2686521266537686,0.9024035916955384
984,all,knn,112,False,0.22334704605136826,0.7364752739329301
984,unseen,lgbm,32,False,0.4013929618768328,1.7746054623801069
984,unseen,ridge,32,False,0.40762463343108496,1.470795938570582
984,unseen,lgbm_process,32,False,0.2346041055718475,1.5450808246989478
984,unseen,knn,32,False,0.09054252199413489,-2.642338982064338
985,all,lgbm,100,False,0.3988838883888388,0.956771306796723
985,all,ridge,100,False,0.4502130213021302,1.865253951231992
985,all,lgbm_process,100,False,0.34567056705670557,2.9192063712492438
985,all,knn,100,False,0.22985243138707415,1.465994636924302
985,unseen,lgbm,24,False,0.3695652173913043,3.475496298784112
985,unseen,ridge,24,False,0.5504347826086956,2.5694402643013525
985,unseen,lgbm_process,24,False,0.40086956521739125,3.306669741913293
985,unseen,knn,24,False,0.0983036195648754,-1.6035256447895563
986,all,lgbm,101,False,0.30770619600071064,1.0301853032448953
986,all,ridge,101,False,0.30839926732590667,1.4828140804420347
986,all,lgbm_process,101,False,0.20839958299116476,1.0441937955589093
986,all,knn,101,False,0.12576887309080967,0.15724105903482943
986,unseen,lgbm,33,False,0.22760695187165775,-1.4603610798053044
986,unseen,ridge,33,False,0.3018048128342246,1.1386944757502526
986,unseen,lgbm_process,33,False,0.2690508021390375,0.033022978165709205
986,unseen,knn,33,False,0.13836898395721925,-0.5380925612867866
987,all,lgbm,97,False,0.4260598569324636,2.6758011258439485
987,all,ridge,97,False,0.5047338523038081,2.2686605387809493
987,all,lgbm_process,97,False,0.3960393435724805,2.1041992068707795
987,all,knn,97,False,0.2531282684046557,1.572344112151642
987,unseen,lgbm,23,False,0.45652173913043476,2.7099320708901296
987,unseen,ridge,23,False,0.6007905138339922,2.9371115580696134
987,unseen,lgbm_process,23,False,0.6837944664031621,3.4844723007751846
987,unseen,knn,23,False,0.09288537549407114,-0.4442679291098717
988,all,lgbm,97,False,0.32345360824742264,1.82002976199891
988,all,ridge,97,False,0.38966179255207234,2.260531268455148
988,all,lgbm_process,97,False,0.2516831474857984,0.8118996589454497
988,all,knn,97,False,0.20964830801915432,0.9969714443087785
988,unseen,lgbm,23,False,0.22035573122529645,4.4104746034252695
988,unseen,ridge,23,False,0.44169960474308306,4.4104746034252695
988,unseen,lgbm_process,23,False,0.34782608695652173,2.9355352094858755
988,unseen,knn,23,False,0.04545454545454545,-2.134367544010628
989,all,lgbm,104,False,0.4007468259895445,1.610048432346396
989,all,ridge,104,False,0.3962445321668623,1.2779021524324108
989,all,lgbm_process,104,False,0.3096722225345021,1.5762174977609469
989,all,knn,104,False,0.30952425545356943,1.3386852411233683
989,unseen,lgbm,27,False,0.13186813186813187,1.2718422811814172
989,unseen,ridge,27,False,0.34493284493284493,1.2718422811814172
989,unseen,lgbm_process,27,False,0.14224664224664224,0.9358220791612162
989,unseen,knn,27,False,0.29836619407783155,-1.653848079129629
990,all,lgbm,90,False,0.450253117668848,2.4697327972297245
990,all,ridge,90,False,0.38855002675227396,2.638297607074927
990,all,lgbm_process,90,False,0.3596246450179034,2.4042567972922697
990,all,knn,90,False,0.2528864331534088,1.374389523573461
990,unseen,lgbm,24,False,0.6208695652173912,4.967188741856473
990,unseen,ridge,24,False,0.5782608695652174,3.9064675880103206
990,unseen,lgbm_process,24,False,0.577391304347826,4.790313741856474
990,unseen,knn,24,False,0.19478260869565217,-1.266742508143528
991,all,lgbm,97,False,0.4880207237534189,2.3610527390431884
991,all,ridge,97,False,0.439340942562592,1.6094741472673721
991,all,lgbm_process,97,False,0.48429938985903637,2.6181254776817724
991,all,knn,97,False,0.29566967255532023,1.5126316987883346
991,unseen,lgbm,22,False,0.41050254093732363,2.2466400728900737
991,unseen,ridge,22,False,0.453416149068323,2.614760443260444
991,unseen,lgbm_process,22,False,0.5076228119706382,4.3634747289747295
991,unseen,knn,22,False,0.10900875893599819,-2.060145641395641
992,all,lgbm,94,False,0.37855138009631845,1.9780948677455044
992,all,ridge,94,False,0.3854509462545333,1.7331584941223053
992,all,lgbm_process,94,False,0.3093895509522442,-0.05573483252012146
992,all,knn,94,False,0.15492662693614667,0.97647699178453
992,unseen,lgbm,24,False,0.2713043478260869,0.4518445308401784
992,unseen,ridge,24,False,0.3947826086956522,-0.4900304691598212
992,unseen,lgbm_process,24,False,0.308695652173913,-0.11220438220330031
992,unseen,knn,24,False,-0.04957599595343922,-1.623865157506705
993,all,lgbm,93,False,0.47547074095073255,2.725791260778907
993,all,ridge,93,False,0.4374384530452686,2.7095742127619626
993,all,lgbm_process,93,False,0.3064963743248485,0.8554565155597231
993,all,knn,93,False,0.20502891457657518,0.5875058027183595
993,unseen,lgbm,21,False,0.36233766233766235,4.796431865721587
993,unseen,ridge,21,False,0.48441558441558447,4.796431865721587
993,unseen,lgbm_process,21,False,0.36363636363636365,3.038431865721588
993,unseen,knn,21,False,0.07662337662337662,-1.3336085306198768
994,all,lgbm,103,False,0.4577823661204587,2.0593499881854154
994,all,ridge,103,False,0.4319180248649124,2.4985641984196274
994,all,lgbm_process,103,False,0.4000032948310965,2.819647357452622
994,all,knn,103,False,0.34720098068681543,2.264211221093351
994,unseen,lgbm,24,False,0.41739130434782606,1.992236979819893
994,unseen,ridge,24,False,0.4130434782608695,3.340673127006042
994,unseen,lgbm_process,24,False,0.5530434782608695,1.7862981270060434
994,unseen,knn,24,False,0.13484124807571407,-0.9281162810496681
995,all,lgbm,104,False,0.31479782353568764,0.9844352297490957
995,all,ridge,104,False,0.30084284647391446,1.7816004720336949
995,all,lgbm_process,104,False,0.24105409153952848,0.6570181203763426
995,all,knn,104,False,0.17886495627368168,0.9204954208057998
995,unseen,lgbm,25,False,0.16692307692307692,0.8934363369775014
995,unseen,ridge,25,False,0.28769230769230764,0.8934363369775014
995,unseen,lgbm_process,25,False,0.22230769230769232,0.8934363369775014
995,unseen,knn,25,False,0.07384615384615385,-1.1861732689338282
996,all,lgbm,98,False,0.42829090399046205,1.3699125865589448
996,all,ridge,98,False,0.348048122716753,0.9857135450775534
996,all,lgbm_process,98,False,0.3694189953394666,1.360440400650095
996,all,knn,98,False,0.1716972713869964,0.4987808584989466
996,unseen,lgbm,22,False,0.06041784302653869,-1.8823002342371176
996,unseen,ridge,22,False,0.20722755505364204,0.3882354800485963
996,unseen,lgbm_process,22,False,0.27724449463579903,1.1145053213184362
996,unseen,knn,22,False,-0.019203615563854602,-2.08384817159388
997,all,lgbm,102,False,0.42357125489819114,1.6520503381447451
997,all,ridge,102,False,0.4362259755387303,1.6538573106049093
997,all,lgbm_process,102,False,0.3801629059588109,1.244424947982493
997,all,knn,102,False,0.29173676482834804,1.2857190852843932
997,unseen,lgbm,28,False,0.24083196496989598,-1.4713814112531516
997,unseen,ridge,28,False,0.36288998357963875,1.7044366595649176
997,unseen,lgbm_process,28,False,0.37766830870279144,0.2482804244956398
997,unseen,knn,28,False,0.09852216748768472,-1.6993700578267052
998,all,lgbm,104,False,0.45348340979408946,1.084495123487562
998,all,ridge,104,False,0.34118211885202177,1.0470650449049703
998,all,lgbm_process,104,False,0.3296383228422064,1.1811630607779833
998,all,knn,104,False,0.19408877617954703,0.7145927500215592
998,unseen,lgbm,25,False,0.45615384615384613,1.0671678137133593
998,unseen,ridge,25,False,0.40076923076923077,0.8176440041895496
998,unseen,lgbm_process,25,False,0.4969230769230769,1.6343900359355832
998,unseen,knn,25,False,0.25846153846153846,1.439858289903837
999,all,lgbm,102,False,0.3694918321072541,1.8479440607549158
999,all,ridge,102,False,0.326924925502259,0.6121641554078732
999,all,lgbm_process,102,False,0.2564814448320903,0.9585210774361368
999,all,knn,102,False,0.16097017616259807,0.7496068769017068
999,unseen,lgbm,24,False,0.3608695652173913,-1.23752700635257
999,unseen,ridge,24,False,0.42,2.0255354936474284
999,unseen,lgbm_process,24,False,0.26086956521739124,1.283335493647428
999,unseen,knn,24,False,0.0826086956521739,-1.2758463340836634
