doi,role,source
10.1002/adem.201900976,train,v2 split (seed 0)
10.1002/adfm.201302090,test,v2 split (seed 0)
10.1002/adfm.201304022,train,v2 split (seed 0)
10.1002/adfm.201401557,train,v2 split (seed 0)
10.1002/adfm.201401658,train,v2 split (seed 0)
10.1002/adfm.201401872,train,v2 split (seed 0)
10.1002/adfm.201500335,train,v2 split (seed 0)
10.1002/adfm.201500616,train,v2 split (seed 0)
10.1002/adfm.201500669,train,v2 split (seed 0)
10.1002/adfm.201501264,test,v2 split (seed 0)
10.1002/adfm.201501289,test,v2 split (seed 0)
10.1002/adfm.201502541,train,v2 split (seed 0)
10.1002/adfm.201502553,train,v2 split (seed 0)
10.1002/adfm.201503448,train,sha1 mod 5
10.1002/adfm.201503559,train,v2 split (seed 0)
10.1002/adfm.201504190,train,v2 split (seed 0)
10.1002/adfm.201504245,test,v2 split (seed 0)
10.1002/adfm.201504477,train,v2 split (seed 0)
10.1002/adfm.201505215,train,v2 split (seed 0)
10.1002/adfm.201600746,train,v2 split (seed 0)
10.1002/adfm.201601119,train,v2 split (seed 0)
10.1002/adfm.201601175,train,v2 split (seed 0)
10.1002/adfm.201601309,train,v2 split (seed 0)
10.1002/adfm.201601557,test,v2 split (seed 0)
10.1002/adfm.201602519,test,v2 split (seed 0)
10.1002/adfm.201603023,train,v2 split (seed 0)
10.1002/adfm.201603968,train,v2 split (seed 0)
10.1002/adfm.201604944,train,v2 split (seed 0)
10.1002/adfm.201605988,train,v2 split (seed 0)
10.1002/adfm.201701804,train,v2 split (seed 0)
10.1002/adfm.201701818,test,v2 split (seed 0)
10.1002/adfm.201702090,test,v2 split (seed 0)
10.1002/adfm.201703061,train,v2 split (seed 0)
10.1002/adfm.201703068,train,v2 split (seed 0)
10.1002/adfm.201705875,test,v2 split (seed 0)
10.1002/adfm.201706276,train,v2 split (seed 0)
10.1002/adfm.201706317,train,v2 split (seed 0)
10.1002/adfm.201706377,train,v2 split (seed 0)
10.1002/adfm.201706777,train,v2 split (seed 0)
10.1002/adfm.201800110,train,v2 split (seed 0)
10.1002/adfm.201800475,test,v2 split (seed 0)
10.1002/adfm.201801237,test,v2 split (seed 0)
10.1002/adfm.201801508,train,v2 split (seed 0)
10.1002/adfm.201801654,train,v2 split (seed 0)
10.1002/adfm.201801808,train,v2 split (seed 0)
10.1002/adfm.201803126,train,v2 split (seed 0)
10.1002/adfm.201803200,train,v2 split (seed 0)
10.1002/adfm.201803801,train,v2 split (seed 0)
10.1002/adfm.201803943,train,v2 split (seed 0)
10.1002/adfm.201804067,train,v2 split (seed 0)
10.1002/adfm.201804128,test,v2 split (seed 0)
10.1002/adfm.201804356,train,v2 split (seed 0)
10.1002/adfm.201804419,train,v2 split (seed 0)
10.1002/adfm.201804856,train,v2 split (seed 0)
10.1002/adfm.201805098,test,v2 split (seed 0)
10.1002/adfm.201806427,train,v2 split (seed 0)
10.1002/adfm.201806740,train,v2 split (seed 0)
10.1002/adfm.201806779,train,v2 split (seed 0)
10.1002/adfm.201807094,train,v2 split (seed 0)
10.1002/adfm.201807556,train,v2 split (seed 0)
10.1002/adfm.201808119,train,sha1 mod 5
10.1002/adfm.201808625,train,v2 split (seed 0)
10.1002/adfm.201900221,train,v2 split (seed 0)
10.1002/adfm.201900265,train,v2 split (seed 0)
10.1002/adfm.201900417,train,v2 split (seed 0)
10.1002/adfm.201900466,test,sha1 mod 5
10.1002/adfm.201900557,train,v2 split (seed 0)
10.1002/adfm.201901026,train,v2 split (seed 0)
10.1002/adfm.201901296,train,v2 split (seed 0)
10.1002/adfm.201901476,train,v2 split (seed 0)
10.1002/adfm.201902021,train,v2 split (seed 0)
10.1002/adfm.201902656,train,v2 split (seed 0)
10.1002/adfm.201904684,test,v2 split (seed 0)
10.1002/adfm.201905694,test,v2 split (seed 0)
10.1002/adfm.201905810,train,v2 split (seed 0)
10.1002/adfm.201906763,train,v2 split (seed 0)
10.1002/adfm.201908298,train,v2 split (seed 0)
10.1002/adfm.201909509,train,v2 split (seed 0)
10.1002/adfm.201909737,train,v2 split (seed 0)
10.1002/adfm.201909738,test,v2 split (seed 0)
10.1002/adfm.201910530,train,v2 split (seed 0)
10.1002/adfm.201910561,train,v2 split (seed 0)
10.1002/adfm.202001460,train,v2 split (seed 0)
10.1002/adma.201301327,train,v2 split (seed 0)
10.1002/adma.201304803,train,v2 split (seed 0)
10.1002/adma.201306217,train,v2 split (seed 0)
10.1002/adma.201400231,train,v2 split (seed 0)
10.1002/adma.201401641,train,v2 split (seed 0)
10.1002/adma.201402415,train,v2 split (seed 0)
10.1002/adma.201403939,train,sha1 mod 5
10.1002/adma.201404147,train,v2 split (seed 0)
10.1002/adma.201404189,train,v2 split (seed 0)
10.1002/adma.201405171,train,v2 split (seed 0)
10.1002/adma.201405946,train,v2 split (seed 0)
10.1002/adma.201500048,train,v2 split (seed 0)
10.1002/adma.201500465,train,v2 split (seed 0)
10.1002/adma.201500523,test,v2 split (seed 0)
10.1002/adma.201501145,train,v2 split (seed 0)
10.1002/adma.201502537,train,v2 split (seed 0)
10.1002/adma.201502586,train,v2 split (seed 0)
10.1002/adma.201502610,train,v2 split (seed 0)
10.1002/adma.201503298,train,v2 split (seed 0)
10.1002/adma.201503729,test,v2 split (seed 0)
10.1002/adma.201503832,train,v2 split (seed 0)
10.1002/adma.201504144,train,v2 split (seed 0)
10.1002/adma.201504168,train,v2 split (seed 0)
10.1002/adma.201504293,train,v2 split (seed 0)
10.1002/adma.201504621,train,v2 split (seed 0)
10.1002/adma.201505140,test,v2 split (seed 0)
10.1002/adma.201505241,train,v2 split (seed 0)
10.1002/adma.201505255,train,v2 split (seed 0)
10.1002/adma.201505279,train,v2 split (seed 0)
10.1002/adma.201600446,train,v2 split (seed 0)
10.1002/adma.201600594,train,v2 split (seed 0)
10.1002/adma.201600619,train,v2 split (seed 0)
10.1002/adma.201600626,train,v2 split (seed 0)
10.1002/adma.201601745,train,v2 split (seed 0)
10.1002/adma.201602696,train,v2 split (seed 0)
10.1002/adma.201602822,train,v2 split (seed 0)
10.1002/adma.201603016,train,v2 split (seed 0)
10.1002/adma.201603326,train,v2 split (seed 0)
10.1002/adma.201603747,test,v2 split (seed 0)
10.1002/adma.201603808,test,v2 split (seed 0)
10.1002/adma.201603850,train,v2 split (seed 0)
10.1002/adma.201603923,train,v2 split (seed 0)
10.1002/adma.201604048,train,v2 split (seed 0)
10.1002/adma.201604056,train,v2 split (seed 0)
10.1002/adma.201604186,train,v2 split (seed 0)
10.1002/adma.201604744,test,v2 split (seed 0)
10.1002/adma.201604984,train,v2 split (seed 0)
10.1002/adma.201606363,train,v2 split (seed 0)
10.1002/adma.201606656,train,v2 split (seed 0)
10.1002/adma.201606774,train,v2 split (seed 0)
10.1002/adma.201700159,train,v2 split (seed 0)
10.1002/adma.201700183,train,v2 split (seed 0)
10.1002/adma.201701221,train,v2 split (seed 0)
10.1002/adma.201703236,train,v2 split (seed 0)
10.1002/adma.201703879,train,v2 split (seed 0)
10.1002/adma.201703980,train,v2 split (seed 0)
10.1002/adma.201705596,train,v2 split (seed 0)
10.1002/adma.201706401,train,v2 split (seed 0)
10.1002/adma.201706576,test,v2 split (seed 0)
10.1002/adma.201706924,test,v2 split (seed 0)
10.1002/adma.201706975,train,v2 split (seed 0)
10.1002/adma.201800258,train,v2 split (seed 0)
10.1002/adma.201800544,train,v2 split (seed 0)
10.1002/adma.201801496,train,v2 split (seed 0)
10.1002/adma.201801935,train,v2 split (seed 0)
10.1002/adma.201803244,train,v2 split (seed 0)
10.1002/adma.201803428,train,v2 split (seed 0)
10.1002/adma.201804454,train,v2 split (seed 0)
10.1002/adma.201804637,train,v2 split (seed 0)
10.1002/adma.201804771,test,v2 split (seed 0)
10.1002/adma.201805554,test,v2 split (seed 0)
10.1002/adma.201807689,train,v2 split (seed 0)
10.1002/adma.201808357,train,v2 split (seed 0)
10.1002/adma.201901090,train,v2 split (seed 0)
10.1002/adma.201901519,train,v2 split (seed 0)
10.1002/adma.201902222,train,v2 split (seed 0)
10.1002/adma.201902543,train,v2 split (seed 0)
10.1002/adma.201903559,test,v2 split (seed 0)
10.1002/adma.201905661,train,v2 split (seed 0)
10.1002/adma.201906995,train,v2 split (seed 0)
10.1002/adma.202003422,train,v2 split (seed 0)
10.1002/admi.201500420,train,v2 split (seed 0)
10.1002/admi.201500837,train,v2 split (seed 0)
10.1002/admi.201600122,train,v2 split (seed 0)
10.1002/admi.201600484,train,v2 split (seed 0)
10.1002/admi.201600493,train,v2 split (seed 0)
10.1002/admi.201600571,train,sha1 mod 5
10.1002/admi.201600593,train,v2 split (seed 0)
10.1002/admi.201600948,train,v2 split (seed 0)
10.1002/admi.201700007,train,v2 split (seed 0)
10.1002/admi.201700043,train,v2 split (seed 0)
10.1002/admi.201701117,test,v2 split (seed 0)
10.1002/admi.201701256,train,v2 split (seed 0)
10.1002/admi.201701456,train,sha1 mod 5
10.1002/admi.201800280,train,v2 split (seed 0)
10.1002/admi.201800645,train,v2 split (seed 0)
10.1002/admi.201800993,train,v2 split (seed 0)
10.1002/admi.201801076,train,v2 split (seed 0)
10.1002/admi.201801118,train,v2 split (seed 0)
10.1002/admi.201801976,train,v2 split (seed 0)
10.1002/admi.201900434,train,v2 split (seed 0)
10.1002/admi.201900474,train,v2 split (seed 0)
10.1002/admi.201901584,test,v2 split (seed 0)
10.1002/admi.201901748,train,v2 split (seed 0)
10.1002/admi.201901964,train,v2 split (seed 0)
10.1002/admi.202000197,test,v2 split (seed 0)
10.1002/admt.201600074,train,v2 split (seed 0)
10.1002/admt.201800688,train,v2 split (seed 0)
10.1002/adom.201600819,train,v2 split (seed 0)
10.1002/adom.201801409,train,v2 split (seed 0)
10.1002/advs.201500353,train,v2 split (seed 0)
10.1002/advs.201600027,train,v2 split (seed 0)
10.1002/advs.201600504,test,v2 split (seed 0)
10.1002/advs.201700018,train,v2 split (seed 0)
10.1002/advs.201700031,train,v2 split (seed 0)
10.1002/advs.201700131,test,v2 split (seed 0)
10.1002/advs.201700463,train,v2 split (seed 0)
10.1002/advs.201700484,train,v2 split (seed 0)
10.1002/advs.201800474,test,v2 split (seed 0)
10.1002/advs.201800568,test,v2 split (seed 0)
10.1002/advs.201801079,train,v2 split (seed 0)
10.1002/advs.201801170,train,v2 split (seed 0)
10.1002/advs.201801715,train,v2 split (seed 0)
10.1002/advs.201802040,train,v2 split (seed 0)
10.1002/advs.201802046,train,v2 split (seed 0)
10.1002/advs.201802094,test,v2 split (seed 0)
10.1002/advs.201802163,train,v2 split (seed 0)
10.1002/advs.201900252,train,v2 split (seed 0)
10.1002/advs.201901840,train,v2 split (seed 0)
10.1002/advs.202000782,train,v2 split (seed 0)
10.1002/aelm.201600426,train,v2 split (seed 0)
10.1002/aelm.201600438,train,v2 split (seed 0)
10.1002/aelm.201700139,train,v2 split (seed 0)
10.1002/aelm.201700169,train,v2 split (seed 0)
10.1002/aelm.201800978,train,sha1 mod 5
10.1002/aelm.201900244,train,v2 split (seed 0)
10.1002/aelm.201900884,train,v2 split (seed 0)
10.1002/aenm.201400960,train,v2 split (seed 0)
10.1002/aenm.201401229,train,v2 split (seed 0)
10.1002/aenm.201401692,train,v2 split (seed 0)
10.1002/aenm.201401808,train,v2 split (seed 0)
10.1002/aenm.201402321,test,v2 split (seed 0)
10.1002/aenm.201500038,train,v2 split (seed 0)
10.1002/aenm.201500328,train,v2 split (seed 0)
10.1002/aenm.201500471,train,v2 split (seed 0)
10.1002/aenm.201500477,train,v2 split (seed 0)
10.1002/aenm.201500486,train,v2 split (seed 0)
10.1002/aenm.201500543,train,v2 split (seed 0)
10.1002/aenm.201500569,test,v2 split (seed 0)
10.1002/aenm.201501310,train,v2 split (seed 0)
10.1002/aenm.201501453,train,v2 split (seed 0)
10.1002/aenm.201501520,test,v2 split (seed 0)
10.1002/aenm.201501873,test,v2 split (seed 0)
10.1002/aenm.201502009,train,v2 split (seed 0)
10.1002/aenm.201502021,train,v2 split (seed 0)
10.1002/aenm.201502027,train,v2 split (seed 0)
10.1002/aenm.201502101,train,v2 split (seed 0)
10.1002/aenm.201502104,train,v2 split (seed 0)
10.1002/aenm.201502317,test,v2 split (seed 0)
10.1002/aenm.201600014,test,v2 split (seed 0)
10.1002/aenm.201600285,train,v2 split (seed 0)
10.1002/aenm.201600386,train,v2 split (seed 0)
10.1002/aenm.201600502,train,v2 split (seed 0)
10.1002/aenm.201600920,train,v2 split (seed 0)
10.1002/aenm.201600994,train,v2 split (seed 0)
10.1002/aenm.201601079,train,v2 split (seed 0)
10.1002/aenm.201601128,test,v2 split (seed 0)
10.1002/aenm.201601156,train,v2 split (seed 0)
10.1002/aenm.201601165,train,v2 split (seed 0)
10.1002/aenm.201601193,test,v2 split (seed 0)
10.1002/aenm.201601433,train,v2 split (seed 0)
10.1002/aenm.201601499,train,v2 split (seed 0)
10.1002/aenm.201601575,test,v2 split (seed 0)
10.1002/aenm.201601660,train,v2 split (seed 0)
10.1002/aenm.201601768,train,v2 split (seed 0)
10.1002/aenm.201601822,train,v2 split (seed 0)
10.1002/aenm.201602017,test,v2 split (seed 0)
10.1002/aenm.201602105,test,v2 split (seed 0)
10.1002/aenm.201602120,train,v2 split (seed 0)
10.1002/aenm.201602159,train,v2 split (seed 0)
10.1002/aenm.201602333,train,v2 split (seed 0)
10.1002/aenm.201602599,train,v2 split (seed 0)
10.1002/aenm.201602600,train,v2 split (seed 0)
10.1002/aenm.201602610,test,v2 split (seed 0)
10.1002/aenm.201602807,train,v2 split (seed 0)
10.1002/aenm.201602922,train,v2 split (seed 0)
10.1002/aenm.201700226,train,v2 split (seed 0)
10.1002/aenm.201700444,test,v2 split (seed 0)
10.1002/aenm.201700476,train,v2 split (seed 0)
10.1002/aenm.201700492,train,v2 split (seed 0)
10.1002/aenm.201700683,train,v2 split (seed 0)
10.1002/aenm.201700722,train,v2 split (seed 0)
10.1002/aenm.201700749,train,v2 split (seed 0)
10.1002/aenm.201700758,train,v2 split (seed 0)
10.1002/aenm.201700763,train,v2 split (seed 0)
10.1002/aenm.201700823,train,v2 split (seed 0)
10.1002/aenm.201700977,train,v2 split (seed 0)
10.1002/aenm.201701038,train,v2 split (seed 0)
10.1002/aenm.201701144,train,v2 split (seed 0)
10.1002/aenm.201701151,train,v2 split (seed 0)
10.1002/aenm.201701235,test,v2 split (seed 0)
10.1002/aenm.201701305,train,v2 split (seed 0)
10.1002/aenm.201701586,train,v2 split (seed 0)
10.1002/aenm.201701640,train,v2 split (seed 0)
10.1002/aenm.201701659,train,v2 split (seed 0)
10.1002/aenm.201701688,train,v2 split (seed 0)
10.1002/aenm.201701722,train,v2 split (seed 0)
10.1002/aenm.201701757,train,v2 split (seed 0)
10.1002/aenm.201701981,train,sha1 mod 5
10.1002/aenm.201702182,train,v2 split (seed 0)
10.1002/aenm.201702287,train,v2 split (seed 0)
10.1002/aenm.201702369,train,v2 split (seed 0)
10.1002/aenm.201702722,train,v2 split (seed 0)
10.1002/aenm.201702762,train,v2 split (seed 0)
10.1002/aenm.201702872,test,v2 split (seed 0)
10.1002/aenm.201702915,test,v2 split (seed 0)
10.1002/aenm.201702960,train,v2 split (seed 0)
10.1002/aenm.201703007,train,v2 split (seed 0)
10.1002/aenm.201703519,train,v2 split (seed 0)
10.1002/aenm.201800438,train,v2 split (seed 0)
10.1002/aenm.201800554,test,v2 split (seed 0)
10.1002/aenm.201800795,test,v2 split (seed 0)
10.1002/aenm.201801208,train,v2 split (seed 0)
10.1002/aenm.201801234,test,v2 split (seed 0)
10.1002/aenm.201801248,train,v2 split (seed 0)
10.1002/aenm.201801254,train,v2 split (seed 0)
10.1002/aenm.201801509,train,v2 split (seed 0)
10.1002/aenm.201801637,test,v2 split (seed 0)
10.1002/aenm.201802085,train,v2 split (seed 0)
10.1002/aenm.201802323,train,v2 split (seed 0)
10.1002/aenm.201802774,test,v2 split (seed 0)
10.1002/aenm.201803573,test,v2 split (seed 0)
10.1002/aenm.201803766,train,v2 split (seed 0)
10.1002/aenm.201803872,train,v2 split (seed 0)
10.1002/aenm.201900198,test,sha1 mod 5
10.1002/aenm.201900838,train,v2 split (seed 0)
10.1002/aenm.201901019,train,v2 split (seed 0)
10.1002/aenm.201901257,test,v2 split (seed 0)
10.1002/aenm.201901268,train,v2 split (seed 0)
10.1002/aenm.201901524,train,v2 split (seed 0)
10.1002/aenm.201901719,train,v2 split (seed 0)
10.1002/aenm.201901753,train,v2 split (seed 0)
10.1002/aenm.201901980,test,v2 split (seed 0)
10.1002/aenm.201902898,test,v2 split (seed 0)
10.1002/aenm.201903357,train,v2 split (seed 0)
10.1002/aenm.201903369,train,v2 split (seed 0)
10.1002/aenm.202000967,test,v2 split (seed 0)
10.1002/ajoc.201800385,train,v2 split (seed 0)
10.1002/ajoc.201800490,test,v2 split (seed 0)
10.1002/anie.201405334,train,v2 split (seed 0)
10.1002/anie.201503038,train,v2 split (seed 0)
10.1002/anie.201504379,train,v2 split (seed 0)
10.1002/anie.201504666,train,v2 split (seed 0)
10.1002/anie.201511877,train,v2 split (seed 0)
10.1002/anie.201604399,train,v2 split (seed 0)
10.1002/anie.201606574,train,v2 split (seed 0)
10.1002/anie.201706895,train,v2 split (seed 0)
10.1002/anie.201800816,train,v2 split (seed 0)
10.1002/anie.201804886,test,v2 split (seed 0)
10.1002/anie.201902235,test,v2 split (seed 0)
10.1002/anie.201902984,train,v2 split (seed 0)
10.1002/anie.201904195,train,v2 split (seed 0)
10.1002/anie.201906017,train,v2 split (seed 0)
10.1002/anie.201911518,train,v2 split (seed 0)
10.1002/asia.201501379,test,v2 split (seed 0)
10.1002/asia.201501423,train,v2 split (seed 0)
10.1002/asia.201501425,train,v2 split (seed 0)
10.1002/asia.201600474,train,v2 split (seed 0)
10.1002/asia.201600722,train,v2 split (seed 0)
10.1002/asia.201600856,train,v2 split (seed 0)
10.1002/asia.201701790,train,v2 split (seed 0)
10.1002/asia.201800454,train,v2 split (seed 0)
10.1002/celc.201500031,train,v2 split (seed 0)
10.1002/celc.201801459,train,v2 split (seed 0)
10.1002/celc.201900532,train,v2 split (seed 0)
10.1002/celc.201900688,train,v2 split (seed 0)
10.1002/chem.201404427,train,v2 split (seed 0)
10.1002/chem.201603672,train,v2 split (seed 0)
10.1002/chem.201605187,test,v2 split (seed 0)
10.1002/chem.201703382,test,v2 split (seed 0)
10.1002/chem.201704181,train,v2 split (seed 0)
10.1002/chem.201706104,train,v2 split (seed 0)
10.1002/chem.201800460,train,v2 split (seed 0)
10.1002/chem.201801069,train,v2 split (seed 0)
10.1002/chem.201804799,train,v2 split (seed 0)
10.1002/chem.201806317,train,v2 split (seed 0)
10.1002/chem.201903599,train,v2 split (seed 0)
10.1002/cjoc.201800469,test,v2 split (seed 0)
10.1002/cjoc.201900317,train,v2 split (seed 0)
10.1002/cnma.201500223,train,v2 split (seed 0)
10.1002/cnma.201800064,train,v2 split (seed 0)
10.1002/cnma.201800375,train,v2 split (seed 0)
10.1002/cnma.201900097,train,v2 split (seed 0)
10.1002/cphc.201301047,train,v2 split (seed 0)
10.1002/cphc.201301153,train,v2 split (seed 0)
10.1002/cphc.201402033,train,v2 split (seed 0)
10.1002/cphc.201500717,train,v2 split (seed 0)
10.1002/cphc.201600817,train,v2 split (seed 0)
10.1002/cphc.201601245,train,v2 split (seed 0)
10.1002/cphc.201700536,train,v2 split (seed 0)
10.1002/cphc.201700910,train,v2 split (seed 0)
10.1002/cphc.201800002,train,v2 split (seed 0)
10.1002/cphc.201800732,train,v2 split (seed 0)
10.1002/cphc.201900068,train,v2 split (seed 0)
10.1002/cphc.201900824,train,v2 split (seed 0)
10.1002/cphc.201900856,train,v2 split (seed 0)
10.1002/cplu.201600415,test,v2 split (seed 0)
10.1002/cplu.201700471,train,v2 split (seed 0)
10.1002/cssc.201402032,train,v2 split (seed 0)
10.1002/cssc.201402678,train,v2 split (seed 0)
10.1002/cssc.201403462,train,v2 split (seed 0)
10.1002/cssc.201403478,test,v2 split (seed 0)
10.1002/cssc.201500518,train,v2 split (seed 0)
10.1002/cssc.201501273,train,v2 split (seed 0)
10.1002/cssc.201501332,train,v2 split (seed 0)
10.1002/cssc.201501392,train,v2 split (seed 0)
10.1002/cssc.201501659,train,v2 split (seed 0)
10.1002/cssc.201600051,train,v2 split (seed 0)
10.1002/cssc.201600210,train,v2 split (seed 0)
10.1002/cssc.201600848,train,v2 split (seed 0)
10.1002/cssc.201600887,train,v2 split (seed 0)
10.1002/cssc.201600921,train,v2 split (seed 0)
10.1002/cssc.201600940,test,v2 split (seed 0)
10.1002/cssc.201600999,train,v2 split (seed 0)
10.1002/cssc.201601069,train,v2 split (seed 0)
10.1002/cssc.201601186,train,sha1 mod 5
10.1002/cssc.201601683,test,v2 split (seed 0)
10.1002/cssc.201700029,train,v2 split (seed 0)
10.1002/cssc.201700197,train,v2 split (seed 0)
10.1002/cssc.201700603,train,v2 split (seed 0)
10.1002/cssc.201700612,train,v2 split (seed 0)
10.1002/cssc.201700678,train,v2 split (seed 0)
10.1002/cssc.201700880,train,v2 split (seed 0)
10.1002/cssc.201700973,test,v2 split (seed 0)
10.1002/cssc.201701203,train,v2 split (seed 0)
10.1002/cssc.201701262,train,v2 split (seed 0)
10.1002/cssc.201701779,train,v2 split (seed 0)
10.1002/cssc.201702248,test,v2 split (seed 0)
10.1002/cssc.201702265,train,v2 split (seed 0)
10.1002/cssc.201800610,train,v2 split (seed 0)
10.1002/cssc.201800625,train,v2 split (seed 0)
10.1002/cssc.201801171,train,v2 split (seed 0)
10.1002/cssc.201801249,train,v2 split (seed 0)
10.1002/cssc.201801258,train,v2 split (seed 0)
10.1002/cssc.201801434,train,sha1 mod 5
10.1002/cssc.201801541,train,v2 split (seed 0)
10.1002/cssc.201801888,test,v2 split (seed 0)
10.1002/cssc.201802231,train,v2 split (seed 0)
10.1002/cssc.201803025,train,v2 split (seed 0)
10.1002/cssc.201803043,train,v2 split (seed 0)
10.1002/cssc.201900106,test,v2 split (seed 0)
10.1002/cssc.201901430,train,v2 split (seed 0)
10.1002/cssc.201901948,train,v2 split (seed 0)
10.1002/cssc.201903025,train,v2 split (seed 0)
10.1002/ejoc.201700861,train,v2 split (seed 0)
10.1002/ente.201500373,train,v2 split (seed 0)
10.1002/ente.201600320,train,v2 split (seed 0)
10.1002/ente.201600517,train,v2 split (seed 0)
10.1002/ente.201600555,train,v2 split (seed 0)
10.1002/ente.201700030,train,v2 split (seed 0)
10.1002/ente.201700304,train,v2 split (seed 0)
10.1002/ente.201700308,train,v2 split (seed 0)
10.1002/ente.201700365,train,v2 split (seed 0)
10.1002/ente.201700374,train,v2 split (seed 0)
10.1002/ente.201700377,test,v2 split (seed 0)
10.1002/ente.201700422,train,v2 split (seed 0)
10.1002/ente.201700597,train,v2 split (seed 0)
10.1002/ente.201800066,train,v2 split (seed 0)
10.1002/ente.201800905,train,v2 split (seed 0)
10.1002/ente.201800939,train,v2 split (seed 0)
10.1002/ente.201900868,train,v2 split (seed 0)
10.1002/ente.201900877,train,v2 split (seed 0)
10.1002/ente.201900922,train,v2 split (seed 0)
10.1002/ente.201900972,train,v2 split (seed 0)
10.1002/ente.201901042,test,v2 split (seed 0)
10.1002/ente.201901284,train,v2 split (seed 0)
10.1002/ente.202000513,train,v2 split (seed 0)
10.1002/ese3.180,train,v2 split (seed 0)
10.1002/jccs.201800173,train,v2 split (seed 0)
10.1002/pc.25527,train,v2 split (seed 0)
10.1002/pip.2557,train,v2 split (seed 0)
10.1002/pip.2716,test,v2 split (seed 0)
10.1002/pip.2919,test,v2 split (seed 0)
10.1002/pip.3205,train,v2 split (seed 0)
10.1002/ppsc.201600298,train,v2 split (seed 0)
10.1002/ppsc.201800137,train,v2 split (seed 0)
10.1002/pssa.201532944,train,v2 split (seed 0)
10.1002/pssa.201600591,train,v2 split (seed 0)
10.1002/pssa.201700268,train,v2 split (seed 0)
10.1002/pssa.201700281,test,v2 split (seed 0)
10.1002/pssa.201700959,train,v2 split (seed 0)
10.1002/pssa.201800669,test,v2 split (seed 0)
10.1002/pssa.201900087,train,v2 split (seed 0)
10.1002/pssr.201409320,test,v2 split (seed 0)
10.1002/pssr.201409330,train,v2 split (seed 0)
10.1002/pssr.201510389,train,v2 split (seed 0)
10.1002/pssr.201600395,train,v2 split (seed 0)
10.1002/pssr.201800130,train,v2 split (seed 0)
10.1002/pssr.201800505,train,v2 split (seed 0)
10.1002/pssr.201900103,train,v2 split (seed 0)
10.1002/slct.201702419,test,v2 split (seed 0)
10.1002/slct.201800242,train,v2 split (seed 0)
10.1002/slct.201800771,train,v2 split (seed 0)
10.1002/slct.201802109,train,v2 split (seed 0)
10.1002/slct.201803002,train,v2 split (seed 0)
10.1002/smll.201403344,train,v2 split (seed 0)
10.1002/smll.201403719,train,v2 split (seed 0)
10.1002/smll.201501330,train,v2 split (seed 0)
10.1002/smll.201503361,test,v2 split (seed 0)
10.1002/smll.201600428,train,v2 split (seed 0)
10.1002/smll.201601603,test,v2 split (seed 0)
10.1002/smll.201601769,train,sha1 mod 5
10.1002/smll.201602808,test,v2 split (seed 0)
10.1002/smll.201604153,train,v2 split (seed 0)
10.1002/smll.201700007,test,v2 split (seed 0)
10.1002/smll.201700953,train,v2 split (seed 0)
10.1002/smll.201701535,train,v2 split (seed 0)
10.1002/smll.201702775,train,v2 split (seed 0)
10.1002/smll.201704007,test,v2 split (seed 0)
10.1002/smll.201800181,train,v2 split (seed 0)
10.1002/smll.201801016,train,v2 split (seed 0)
10.1002/smll.201802033,train,v2 split (seed 0)
10.1002/smll.201802240,train,sha1 mod 5
10.1002/smll.201802319,train,v2 split (seed 0)
10.1002/smll.201802738,train,v2 split (seed 0)
10.1002/smll.201803339,train,v2 split (seed 0)
10.1002/smll.201803350,test,v2 split (seed 0)
10.1002/smll.201804692,train,v2 split (seed 0)
10.1002/smll.201900606,train,v2 split (seed 0)
10.1002/smll.201904372,test,v2 split (seed 0)
10.1002/smll.201904422,train,v2 split (seed 0)
10.1002/smll.201904715,test,v2 split (seed 0)
10.1002/smtd.201700244,train,v2 split (seed 0)
10.1002/smtd.201800361,test,v2 split (seed 0)
10.1002/smtd.201900164,train,v2 split (seed 0)
10.1002/smtd.201900375,train,v2 split (seed 0)
10.1002/smtd.201900398,train,v2 split (seed 0)
10.1002/solr.201600027,train,v2 split (seed 0)
10.1002/solr.201700027,train,v2 split (seed 0)
10.1002/solr.201700038,train,v2 split (seed 0)
10.1002/solr.201700046,train,v2 split (seed 0)
10.1002/solr.201700058,train,v2 split (seed 0)
10.1002/solr.201700066,train,v2 split (seed 0)
10.1002/solr.201700096,train,v2 split (seed 0)
10.1002/solr.201700105,test,v2 split (seed 0)
10.1002/solr.201700117,train,v2 split (seed 0)
10.1002/solr.201700147,train,v2 split (seed 0)
10.1002/solr.201700164,train,v2 split (seed 0)
10.1002/solr.201700184,train,v2 split (seed 0)
10.1002/solr.201700217,train,v2 split (seed 0)
10.1002/solr.201700222,train,v2 split (seed 0)
10.1002/solr.201700245,train,v2 split (seed 0)
10.1002/solr.201800004,train,v2 split (seed 0)
10.1002/solr.201800027,train,v2 split (seed 0)
10.1002/solr.201800034,train,v2 split (seed 0)
10.1002/solr.201800048,train,v2 split (seed 0)
10.1002/solr.201800052,train,v2 split (seed 0)
10.1002/solr.201800056,test,v2 split (seed 0)
10.1002/solr.201800066,test,v2 split (seed 0)
10.1002/solr.201800072,test,v2 split (seed 0)
10.1002/solr.201800083,test,v2 split (seed 0)
10.1002/solr.201800084,test,v2 split (seed 0)
10.1002/solr.201800097,train,v2 split (seed 0)
10.1002/solr.201800118,test,v2 split (seed 0)
10.1002/solr.201800149,train,v2 split (seed 0)
10.1002/solr.201800173,train,v2 split (seed 0)
10.1002/solr.201800205,test,v2 split (seed 0)
10.1002/solr.201800207,train,v2 split (seed 0)
10.1002/solr.201800222,test,v2 split (seed 0)
10.1002/solr.201800240,train,v2 split (seed 0)
10.1002/solr.201800264,train,v2 split (seed 0)
10.1002/solr.201800268,test,v2 split (seed 0)
10.1002/solr.201800269,train,v2 split (seed 0)
10.1002/solr.201800274,test,v2 split (seed 0)
10.1002/solr.201800275,train,v2 split (seed 0)
10.1002/solr.201800278,test,v2 split (seed 0)
10.1002/solr.201800282,train,v2 split (seed 0)
10.1002/solr.201800289,test,v2 split (seed 0)
10.1002/solr.201800317,test,v2 split (seed 0)
10.1002/solr.201800324,train,v2 split (seed 0)
10.1002/solr.201800339,train,v2 split (seed 0)
10.1002/solr.201800352,train,v2 split (seed 0)
10.1002/solr.201900020,train,v2 split (seed 0)
10.1002/solr.201900041,test,v2 split (seed 0)
10.1002/solr.201900045,train,v2 split (seed 0)
10.1002/solr.201900061,train,v2 split (seed 0)
10.1002/solr.201900089,train,sha1 mod 5
10.1002/solr.201900104,train,v2 split (seed 0)
10.1002/solr.201900130,train,v2 split (seed 0)
10.1002/solr.201900138,train,v2 split (seed 0)
10.1002/solr.201900146,test,v2 split (seed 0)
10.1002/solr.201900154,train,v2 split (seed 0)
10.1002/solr.201900164,train,v2 split (seed 0)
10.1002/solr.201900191,train,sha1 mod 5
10.1002/solr.201900197,test,v2 split (seed 0)
10.1002/solr.201900207,train,v2 split (seed 0)
10.1002/solr.201900223,train,v2 split (seed 0)
10.1002/solr.201900235,test,v2 split (seed 0)
10.1002/solr.201900241,train,v2 split (seed 0)
10.1002/solr.201900243,test,v2 split (seed 0)
10.1002/solr.201900278,train,v2 split (seed 0)
10.1002/solr.201900370,test,v2 split (seed 0)
10.1002/solr.201900374,test,v2 split (seed 0)
10.1002/solr.201900402,train,v2 split (seed 0)
10.1002/solr.201900406,test,v2 split (seed 0)
10.1002/solr.201900415,train,v2 split (seed 0)
10.1002/solr.201900463,train,v2 split (seed 0)
10.1002/solr.201900499,test,v2 split (seed 0)
10.1002/solr.201900529,train,v2 split (seed 0)
10.1002/solr.201900565,train,v2 split (seed 0)
10.1002/solr.202000191,test,v2 split (seed 0)
10.1002/solr.202000197,train,v2 split (seed 0)
10.1002/solr.202000393,train,v2 split (seed 0)
10.1007/s00339-017-1240-7,train,v2 split (seed 0)
10.1007/s00339-017-1326-2,test,v2 split (seed 0)
10.1007/s00339-019-2383-5,train,v2 split (seed 0)
10.1007/s00339-019-2769-4,train,v2 split (seed 0)
10.1007/s10008-018-4066-0,train,v2 split (seed 0)
10.1007/s10118-017-1891-z,train,v2 split (seed 0)
10.1007/s10570-019-02724-2,test,v2 split (seed 0)
10.1007/s10853-017-1084-8,train,v2 split (seed 0)
10.1007/s10853-017-1264-6,train,v2 split (seed 0)
10.1007/s10853-017-1429-3,train,v2 split (seed 0)
10.1007/s10853-017-1842-7,train,v2 split (seed 0)
10.1007/s10853-017-1876-x,train,v2 split (seed 0)
10.1007/s10853-018-2190-y,train,v2 split (seed 0)
10.1007/s10853-018-2685-6,train,v2 split (seed 0)
10.1007/s10853-018-2752-z,train,v2 split (seed 0)
10.1007/s10853-018-2780-8,train,v2 split (seed 0)
10.1007/s10853-019-03655-w,train,v2 split (seed 0)
10.1007/s10853-019-03766-4,train,v2 split (seed 0)
10.1007/s10853-019-03768-2,test,v2 split (seed 0)
10.1007/s10853-019-03898-7,train,v2 split (seed 0)
10.1007/s10853-019-04342-6,test,v2 split (seed 0)
10.1007/s10853-020-04896-w,train,v2 split (seed 0)
10.1007/s10854-016-4981-8,train,v2 split (seed 0)
10.1007/s10854-016-5942-y,train,v2 split (seed 0)
10.1007/s10854-017-6928-0,train,v2 split (seed 0)
10.1007/s10854-017-7691-y,train,v2 split (seed 0)
10.1007/s10854-018-00628-8,train,v2 split (seed 0)
10.1007/s10854-018-0262-z,train,v2 split (seed 0)
10.1007/s10854-018-0319-z,train,v2 split (seed 0)
10.1007/s10854-018-0477-z,train,v2 split (seed 0)
10.1007/s10854-018-9382-8,train,v2 split (seed 0)
10.1007/s10854-019-01001-z,train,v2 split (seed 0)
10.1007/s10854-019-01234-y,train,v2 split (seed 0)
10.1007/s10854-019-01258-4,train,v2 split (seed 0)
10.1007/s10854-019-01942-5,train,v2 split (seed 0)
10.1007/s10854-019-02199-8,test,v2 split (seed 0)
10.1007/s10854-019-02345-2,train,sha1 mod 5
10.1007/s10854-020-02913-x,train,v2 split (seed 0)
10.1007/s10971-019-04957-w,test,v2 split (seed 0)
10.1007/s10971-020-05221-2,train,v2 split (seed 0)
10.1007/s11051-017-4081-6,train,v2 split (seed 0)
10.1007/s11082-016-0819-0,test,v2 split (seed 0)
10.1007/s11426-016-0085-y,train,v2 split (seed 0)
10.1007/s11426-016-0115-x,train,v2 split (seed 0)
10.1007/s11426-016-0147-0,train,v2 split (seed 0)
10.1007/s11426-018-9432-x,train,v2 split (seed 0)
10.1007/s11434-016-0994-1,train,v2 split (seed 0)
10.1007/s11434-016-1050-x,train,v2 split (seed 0)
10.1007/s11581-019-02990-x,test,v2 split (seed 0)
10.1007/s11664-017-5893-y,train,v2 split (seed 0)
10.1007/s11664-019-07153-2,train,v2 split (seed 0)
10.1007/s12200-018-0847-4,train,v2 split (seed 0)
10.1007/s12274-014-0534-8,train,v2 split (seed 0)
10.1007/s12274-016-1054-5,train,v2 split (seed 0)
10.1007/s12274-016-1181-z,test,v2 split (seed 0)
10.1007/s12274-017-1515-5,test,v2 split (seed 0)
10.1007/s12274-017-1603-6,train,v2 split (seed 0)
10.1007/s12274-017-1816-8,train,v2 split (seed 0)
10.1007/s12274-017-1880-0,test,v2 split (seed 0)
10.1007/s12274-017-1894-7,train,v2 split (seed 0)
10.1007/s12274-017-1896-5,train,v2 split (seed 0)
10.1007/s12274-018-2103-z,test,v2 split (seed 0)
10.1007/s12274-019-2556-8,train,v2 split (seed 0)
10.1007/s13204-018-0836-3,test,v2 split (seed 0)
10.1007/s13233-018-6086-0,train,v2 split (seed 0)
10.1007/s13233-020-8054-8,train,v2 split (seed 0)
10.1007/s13391-017-6239-x,train,v2 split (seed 0)
10.1007/s13391-018-0042-1,train,v2 split (seed 0)
10.1007/s13391-018-0075-5,test,v2 split (seed 0)
10.1007/s40243-018-0139-3,train,v2 split (seed 0)
10.1007/s40820-016-0094-4,train,v2 split (seed 0)
10.1007/s40820-017-0140-x,train,v2 split (seed 0)
10.1007/s40820-018-0203-7,test,v2 split (seed 0)
10.1007/s40820-019-0282-0,train,v2 split (seed 0)
10.1007/s40820-020-00517-y,test,v2 split (seed 0)
10.1007/s40843-015-0102-x,train,v2 split (seed 0)
10.1007/s40843-016-5099-1,train,v2 split (seed 0)
10.1007/s40843-017-9027-1,train,v2 split (seed 0)
10.1007/s40843-019-9452-1,train,v2 split (seed 0)
10.1007/s40843-020-1306-0,train,v2 split (seed 0)
10.1016/S1872-2067(15)60929-9,train,v2 split (seed 0)
10.1016/j.apmt.2017.01.009,test,v2 split (seed 0)
10.1016/j.apmt.2017.11.003,train,v2 split (seed 0)
10.1016/j.apsusc.2015.09.215,test,v2 split (seed 0)
10.1016/j.apsusc.2015.11.065,train,v2 split (seed 0)
10.1016/j.apsusc.2016.03.093,train,v2 split (seed 0)
10.1016/j.apsusc.2016.06.171,train,v2 split (seed 0)
10.1016/j.apsusc.2016.09.138,train,v2 split (seed 0)
10.1016/j.apsusc.2017.01.240,test,v2 split (seed 0)
10.1016/j.apsusc.2017.02.150,train,v2 split (seed 0)
10.1016/j.apsusc.2017.06.189,train,v2 split (seed 0)
10.1016/j.apsusc.2017.07.238,train,v2 split (seed 0)
10.1016/j.apsusc.2017.08.131,train,v2 split (seed 0)
10.1016/j.apsusc.2017.08.184,train,v2 split (seed 0)
10.1016/j.apsusc.2017.08.212,test,v2 split (seed 0)
10.1016/j.apsusc.2017.11.124,test,v2 split (seed 0)
10.1016/j.apsusc.2018.01.236,train,v2 split (seed 0)
10.1016/j.apsusc.2018.04.245,train,v2 split (seed 0)
10.1016/j.apsusc.2018.06.068,test,v2 split (seed 0)
10.1016/j.apsusc.2018.08.078,train,v2 split (seed 0)
10.1016/j.apsusc.2018.08.088,train,v2 split (seed 0)
10.1016/j.apsusc.2018.08.128,train,v2 split (seed 0)
10.1016/j.apsusc.2018.09.146,test,v2 split (seed 0)
10.1016/j.apsusc.2018.09.176,test,v2 split (seed 0)
10.1016/j.apsusc.2018.10.066,train,sha1 mod 5
10.1016/j.apsusc.2018.10.141,train,v2 split (seed 0)
10.1016/j.apsusc.2018.10.256,test,v2 split (seed 0)
10.1016/j.apsusc.2018.11.163,test,v2 split (seed 0)
10.1016/j.apsusc.2018.11.237,train,sha1 mod 5
10.1016/j.apsusc.2018.12.118,test,v2 split (seed 0)
10.1016/j.apsusc.2019.01.289,test,v2 split (seed 0)
10.1016/j.apsusc.2019.03.164,train,v2 split (seed 0)
10.1016/j.apsusc.2019.04.226,train,v2 split (seed 0)
10.1016/j.apsusc.2019.05.067,train,v2 split (seed 0)
10.1016/j.apsusc.2019.05.068,train,v2 split (seed 0)
10.1016/j.apsusc.2019.05.069,train,v2 split (seed 0)
10.1016/j.apsusc.2019.05.305,train,v2 split (seed 0)
10.1016/j.apsusc.2019.07.232,train,v2 split (seed 0)
10.1016/j.apsusc.2019.143610,train,v2 split (seed 0)
10.1016/j.apsusc.2019.144478,train,v2 split (seed 0)
10.1016/j.cap.2017.11.010,train,v2 split (seed 0)
10.1016/j.cap.2018.05.022,train,v2 split (seed 0)
10.1016/j.cap.2018.10.020,train,v2 split (seed 0)
10.1016/j.cap.2019.09.010,test,v2 split (seed 0)
10.1016/j.carbon.2017.10.015,test,v2 split (seed 0)
10.1016/j.carbon.2018.07.010,train,v2 split (seed 0)
10.1016/j.carbon.2019.01.105,test,v2 split (seed 0)
10.1016/j.cej.2015.06.050,train,v2 split (seed 0)
10.1016/j.cej.2016.10.110,test,v2 split (seed 0)
10.1016/j.cej.2017.05.085,train,v2 split (seed 0)
10.1016/j.cej.2017.07.160,train,v2 split (seed 0)
10.1016/j.cej.2017.08.045,train,v2 split (seed 0)
10.1016/j.cej.2019.03.257,test,v2 split (seed 0)
10.1016/j.cej.2019.04.099,test,v2 split (seed 0)
10.1016/j.cej.2019.04.192,test,v2 split (seed 0)
10.1016/j.cej.2019.122298,train,v2 split (seed 0)
10.1016/j.cej.2019.122436,train,v2 split (seed 0)
10.1016/j.cej.2019.123677,train,v2 split (seed 0)
10.1016/j.cej.2019.123976,train,v2 split (seed 0)
10.1016/j.ceramint.2018.02.147,train,v2 split (seed 0)
10.1016/j.ceramint.2018.03.228,train,v2 split (seed 0)
10.1016/j.ceramint.2019.08.042,test,v2 split (seed 0)
10.1016/j.ceramint.2020.01.249,train,v2 split (seed 0)
10.1016/j.chemphys.2019.110408,train,v2 split (seed 0)
10.1016/j.chempr.2017.05.020,test,v2 split (seed 0)
10.1016/j.chempr.2018.01.018,train,v2 split (seed 0)
10.1016/j.chempr.2018.03.005,train,v2 split (seed 0)
10.1016/j.chempr.2019.02.025,train,v2 split (seed 0)
10.1016/j.cplett.2016.08.067,train,v2 split (seed 0)
10.1016/j.cplett.2016.09.046,test,v2 split (seed 0)
10.1016/j.cplett.2016.12.036,test,v2 split (seed 0)
10.1016/j.cplett.2017.09.031,train,v2 split (seed 0)
10.1016/j.cplett.2017.12.012,train,v2 split (seed 0)
10.1016/j.cplett.2019.136822,train,v2 split (seed 0)
10.1016/j.dyepig.2016.08.002,train,v2 split (seed 0)
10.1016/j.dyepig.2017.04.059,train,v2 split (seed 0)
10.1016/j.dyepig.2017.07.037,train,v2 split (seed 0)
10.1016/j.dyepig.2017.08.007,train,v2 split (seed 0)
10.1016/j.dyepig.2018.09.021,train,v2 split (seed 0)
10.1016/j.dyepig.2018.11.005,train,v2 split (seed 0)
10.1016/j.dyepig.2019.01.002,train,v2 split (seed 0)
10.1016/j.dyepig.2019.01.052,train,v2 split (seed 0)
10.1016/j.dyepig.2019.04.053,train,v2 split (seed 0)
10.1016/j.dyepig.2019.107630,train,v2 split (seed 0)
10.1016/j.dyepig.2019.107954,train,v2 split (seed 0)
10.1016/j.egypro.2017.09.293,train,v2 split (seed 0)
10.1016/j.elecom.2016.04.013,train,v2 split (seed 0)
10.1016/j.electacta.2014.11.003,test,v2 split (seed 0)
10.1016/j.electacta.2016.01.133,train,v2 split (seed 0)
10.1016/j.electacta.2016.03.002,train,v2 split (seed 0)
10.1016/j.electacta.2016.05.122,train,v2 split (seed 0)
10.1016/j.electacta.2016.05.203,train,v2 split (seed 0)
10.1016/j.electacta.2016.07.047,train,v2 split (seed 0)
10.1016/j.electacta.2016.09.138,test,v2 split (seed 0)
10.1016/j.electacta.2016.11.052,train,v2 split (seed 0)
10.1016/j.electacta.2016.11.119,train,v2 split (seed 0)
10.1016/j.electacta.2016.12.193,train,v2 split (seed 0)
10.1016/j.electacta.2017.02.028,train,v2 split (seed 0)
10.1016/j.electacta.2017.03.027,train,v2 split (seed 0)
10.1016/j.electacta.2017.03.139,train,v2 split (seed 0)
10.1016/j.electacta.2017.03.192,train,v2 split (seed 0)
10.1016/j.electacta.2017.04.067,train,v2 split (seed 0)
10.1016/j.electacta.2017.05.184,train,v2 split (seed 0)
10.1016/j.electacta.2017.06.032,train,v2 split (seed 0)
10.1016/j.electacta.2017.07.061,train,v2 split (seed 0)
10.1016/j.electacta.2017.08.083,train,v2 split (seed 0)
10.1016/j.electacta.2017.09.091,test,v2 split (seed 0)
10.1016/j.electacta.2017.10.085,train,v2 split (seed 0)
10.1016/j.electacta.2017.10.092,train,v2 split (seed 0)
10.1016/j.electacta.2017.11.182,train,v2 split (seed 0)
10.1016/j.electacta.2017.11.183,train,v2 split (seed 0)
10.1016/j.electacta.2017.12.108,train,v2 split (seed 0)
10.1016/j.electacta.2017.12.112,train,v2 split (seed 0)
10.1016/j.electacta.2017.12.135,train,v2 split (seed 0)
10.1016/j.electacta.2018.01.073,train,v2 split (seed 0)
10.1016/j.electacta.2018.02.007,train,v2 split (seed 0)
10.1016/j.electacta.2018.03.158,train,v2 split (seed 0)
10.1016/j.electacta.2018.04.055,test,v2 split (seed 0)
10.1016/j.electacta.2018.05.114,test,v2 split (seed 0)
10.1016/j.electacta.2018.06.019,train,v2 split (seed 0)
10.1016/j.electacta.2018.07.029,train,v2 split (seed 0)
10.1016/j.electacta.2018.07.178,test,v2 split (seed 0)
10.1016/j.electacta.2018.09.195,train,v2 split (seed 0)
10.1016/j.electacta.2018.09.196,train,v2 split (seed 0)
10.1016/j.electacta.2018.09.203,train,v2 split (seed 0)
10.1016/j.electacta.2018.10.034,test,v2 split (seed 0)
10.1016/j.electacta.2018.10.043,train,v2 split (seed 0)
10.1016/j.electacta.2018.10.087,train,v2 split (seed 0)
10.1016/j.electacta.2018.10.130,train,v2 split (seed 0)
10.1016/j.electacta.2018.10.138,train,v2 split (seed 0)
10.1016/j.electacta.2018.11.055,train,v2 split (seed 0)
10.1016/j.electacta.2018.11.066,train,v2 split (seed 0)
10.1016/j.electacta.2019.04.123,train,v2 split (seed 0)
10.1016/j.electacta.2019.04.191,train,v2 split (seed 0)
10.1016/j.electacta.2019.06.050,train,v2 split (seed 0)
10.1016/j.electacta.2019.06.168,test,v2 split (seed 0)
10.1016/j.electacta.2019.07.031,test,v2 split (seed 0)
10.1016/j.electacta.2019.134924,train,v2 split (seed 0)
10.1016/j.electacta.2019.134950,train,v2 split (seed 0)
10.1016/j.electacta.2019.135197,train,v2 split (seed 0)
10.1016/j.electacta.2019.135281,train,v2 split (seed 0)
10.1016/j.electacta.2020.135686,train,v2 split (seed 0)
10.1016/j.electacta.2020.135697,train,v2 split (seed 0)
10.1016/j.eurpolymj.2018.06.005,train,v2 split (seed 0)
10.1016/j.ijhydene.2018.03.226,train,v2 split (seed 0)
10.1016/j.ijleo.2018.09.175,train,sha1 mod 5
10.1016/j.isci.2018.03.020,train,v2 split (seed 0)
10.1016/j.isci.2019.10.021,train,v2 split (seed 0)
10.1016/j.jallcom.2016.05.154,train,v2 split (seed 0)
10.1016/j.jallcom.2016.11.143,test,v2 split (seed 0)
10.1016/j.jallcom.2017.01.035,train,v2 split (seed 0)
10.1016/j.jallcom.2017.06.121,train,v2 split (seed 0)
10.1016/j.jallcom.2017.06.185,train,v2 split (seed 0)
10.1016/j.jallcom.2017.10.046,train,v2 split (seed 0)
10.1016/j.jallcom.2017.11.027,train,v2 split (seed 0)
10.1016/j.jallcom.2017.11.205,train,v2 split (seed 0)
10.1016/j.jallcom.2017.12.199,train,v2 split (seed 0)
10.1016/j.jallcom.2018.02.136,train,v2 split (seed 0)
10.1016/j.jallcom.2018.03.236,train,v2 split (seed 0)
10.1016/j.jallcom.2018.05.007,train,v2 split (seed 0)
10.1016/j.jallcom.2018.07.190,train,v2 split (seed 0)
10.1016/j.jallcom.2018.08.279,train,v2 split (seed 0)
10.1016/j.jallcom.2018.09.210,train,v2 split (seed 0)
10.1016/j.jallcom.2018.09.223,test,v2 split (seed 0)
10.1016/j.jallcom.2018.09.273,train,v2 split (seed 0)
10.1016/j.jallcom.2018.10.254,train,v2 split (seed 0)
10.1016/j.jallcom.2019.02.027,train,v2 split (seed 0)
10.1016/j.jallcom.2019.05.051,train,v2 split (seed 0)
10.1016/j.jallcom.2019.05.204,test,v2 split (seed 0)
10.1016/j.jallcom.2019.06.089,train,sha1 mod 5
10.1016/j.jallcom.2019.06.161,test,v2 split (seed 0)
10.1016/j.jallcom.2019.151723,train,v2 split (seed 0)
10.1016/j.jallcom.2019.151817,train,v2 split (seed 0)
10.1016/j.jallcom.2019.151970,train,v2 split (seed 0)
10.1016/j.jallcom.2019.152091,train,v2 split (seed 0)
10.1016/j.jallcom.2019.153076,train,v2 split (seed 0)
10.1016/j.jallcom.2020.153730,train,v2 split (seed 0)
10.1016/j.jallcom.2020.156329,train,v2 split (seed 0)
10.1016/j.jcis.2015.04.041,train,v2 split (seed 0)
10.1016/j.jcis.2017.09.056,train,v2 split (seed 0)
10.1016/j.jcis.2017.09.108,test,v2 split (seed 0)
10.1016/j.jcis.2017.11.066,train,v2 split (seed 0)
10.1016/j.jcis.2018.07.100,train,v2 split (seed 0)
10.1016/j.jcis.2018.08.009,train,v2 split (seed 0)
10.1016/j.jcis.2018.12.001,test,v2 split (seed 0)
10.1016/j.jcis.2019.01.035,test,v2 split (seed 0)
10.1016/j.jcis.2019.09.087,train,v2 split (seed 0)
10.1016/j.jcis.2019.09.088,train,sha1 mod 5
10.1016/j.jcou.2019.04.001,train,v2 split (seed 0)
10.1016/j.jcrysgro.2018.03.030,train,v2 split (seed 0)
10.1016/j.jechem.2015.10.005,train,v2 split (seed 0)
10.1016/j.jechem.2017.09.027,test,sha1 mod 5
10.1016/j.jechem.2017.11.018,train,v2 split (seed 0)
10.1016/j.jechem.2017.11.021,test,v2 split (seed 0)
10.1016/j.jechem.2018.03.001,train,v2 split (seed 0)
10.1016/j.jechem.2019.04.019,test,v2 split (seed 0)
10.1016/j.jechem.2019.09.020,test,v2 split (seed 0)
10.1016/j.jechem.2019.10.006,train,v2 split (seed 0)
10.1016/j.jiec.2018.05.013,test,v2 split (seed 0)
10.1016/j.jiec.2019.08.004,train,v2 split (seed 0)
10.1016/j.jmst.2018.03.005,train,v2 split (seed 0)
10.1016/j.joule.2017.08.006,train,v2 split (seed 0)
10.1016/j.joule.2017.09.009,train,v2 split (seed 0)
10.1016/j.joule.2017.11.006,train,v2 split (seed 0)
10.1016/j.joule.2017.11.015,train,v2 split (seed 0)
10.1016/j.joule.2018.02.013,train,v2 split (seed 0)
10.1016/j.joule.2018.04.011,train,v2 split (seed 0)
10.1016/j.joule.2018.09.014,test,v2 split (seed 0)
10.1016/j.joule.2018.10.018,train,v2 split (seed 0)
10.1016/j.joule.2019.03.010,train,v2 split (seed 0)
10.1016/j.joule.2019.04.005,train,v2 split (seed 0)
10.1016/j.joule.2019.05.005,train,v2 split (seed 0)
10.1016/j.joule.2019.06.011,train,v2 split (seed 0)
10.1016/j.joule.2019.10.003,test,v2 split (seed 0)
10.1016/j.joule.2020.01.004,train,v2 split (seed 0)
10.1016/j.jpcs.2017.03.020,train,v2 split (seed 0)
10.1016/j.jpcs.2018.09.019,train,v2 split (seed 0)
10.1016/j.jpcs.2019.01.008,train,v2 split (seed 0)
10.1016/j.jphotochem.2017.08.051,train,v2 split (seed 0)
10.1016/j.jphotochem.2017.11.031,train,v2 split (seed 0)
10.1016/j.jphotochem.2018.02.018,test,v2 split (seed 0)
10.1016/j.jphotochem.2018.11.024,train,v2 split (seed 0)
10.1016/j.jphotochem.2019.112141,train,v2 split (seed 0)
10.1016/j.jphotochem.2019.112218,train,v2 split (seed 0)
10.1016/j.jpowsour.2013.11.053,test,v2 split (seed 0)
10.1016/j.jpowsour.2014.08.095,train,v2 split (seed 0)
10.1016/j.jpowsour.2014.10.145,test,v2 split (seed 0)
10.1016/j.jpowsour.2014.12.104,train,v2 split (seed 0)
10.1016/j.jpowsour.2015.02.084,train,v2 split (seed 0)
10.1016/j.jpowsour.2015.05.081,train,v2 split (seed 0)
10.1016/j.jpowsour.2015.07.081,train,v2 split (seed 0)
10.1016/j.jpowsour.2015.10.023,train,v2 split (seed 0)
10.1016/j.jpowsour.2016.01.044,train,v2 split (seed 0)
10.1016/j.jpowsour.2016.02.010,train,v2 split (seed 0)
10.1016/j.jpowsour.2016.04.032,train,v2 split (seed 0)
10.1016/j.jpowsour.2016.04.098,train,sha1 mod 5
10.1016/j.jpowsour.2016.05.060,train,v2 split (seed 0)
10.1016/j.jpowsour.2016.08.061,train,v2 split (seed 0)
10.1016/j.jpowsour.2016.08.102,train,v2 split (seed 0)
10.1016/j.jpowsour.2016.09.057,train,v2 split (seed 0)
10.1016/j.jpowsour.2016.09.134,train,v2 split (seed 0)
10.1016/j.jpowsour.2016.11.028,train,v2 split (seed 0)
10.1016/j.jpowsour.2016.12.026,test,v2 split (seed 0)
10.1016/j.jpowsour.2016.12.027,train,v2 split (seed 0)
10.1016/j.jpowsour.2017.01.010,train,v2 split (seed 0)
10.1016/j.jpowsour.2017.03.087,train,v2 split (seed 0)
10.1016/j.jpowsour.2017.03.144,train,v2 split (seed 0)
10.1016/j.jpowsour.2017.05.007,test,v2 split (seed 0)
10.1016/j.jpowsour.2017.05.083,train,v2 split (seed 0)
10.1016/j.jpowsour.2017.05.084,train,v2 split (seed 0)
10.1016/j.jpowsour.2017.06.013,train,v2 split (seed 0)
10.1016/j.jpowsour.2017.08.056,train,v2 split (seed 0)
10.1016/j.jpowsour.2017.10.018,test,v2 split (seed 0)
10.1016/j.jpowsour.2017.10.067,test,v2 split (seed 0)
10.1016/j.jpowsour.2017.10.079,train,v2 split (seed 0)
10.1016/j.jpowsour.2017.11.070,train,v2 split (seed 0)
10.1016/j.jpowsour.2017.12.011,test,v2 split (seed 0)
10.1016/j.jpowsour.2017.12.024,test,v2 split (seed 0)
10.1016/j.jpowsour.2017.12.082,train,v2 split (seed 0)
10.1016/j.jpowsour.2018.02.050,train,v2 split (seed 0)
10.1016/j.jpowsour.2018.03.014,test,v2 split (seed 0)
10.1016/j.jpowsour.2018.03.079,train,v2 split (seed 0)
10.1016/j.jpowsour.2018.04.026,train,v2 split (seed 0)
10.1016/j.jpowsour.2018.04.049,train,sha1 mod 5
10.1016/j.jpowsour.2018.04.086,train,v2 split (seed 0)
10.1016/j.jpowsour.2018.05.091,train,v2 split (seed 0)
10.1016/j.jpowsour.2018.07.105,test,v2 split (seed 0)
10.1016/j.jpowsour.2018.09.007,train,v2 split (seed 0)
10.1016/j.jpowsour.2018.11.013,train,v2 split (seed 0)
10.1016/j.jpowsour.2018.11.031,train,sha1 mod 5
10.1016/j.jpowsour.2018.11.081,test,v2 split (seed 0)
10.1016/j.jpowsour.2018.12.066,train,v2 split (seed 0)
10.1016/j.jpowsour.2019.02.017,train,v2 split (seed 0)
10.1016/j.jpowsour.2019.03.035,test,v2 split (seed 0)
10.1016/j.jpowsour.2019.04.008,train,v2 split (seed 0)
10.1016/j.jpowsour.2019.04.009,train,v2 split (seed 0)
10.1016/j.jpowsour.2019.04.056,train,v2 split (seed 0)
10.1016/j.jpowsour.2019.04.088,train,v2 split (seed 0)
10.1016/j.jpowsour.2019.226699,train,v2 split (seed 0)
10.1016/j.jpowsour.2019.226765,train,v2 split (seed 0)
10.1016/j.jpowsour.2019.226768,train,v2 split (seed 0)
10.1016/j.jpowsour.2019.226819,train,v2 split (seed 0)
10.1016/j.jpowsour.2019.226894,train,v2 split (seed 0)
10.1016/j.jpowsour.2019.226914,test,v2 split (seed 0)
10.1016/j.jpowsour.2019.226956,train,v2 split (seed 0)
10.1016/j.jpowsour.2019.226957,test,v2 split (seed 0)
10.1016/j.jpowsour.2019.227157,train,v2 split (seed 0)
10.1016/j.jpowsour.2019.227267,test,v2 split (seed 0)
10.1016/j.jpowsour.2019.227386,train,v2 split (seed 0)
10.1016/j.jpowsour.2019.227419,train,v2 split (seed 0)
10.1016/j.jpowsour.2019.227420,train,v2 split (seed 0)
10.1016/j.jpowsour.2019.227584,train,v2 split (seed 0)
10.1016/j.jrras.2017.11.002,train,v2 split (seed 0)
10.1016/j.jssc.2018.10.045,train,v2 split (seed 0)
10.1016/j.jssc.2019.03.028,train,v2 split (seed 0)
10.1016/j.jssc.2019.05.027,train,v2 split (seed 0)
10.1016/j.jtice.2017.09.004,train,v2 split (seed 0)
10.1016/j.matchemphys.2018.08.022,train,v2 split (seed 0)
10.1016/j.materresbull.2017.01.035,train,v2 split (seed 0)
10.1016/j.materresbull.2017.07.043,train,v2 split (seed 0)
10.1016/j.materresbull.2018.04.015,test,v2 split (seed 0)
10.1016/j.materresbull.2018.06.014,train,v2 split (seed 0)
10.1016/j.materresbull.2018.06.036,test,v2 split (seed 0)
10.1016/j.materresbull.2018.06.037,train,v2 split (seed 0)
10.1016/j.materresbull.2020.111009,train,v2 split (seed 0)
10.1016/j.matlet.2015.09.092,train,v2 split (seed 0)
10.1016/j.matlet.2017.06.079,train,v2 split (seed 0)
10.1016/j.matlet.2018.01.090,test,v2 split (seed 0)
10.1016/j.matlet.2018.02.106,train,v2 split (seed 0)
10.1016/j.matlet.2018.03.095,train,v2 split (seed 0)
10.1016/j.matlet.2018.03.161,train,v2 split (seed 0)
10.1016/j.matlet.2018.04.040,test,v2 split (seed 0)
10.1016/j.matlet.2018.08.024,train,v2 split (seed 0)
10.1016/j.matlet.2018.09.117,train,v2 split (seed 0)
10.1016/j.matlet.2019.03.021,train,v2 split (seed 0)
10.1016/j.matlet.2019.03.073,train,v2 split (seed 0)
10.1016/j.matlet.2019.04.127,train,v2 split (seed 0)
10.1016/j.matlet.2019.07.092,train,v2 split (seed 0)
10.1016/j.matlet.2020.128174,test,v2 split (seed 0)
10.1016/j.matpr.2016.10.033,train,v2 split (seed 0)
10.1016/j.matpr.2020.01.587,train,v2 split (seed 0)
10.1016/j.mattod.2018.10.017,train,v2 split (seed 0)
10.1016/j.mssp.2014.07.039,train,v2 split (seed 0)
10.1016/j.mssp.2016.08.013,train,v2 split (seed 0)
10.1016/j.mssp.2017.04.022,train,v2 split (seed 0)
10.1016/j.mssp.2019.02.018,train,v2 split (seed 0)
10.1016/j.mssp.2019.03.028,train,v2 split (seed 0)
10.1016/j.mssp.2019.104798,train,v2 split (seed 0)
10.1016/j.mssp.2020.104915,test,v2 split (seed 0)
10.1016/j.mtcomm.2018.01.006,train,v2 split (seed 0)
10.1016/j.mtener.2016.11.001,train,v2 split (seed 0)
10.1016/j.mtener.2017.06.009,test,v2 split (seed 0)
10.1016/j.mtener.2017.09.006,test,v2 split (seed 0)
10.1016/j.mtener.2017.09.007,train,v2 split (seed 0)
10.1016/j.mtener.2018.05.017,train,v2 split (seed 0)
10.1016/j.mtener.2018.07.004,train,v2 split (seed 0)
10.1016/j.mtener.2019.01.002,train,v2 split (seed 0)
10.1016/j.mtener.2019.100341,train,v2 split (seed 0)
10.1016/j.nanoen.2014.04.017,test,v2 split (seed 0)
10.1016/j.nanoen.2014.08.015,train,v2 split (seed 0)
10.1016/j.nanoen.2014.12.022,train,v2 split (seed 0)
10.1016/j.nanoen.2015.01.025,train,v2 split (seed 0)
10.1016/j.nanoen.2015.02.028,train,v2 split (seed 0)
10.1016/j.nanoen.2015.05.014,train,v2 split (seed 0)
10.1016/j.nanoen.2015.07.024,test,v2 split (seed 0)
10.1016/j.nanoen.2015.10.006,train,v2 split (seed 0)
10.1016/j.nanoen.2015.10.010,train,v2 split (seed 0)
10.1016/j.nanoen.2016.02.015,test,v2 split (seed 0)
10.1016/j.nanoen.2016.02.031,test,v2 split (seed 0)
10.1016/j.nanoen.2016.02.033,train,v2 split (seed 0)
10.1016/j.nanoen.2016.02.050,train,v2 split (seed 0)
10.1016/j.nanoen.2016.02.057,train,v2 split (seed 0)
10.1016/j.nanoen.2016.04.057,test,v2 split (seed 0)
10.1016/j.nanoen.2016.04.060,train,v2 split (seed 0)
10.1016/j.nanoen.2016.05.023,test,v2 split (seed 0)
10.1016/j.nanoen.2016.06.041,train,v2 split (seed 0)
10.1016/j.nanoen.2016.06.044,train,v2 split (seed 0)
10.1016/j.nanoen.2016.06.047,train,v2 split (seed 0)
10.1016/j.nanoen.2016.06.053,test,v2 split (seed 0)
10.1016/j.nanoen.2016.07.033,train,v2 split (seed 0)
10.1016/j.nanoen.2016.08.006,train,v2 split (seed 0)
10.1016/j.nanoen.2016.08.038,train,v2 split (seed 0)
10.1016/j.nanoen.2016.08.048,test,v2 split (seed 0)
10.1016/j.nanoen.2016.08.055,test,v2 split (seed 0)
10.1016/j.nanoen.2016.09.004,test,v2 split (seed 0)
10.1016/j.nanoen.2016.09.008,train,v2 split (seed 0)
10.1016/j.nanoen.2016.09.041,train,v2 split (seed 0)
10.1016/j.nanoen.2016.10.026,train,v2 split (seed 0)
10.1016/j.nanoen.2016.10.030,train,v2 split (seed 0)
10.1016/j.nanoen.2016.10.036,train,v2 split (seed 0)
10.1016/j.nanoen.2016.10.065,train,v2 split (seed 0)
10.1016/j.nanoen.2016.11.003,train,v2 split (seed 0)
10.1016/j.nanoen.2016.11.028,train,v2 split (seed 0)
10.1016/j.nanoen.2016.11.054,train,v2 split (seed 0)
10.1016/j.nanoen.2016.12.029,train,v2 split (seed 0)
10.1016/j.nanoen.2016.12.043,train,v2 split (seed 0)
10.1016/j.nanoen.2016.12.059,train,v2 split (seed 0)
10.1016/j.nanoen.2017.01.015,train,v2 split (seed 0)
10.1016/j.nanoen.2017.02.019,train,sha1 mod 5
10.1016/j.nanoen.2017.04.031,train,sha1 mod 5
10.1016/j.nanoen.2017.04.034,train,v2 split (seed 0)
10.1016/j.nanoen.2017.05.026,train,v2 split (seed 0)
10.1016/j.nanoen.2017.05.040,train,v2 split (seed 0)
10.1016/j.nanoen.2017.05.061,test,v2 split (seed 0)
10.1016/j.nanoen.2017.06.039,train,v2 split (seed 0)
10.1016/j.nanoen.2017.07.013,train,v2 split (seed 0)
10.1016/j.nanoen.2017.08.014,train,v2 split (seed 0)
10.1016/j.nanoen.2017.08.028,train,v2 split (seed 0)
10.1016/j.nanoen.2017.08.047,test,v2 split (seed 0)
10.1016/j.nanoen.2017.08.055,train,v2 split (seed 0)
10.1016/j.nanoen.2017.09.009,train,v2 split (seed 0)
10.1016/j.nanoen.2017.09.050,train,v2 split (seed 0)
10.1016/j.nanoen.2017.10.006,train,v2 split (seed 0)
10.1016/j.nanoen.2017.10.024,train,v2 split (seed 0)
10.1016/j.nanoen.2017.11.008,test,v2 split (seed 0)
10.1016/j.nanoen.2017.11.009,test,v2 split (seed 0)
10.1016/j.nanoen.2017.12.041,train,v2 split (seed 0)
10.1016/j.nanoen.2018.01.005,train,v2 split (seed 0)
10.1016/j.nanoen.2018.01.017,test,v2 split (seed 0)
10.1016/j.nanoen.2018.01.037,train,v2 split (seed 0)
10.1016/j.nanoen.2018.02.014,train,v2 split (seed 0)
10.1016/j.nanoen.2018.03.046,train,v2 split (seed 0)
10.1016/j.nanoen.2018.04.010,train,v2 split (seed 0)
10.1016/j.nanoen.2018.04.027,test,v2 split (seed 0)
10.1016/j.nanoen.2018.04.036,train,v2 split (seed 0)
10.1016/j.nanoen.2018.04.042,train,v2 split (seed 0)
10.1016/j.nanoen.2018.05.035,train,v2 split (seed 0)
10.1016/j.nanoen.2018.06.006,train,v2 split (seed 0)
10.1016/j.nanoen.2018.06.024,train,v2 split (seed 0)
10.1016/j.nanoen.2018.06.085,train,v2 split (seed 0)
10.1016/j.nanoen.2018.07.028,train,v2 split (seed 0)
10.1016/j.nanoen.2018.07.063,train,v2 split (seed 0)
10.1016/j.nanoen.2018.08.072,test,v2 split (seed 0)
10.1016/j.nanoen.2018.09.023,train,v2 split (seed 0)
10.1016/j.nanoen.2018.10.039,train,v2 split (seed 0)
10.1016/j.nanoen.2018.11.004,train,v2 split (seed 0)
10.1016/j.nanoen.2018.12.033,test,v2 split (seed 0)
10.1016/j.nanoen.2019.01.014,train,v2 split (seed 0)
10.1016/j.nanoen.2019.01.041,train,v2 split (seed 0)
10.1016/j.nanoen.2019.02.005,test,v2 split (seed 0)
10.1016/j.nanoen.2019.02.009,train,v2 split (seed 0)
10.1016/j.nanoen.2019.02.064,test,v2 split (seed 0)
10.1016/j.nanoen.2019.02.070,train,v2 split (seed 0)
10.1016/j.nanoen.2019.05.004,train,v2 split (seed 0)
10.1016/j.nanoen.2019.05.072,train,v2 split (seed 0)
10.1016/j.nanoen.2019.05.084,train,v2 split (seed 0)
10.1016/j.nanoen.2019.06.021,train,v2 split (seed 0)
10.1016/j.nanoen.2019.06.029,train,v2 split (seed 0)
10.1016/j.nanoen.2019.06.034,test,v2 split (seed 0)
10.1016/j.nanoen.2019.103865,train,v2 split (seed 0)
10.1016/j.nanoen.2019.103866,test,v2 split (seed 0)
10.1016/j.nanoen.2019.103932,train,v2 split (seed 0)
10.1016/j.nanoen.2019.103964,test,v2 split (seed 0)
10.1016/j.nanoen.2019.104014,train,v2 split (seed 0)
10.1016/j.nanoen.2019.104044,train,v2 split (seed 0)
10.1016/j.nanoen.2019.104186,train,v2 split (seed 0)
10.1016/j.nanoen.2019.104224,train,v2 split (seed 0)
10.1016/j.nanoen.2019.104244,train,v2 split (seed 0)
10.1016/j.nanoen.2019.104245,test,v2 split (seed 0)
10.1016/j.nanoen.2019.104246,train,v2 split (seed 0)
10.1016/j.nanoen.2019.104247,train,v2 split (seed 0)
10.1016/j.nanoen.2019.104285,train,v2 split (seed 0)
10.1016/j.nanoen.2020.104984,train,v2 split (seed 0)
10.1016/j.optmat.2017.01.019,train,v2 split (seed 0)
10.1016/j.optmat.2019.04.014,test,v2 split (seed 0)
10.1016/j.optmat.2019.05.015,test,v2 split (seed 0)
10.1016/j.orgel.2015.01.024,train,v2 split (seed 0)
10.1016/j.orgel.2015.02.023,train,v2 split (seed 0)
10.1016/j.orgel.2015.05.027,train,v2 split (seed 0)
10.1016/j.orgel.2015.05.028,train,v2 split (seed 0)
10.1016/j.orgel.2015.05.043,train,v2 split (seed 0)
10.1016/j.orgel.2015.06.046,train,v2 split (seed 0)
10.1016/j.orgel.2015.07.057,test,v2 split (seed 0)
10.1016/j.orgel.2015.08.021,train,v2 split (seed 0)
10.1016/j.orgel.2015.08.023,train,v2 split (seed 0)
10.1016/j.orgel.2015.12.010,train,v2 split (seed 0)
10.1016/j.orgel.2016.01.002,train,v2 split (seed 0)
10.1016/j.orgel.2016.01.011,test,v2 split (seed 0)
10.1016/j.orgel.2016.03.017,train,v2 split (seed 0)
10.1016/j.orgel.2016.03.020,test,v2 split (seed 0)
10.1016/j.orgel.2016.03.028,test,v2 split (seed 0)
10.1016/j.orgel.2016.04.012,train,v2 split (seed 0)
10.1016/j.orgel.2016.04.024,train,v2 split (seed 0)
10.1016/j.orgel.2016.08.012,train,v2 split (seed 0)
10.1016/j.orgel.2016.09.018,train,v2 split (seed 0)
10.1016/j.orgel.2016.10.022,test,v2 split (seed 0)
10.1016/j.orgel.2016.10.035,train,v2 split (seed 0)
10.1016/j.orgel.2016.12.047,train,v2 split (seed 0)
10.1016/j.orgel.2017.01.022,train,v2 split (seed 0)
10.1016/j.orgel.2017.01.027,train,v2 split (seed 0)
10.1016/j.orgel.2017.01.038,train,v2 split (seed 0)
10.1016/j.orgel.2017.02.041,train,v2 split (seed 0)
10.1016/j.orgel.2017.03.019,train,v2 split (seed 0)
10.1016/j.orgel.2017.04.024,train,v2 split (seed 0)
10.1016/j.orgel.2017.05.025,train,v2 split (seed 0)
10.1016/j.orgel.2017.06.001,train,v2 split (seed 0)
10.1016/j.orgel.2017.06.006,train,v2 split (seed 0)
10.1016/j.orgel.2017.06.023,train,v2 split (seed 0)
10.1016/j.orgel.2017.07.050,test,v2 split (seed 0)
10.1016/j.orgel.2017.08.001,train,v2 split (seed 0)
10.1016/j.orgel.2017.08.027,train,v2 split (seed 0)
10.1016/j.orgel.2017.09.039,train,v2 split (seed 0)
10.1016/j.orgel.2017.10.019,train,v2 split (seed 0)
10.1016/j.orgel.2017.10.034,train,v2 split (seed 0)
10.1016/j.orgel.2017.11.013,train,v2 split (seed 0)
10.1016/j.orgel.2017.11.030,train,v2 split (seed 0)
10.1016/j.orgel.2017.12.017,train,v2 split (seed 0)
10.1016/j.orgel.2017.12.020,test,v2 split (seed 0)
10.1016/j.orgel.2017.12.031,train,v2 split (seed 0)
10.1016/j.orgel.2018.01.009,train,v2 split (seed 0)
10.1016/j.orgel.2018.01.029,test,v2 split (seed 0)
10.1016/j.orgel.2018.02.026,test,v2 split (seed 0)
10.1016/j.orgel.2018.02.027,train,v2 split (seed 0)
10.1016/j.orgel.2018.03.041,train,v2 split (seed 0)
10.1016/j.orgel.2018.03.042,train,v2 split (seed 0)
10.1016/j.orgel.2018.04.017,train,v2 split (seed 0)
10.1016/j.orgel.2018.04.042,train,v2 split (seed 0)
10.1016/j.orgel.2018.04.052,train,v2 split (seed 0)
10.1016/j.orgel.2018.05.011,train,v2 split (seed 0)
10.1016/j.orgel.2018.05.017,test,v2 split (seed 0)
10.1016/j.orgel.2018.05.020,train,v2 split (seed 0)
10.1016/j.orgel.2018.05.024,train,v2 split (seed 0)
10.1016/j.orgel.2018.05.030,test,v2 split (seed 0)
10.1016/j.orgel.2018.05.033,train,v2 split (seed 0)
10.1016/j.orgel.2018.05.044,train,v2 split (seed 0)
10.1016/j.orgel.2018.05.052,train,v2 split (seed 0)
10.1016/j.orgel.2018.06.020,train,v2 split (seed 0)
10.1016/j.orgel.2018.06.038,train,v2 split (seed 0)
10.1016/j.orgel.2018.06.043,test,v2 split (seed 0)
10.1016/j.orgel.2018.06.049,train,v2 split (seed 0)
10.1016/j.orgel.2018.07.009,train,v2 split (seed 0)
10.1016/j.orgel.2018.08.015,train,v2 split (seed 0)
10.1016/j.orgel.2018.08.030,train,v2 split (seed 0)
10.1016/j.orgel.2018.08.048,train,v2 split (seed 0)
10.1016/j.orgel.2018.09.004,train,v2 split (seed 0)
10.1016/j.orgel.2018.09.011,train,v2 split (seed 0)
10.1016/j.orgel.2018.09.019,train,v2 split (seed 0)
10.1016/j.orgel.2018.09.027,train,v2 split (seed 0)
10.1016/j.orgel.2018.09.034,train,v2 split (seed 0)
10.1016/j.orgel.2018.10.028,train,v2 split (seed 0)
10.1016/j.orgel.2018.11.015,train,v2 split (seed 0)
10.1016/j.orgel.2018.11.021,train,v2 split (seed 0)
10.1016/j.orgel.2018.11.034,train,v2 split (seed 0)
10.1016/j.orgel.2018.11.037,train,v2 split (seed 0)
10.1016/j.orgel.2018.12.030,train,v2 split (seed 0)
10.1016/j.orgel.2019.01.016,test,v2 split (seed 0)
10.1016/j.orgel.2019.01.027,train,v2 split (seed 0)
10.1016/j.orgel.2019.01.040,train,v2 split (seed 0)
10.1016/j.orgel.2019.01.044,train,v2 split (seed 0)
10.1016/j.orgel.2019.03.021,train,v2 split (seed 0)
10.1016/j.orgel.2019.03.022,train,v2 split (seed 0)
10.1016/j.orgel.2019.03.033,test,v2 split (seed 0)
10.1016/j.orgel.2019.03.036,train,v2 split (seed 0)
10.1016/j.orgel.2019.03.048,test,v2 split (seed 0)
10.1016/j.orgel.2019.03.053,test,v2 split (seed 0)
10.1016/j.orgel.2019.04.029,test,v2 split (seed 0)
10.1016/j.orgel.2019.04.035,train,v2 split (seed 0)
10.1016/j.orgel.2019.04.041,train,v2 split (seed 0)
10.1016/j.orgel.2019.05.003,test,v2 split (seed 0)
10.1016/j.orgel.2019.05.019,train,v2 split (seed 0)
10.1016/j.orgel.2019.05.024,train,v2 split (seed 0)
10.1016/j.orgel.2019.06.013,test,v2 split (seed 0)
10.1016/j.orgel.2019.06.039,train,v2 split (seed 0)
10.1016/j.orgel.2019.07.007,train,v2 split (seed 0)
10.1016/j.orgel.2019.105384,train,v2 split (seed 0)
10.1016/j.orgel.2019.105387,train,v2 split (seed 0)
10.1016/j.orgel.2019.105403,train,v2 split (seed 0)
10.1016/j.orgel.2019.105406,test,v2 split (seed 0)
10.1016/j.orgel.2019.105415,test,v2 split (seed 0)
10.1016/j.orgel.2019.105430,train,v2 split (seed 0)
10.1016/j.orgel.2019.105433,train,v2 split (seed 0)
10.1016/j.orgel.2019.105552,train,v2 split (seed 0)
10.1016/j.orgel.2019.105560,train,v2 split (seed 0)
10.1016/j.orgel.2019.105573,train,v2 split (seed 0)
10.1016/j.orgel.2020.105734,test,v2 split (seed 0)
10.1016/j.physb.2017.07.065,train,v2 split (seed 0)
10.1016/j.physb.2019.07.041,train,v2 split (seed 0)
10.1016/j.polymer.2019.121973,train,v2 split (seed 0)
10.1016/j.proeng.2015.08.1126,train,v2 split (seed 0)
10.1016/j.renene.2019.07.162,train,v2 split (seed 0)
10.1016/j.saa.2018.09.005,train,v2 split (seed 0)
10.1016/j.scib.2018.02.004,train,v2 split (seed 0)
10.1016/j.scriptamat.2019.02.032,train,v2 split (seed 0)
10.1016/j.solener.2015.07.036,train,v2 split (seed 0)
10.1016/j.solener.2015.09.046,train,v2 split (seed 0)
10.1016/j.solener.2015.10.018,train,v2 split (seed 0)
10.1016/j.solener.2015.10.019,train,v2 split (seed 0)
10.1016/j.solener.2016.02.016,train,v2 split (seed 0)
10.1016/j.solener.2016.02.049,train,v2 split (seed 0)
10.1016/j.solener.2016.06.044,train,v2 split (seed 0)
10.1016/j.solener.2016.07.033,train,v2 split (seed 0)
10.1016/j.solener.2016.07.034,train,v2 split (seed 0)
10.1016/j.solener.2016.09.048,train,v2 split (seed 0)
10.1016/j.solener.2016.10.003,test,v2 split (seed 0)
10.1016/j.solener.2016.10.025,train,v2 split (seed 0)
10.1016/j.solener.2016.10.032,train,v2 split (seed 0)
10.1016/j.solener.2016.10.050,train,v2 split (seed 0)
10.1016/j.solener.2017.01.018,train,v2 split (seed 0)
10.1016/j.solener.2017.03.005,train,v2 split (seed 0)
10.1016/j.solener.2017.04.028,train,v2 split (seed 0)
10.1016/j.solener.2017.07.065,train,v2 split (seed 0)
10.1016/j.solener.2017.09.014,train,v2 split (seed 0)
10.1016/j.solener.2017.09.062,test,v2 split (seed 0)
10.1016/j.solener.2017.12.045,train,v2 split (seed 0)
10.1016/j.solener.2018.01.083,train,v2 split (seed 0)
10.1016/j.solener.2018.01.084,train,v2 split (seed 0)
10.1016/j.solener.2018.03.037,train,v2 split (seed 0)
10.1016/j.solener.2018.03.054,test,v2 split (seed 0)
10.1016/j.solener.2018.04.044,test,v2 split (seed 0)
10.1016/j.solener.2018.05.005,train,v2 split (seed 0)
10.1016/j.solener.2018.05.049,test,v2 split (seed 0)
10.1016/j.solener.2018.05.086,train,v2 split (seed 0)
10.1016/j.solener.2018.05.090,train,v2 split (seed 0)
10.1016/j.solener.2018.07.022,test,v2 split (seed 0)
10.1016/j.solener.2018.07.057,train,v2 split (seed 0)
10.1016/j.solener.2018.08.033,train,sha1 mod 5
10.1016/j.solener.2018.09.002,train,v2 split (seed 0)
10.1016/j.solener.2018.09.016,train,v2 split (seed 0)
10.1016/j.solener.2018.09.017,train,v2 split (seed 0)
10.1016/j.solener.2018.09.057,train,v2 split (seed 0)
10.1016/j.solener.2018.09.078,train,v2 split (seed 0)
10.1016/j.solener.2018.10.025,train,v2 split (seed 0)
10.1016/j.solener.2018.10.036,train,v2 split (seed 0)
10.1016/j.solener.2018.10.037,train,v2 split (seed 0)
10.1016/j.solener.2018.11.024,test,v2 split (seed 0)
10.1016/j.solener.2019.01.008,train,v2 split (seed 0)
10.1016/j.solener.2019.01.061,test,v2 split (seed 0)
10.1016/j.solener.2019.01.097,test,v2 split (seed 0)
10.1016/j.solener.2019.02.020,train,v2 split (seed 0)
10.1016/j.solener.2019.04.019,train,v2 split (seed 0)
10.1016/j.solener.2019.04.020,train,v2 split (seed 0)
10.1016/j.solener.2019.04.071,train,v2 split (seed 0)
10.1016/j.solener.2019.04.085,train,v2 split (seed 0)
10.1016/j.solener.2019.04.092,train,v2 split (seed 0)
10.1016/j.solener.2019.05.018,train,sha1 mod 5
10.1016/j.solener.2019.05.055,test,v2 split (seed 0)
10.1016/j.solener.2019.05.061,train,v2 split (seed 0)
10.1016/j.solener.2019.05.073,train,v2 split (seed 0)
10.1016/j.solener.2019.06.040,train,v2 split (seed 0)
10.1016/j.solener.2019.06.069,test,v2 split (seed 0)
10.1016/j.solener.2019.07.088,test,v2 split (seed 0)
10.1016/j.solener.2019.08.031,train,v2 split (seed 0)
10.1016/j.solener.2019.08.033,train,v2 split (seed 0)
10.1016/j.solener.2019.08.080,train,v2 split (seed 0)
10.1016/j.solener.2019.09.055,test,v2 split (seed 0)
10.1016/j.solener.2019.09.056,train,v2 split (seed 0)
10.1016/j.solener.2019.09.064,test,v2 split (seed 0)
10.1016/j.solener.2019.09.100,train,v2 split (seed 0)
10.1016/j.solener.2019.10.018,test,v2 split (seed 0)
10.1016/j.solener.2019.10.034,train,v2 split (seed 0)
10.1016/j.solener.2019.10.080,train,v2 split (seed 0)
10.1016/j.solener.2019.11.030,train,v2 split (seed 0)
10.1016/j.solener.2019.11.094,train,v2 split (seed 0)
10.1016/j.solener.2019.11.098,train,v2 split (seed 0)
10.1016/j.solener.2019.12.021,train,sha1 mod 5
10.1016/j.solener.2020.04.077,train,v2 split (seed 0)
10.1016/j.solener.2020.05.028,train,v2 split (seed 0)
10.1016/j.solener.2020.05.039,train,v2 split (seed 0)
10.1016/j.solidstatesciences.2014.12.015,test,v2 split (seed 0)
10.1016/j.solmat.2014.10.017,train,v2 split (seed 0)
10.1016/j.solmat.2014.11.034,train,v2 split (seed 0)
10.1016/j.solmat.2015.01.023,test,v2 split (seed 0)
10.1016/j.solmat.2015.03.016,train,v2 split (seed 0)
10.1016/j.solmat.2015.04.015,train,v2 split (seed 0)
10.1016/j.solmat.2015.04.021,train,v2 split (seed 0)
10.1016/j.solmat.2015.04.028,train,v2 split (seed 0)
10.1016/j.solmat.2015.06.002,train,v2 split (seed 0)
10.1016/j.solmat.2015.06.018,train,v2 split (seed 0)
10.1016/j.solmat.2015.06.024,train,v2 split (seed 0)
10.1016/j.solmat.2015.10.008,train,v2 split (seed 0)
10.1016/j.solmat.2015.10.024,test,v2 split (seed 0)
10.1016/j.solmat.2015.10.032,train,v2 split (seed 0)
10.1016/j.solmat.2015.11.026,train,v2 split (seed 0)
10.1016/j.solmat.2016.03.001,train,v2 split (seed 0)
10.1016/j.solmat.2016.03.024,train,v2 split (seed 0)
10.1016/j.solmat.2016.03.035,test,v2 split (seed 0)
10.1016/j.solmat.2016.04.034,train,v2 split (seed 0)
10.1016/j.solmat.2016.04.055,train,v2 split (seed 0)
10.1016/j.solmat.2016.05.011,train,v2 split (seed 0)
10.1016/j.solmat.2016.05.026,train,v2 split (seed 0)
10.1016/j.solmat.2016.07.003,train,v2 split (seed 0)
10.1016/j.solmat.2016.07.010,train,v2 split (seed 0)
10.1016/j.solmat.2016.07.045,train,v2 split (seed 0)
10.1016/j.solmat.2016.08.011,train,v2 split (seed 0)
10.1016/j.solmat.2016.09.013,train,sha1 mod 5
10.1016/j.solmat.2016.09.033,test,v2 split (seed 0)
10.1016/j.solmat.2016.10.002,test,v2 split (seed 0)
10.1016/j.solmat.2016.10.011,train,v2 split (seed 0)
10.1016/j.solmat.2016.10.035,train,v2 split (seed 0)
10.1016/j.solmat.2016.10.041,train,v2 split (seed 0)
10.1016/j.solmat.2017.01.004,test,v2 split (seed 0)
10.1016/j.solmat.2017.01.005,train,v2 split (seed 0)
10.1016/j.solmat.2017.01.006,train,v2 split (seed 0)
10.1016/j.solmat.2017.01.009,test,v2 split (seed 0)
10.1016/j.solmat.2017.01.013,train,v2 split (seed 0)
10.1016/j.solmat.2017.01.038,train,v2 split (seed 0)
10.1016/j.solmat.2017.02.003,train,v2 split (seed 0)
10.1016/j.solmat.2017.02.008,train,v2 split (seed 0)
10.1016/j.solmat.2017.02.010,train,v2 split (seed 0)
10.1016/j.solmat.2017.03.024,train,v2 split (seed 0)
10.1016/j.solmat.2017.03.030,train,v2 split (seed 0)
10.1016/j.solmat.2017.03.032,test,v2 split (seed 0)
10.1016/j.solmat.2017.04.029,test,v2 split (seed 0)
10.1016/j.solmat.2017.05.007,test,v2 split (seed 0)
10.1016/j.solmat.2017.05.021,train,v2 split (seed 0)
10.1016/j.solmat.2017.05.057,test,v2 split (seed 0)
10.1016/j.solmat.2017.05.071,train,v2 split (seed 0)
10.1016/j.solmat.2017.06.025,train,v2 split (seed 0)
10.1016/j.solmat.2017.07.011,train,v2 split (seed 0)
10.1016/j.solmat.2017.07.013,test,v2 split (seed 0)
10.1016/j.solmat.2017.07.022,train,v2 split (seed 0)
10.1016/j.solmat.2017.07.043,train,v2 split (seed 0)
10.1016/j.solmat.2017.08.010,train,v2 split (seed 0)
10.1016/j.solmat.2017.10.014,test,v2 split (seed 0)
10.1016/j.solmat.2017.10.024,train,v2 split (seed 0)
10.1016/j.solmat.2017.11.002,train,v2 split (seed 0)
10.1016/j.solmat.2017.11.010,train,v2 split (seed 0)
10.1016/j.solmat.2017.11.032,train,v2 split (seed 0)
10.1016/j.solmat.2017.12.015,train,v2 split (seed 0)
10.1016/j.solmat.2018.01.004,train,v2 split (seed 0)
10.1016/j.solmat.2018.01.006,train,v2 split (seed 0)
10.1016/j.solmat.2018.01.010,train,v2 split (seed 0)
10.1016/j.solmat.2018.01.017,test,v2 split (seed 0)
10.1016/j.solmat.2018.01.027,train,v2 split (seed 0)
10.1016/j.solmat.2018.03.047,test,v2 split (seed 0)
10.1016/j.solmat.2018.05.001,train,v2 split (seed 0)
10.1016/j.solmat.2018.05.025,train,v2 split (seed 0)
10.1016/j.solmat.2018.05.027,train,v2 split (seed 0)
10.1016/j.solmat.2018.05.048,train,v2 split (seed 0)
10.1016/j.solmat.2018.07.031,train,v2 split (seed 0)
10.1016/j.solmat.2018.08.020,train,v2 split (seed 0)
10.1016/j.solmat.2018.10.009,train,v2 split (seed 0)
10.1016/j.solmat.2018.10.017,train,v2 split (seed 0)
10.1016/j.solmat.2018.11.006,train,v2 split (seed 0)
10.1016/j.solmat.2018.11.028,test,v2 split (seed 0)
10.1016/j.solmat.2018.11.029,train,v2 split (seed 0)
10.1016/j.solmat.2018.11.041,train,v2 split (seed 0)
10.1016/j.solmat.2018.12.010,test,v2 split (seed 0)
10.1016/j.solmat.2019.03.002,train,v2 split (seed 0)
10.1016/j.solmat.2019.03.003,test,v2 split (seed 0)
10.1016/j.solmat.2019.03.014,train,v2 split (seed 0)
10.1016/j.solmat.2019.03.022,test,v2 split (seed 0)
10.1016/j.solmat.2019.03.040,train,v2 split (seed 0)
10.1016/j.solmat.2019.04.007,test,v2 split (seed 0)
10.1016/j.solmat.2019.04.026,train,v2 split (seed 0)
10.1016/j.solmat.2019.109927,train,v2 split (seed 0)
10.1016/j.solmat.2019.110130,train,v2 split (seed 0)
10.1016/j.solmat.2019.110197,train,v2 split (seed 0)
10.1016/j.solmat.2019.110288,test,v2 split (seed 0)
10.1016/j.solmat.2019.110316,test,v2 split (seed 0)
10.1016/j.solmat.2019.110379,train,v2 split (seed 0)
10.1016/j.solmat.2020.110553,train,v2 split (seed 0)
10.1016/j.spmi.2016.09.020,train,v2 split (seed 0)
10.1016/j.spmi.2017.09.048,train,v2 split (seed 0)
10.1016/j.spmi.2017.12.015,test,v2 split (seed 0)
10.1016/j.spmi.2018.07.041,train,v2 split (seed 0)
10.1016/j.sse.2018.02.008,train,v2 split (seed 0)
10.1016/j.surfcoat.2018.12.069,train,v2 split (seed 0)
10.1016/j.surfin.2017.12.006,train,v2 split (seed 0)
10.1016/j.synthmet.2016.04.025,train,v2 split (seed 0)
10.1016/j.synthmet.2017.02.022,train,v2 split (seed 0)
10.1016/j.synthmet.2017.08.007,train,v2 split (seed 0)
10.1016/j.synthmet.2018.05.012,train,v2 split (seed 0)
10.1016/j.synthmet.2018.07.008,train,v2 split (seed 0)
10.1016/j.synthmet.2018.07.017,train,v2 split (seed 0)
10.1016/j.synthmet.2018.08.013,train,v2 split (seed 0)
10.1016/j.synthmet.2018.10.004,train,v2 split (seed 0)
10.1016/j.synthmet.2019.02.009,train,v2 split (seed 0)
10.1016/j.synthmet.2019.06.011,train,v2 split (seed 0)
10.1016/j.synthmet.2019.116114,train,v2 split (seed 0)
10.1016/j.synthmet.2019.116178,train,v2 split (seed 0)
10.1016/j.synthmet.2019.116232,test,v2 split (seed 0)
10.1016/j.tsf.2015.09.035,train,v2 split (seed 0)
10.1016/j.tsf.2016.10.058,train,sha1 mod 5
10.1016/j.tsf.2017.03.036,train,v2 split (seed 0)
10.1016/j.tsf.2017.06.037,test,v2 split (seed 0)
10.1016/j.tsf.2017.07.003,train,v2 split (seed 0)
10.1016/j.tsf.2017.07.013,train,v2 split (seed 0)
10.1016/j.tsf.2018.02.022,train,sha1 mod 5
10.1016/j.tsf.2018.03.038,train,v2 split (seed 0)
10.1016/j.tsf.2018.05.002,train,v2 split (seed 0)
10.1016/j.tsf.2018.05.005,train,v2 split (seed 0)
10.1016/j.tsf.2018.05.052,train,v2 split (seed 0)
10.1016/j.tsf.2018.07.014,train,v2 split (seed 0)
10.1016/j.tsf.2018.07.025,train,v2 split (seed 0)
10.1016/j.tsf.2018.07.037,train,v2 split (seed 0)
10.1016/j.tsf.2018.07.039,train,v2 split (seed 0)
10.1016/j.tsf.2018.07.041,test,v2 split (seed 0)
10.1016/j.tsf.2018.08.015,train,v2 split (seed 0)
10.1016/j.tsf.2018.10.001,train,v2 split (seed 0)
10.1016/j.tsf.2018.12.029,train,v2 split (seed 0)
10.1016/j.vacuum.2019.109077,test,v2 split (seed 0)
10.1021/acs.analchem.7b02800,train,v2 split (seed 0)
10.1021/acs.cgd.9b00024,train,v2 split (seed 0)
10.1021/acs.chemmater.5b00041,train,sha1 mod 5
10.1021/acs.chemmater.5b00660,train,v2 split (seed 0)
10.1021/acs.chemmater.5b01924,train,v2 split (seed 0)
10.1021/acs.chemmater.5b02378,train,v2 split (seed 0)
10.1021/acs.chemmater.5b03902,test,v2 split (seed 0)
10.1021/acs.chemmater.6b00429,train,v2 split (seed 0)
10.1021/acs.chemmater.6b00711,train,v2 split (seed 0)
10.1021/acs.chemmater.6b03445,test,v2 split (seed 0)
10.1021/acs.chemmater.6b05159,train,v2 split (seed 0)
10.1021/acs.chemmater.7b03243,train,v2 split (seed 0)
10.1021/acs.chemmater.8b01521,test,v2 split (seed 0)
10.1021/acs.chemmater.8b03084,test,v2 split (seed 0)
10.1021/acs.chemmater.8b05237,train,v2 split (seed 0)
10.1021/acs.chemmater.9b00702,train,v2 split (seed 0)
10.1021/acs.chemmater.9b01292,test,v2 split (seed 0)
10.1021/acs.chemmater.9b02468,train,v2 split (seed 0)
10.1021/acs.chemmater.9b02720,train,sha1 mod 5
10.1021/acs.chemmater.9b03089,test,v2 split (seed 0)
10.1021/acs.iecr.9b05173,train,v2 split (seed 0)
10.1021/acs.inorgchem.8b01030,train,v2 split (seed 0)
10.1021/acs.jpcc.5b00933,train,v2 split (seed 0)
10.1021/acs.jpcc.5b02984,test,v2 split (seed 0)
10.1021/acs.jpcc.5b06269,train,v2 split (seed 0)
10.1021/acs.jpcc.5b08294,train,v2 split (seed 0)
10.1021/acs.jpcc.5b09322,train,v2 split (seed 0)
10.1021/acs.jpcc.5b11144,train,v2 split (seed 0)
10.1021/acs.jpcc.5b11465,train,v2 split (seed 0)
10.1021/acs.jpcc.5b11540,train,v2 split (seed 0)
10.1021/acs.jpcc.6b00309,train,v2 split (seed 0)
10.1021/acs.jpcc.6b00364,train,v2 split (seed 0)
10.1021/acs.jpcc.6b02808,train,v2 split (seed 0)
10.1021/acs.jpcc.6b02858,test,v2 split (seed 0)
10.1021/acs.jpcc.6b05298,train,v2 split (seed 0)
10.1021/acs.jpcc.6b05406,train,v2 split (seed 0)
10.1021/acs.jpcc.6b06914,train,v2 split (seed 0)
10.1021/acs.jpcc.6b09412,test,v2 split (seed 0)
10.1021/acs.jpcc.6b09671,train,v2 split (seed 0)
10.1021/acs.jpcc.6b09722,test,v2 split (seed 0)
10.1021/acs.jpcc.6b10288,train,v2 split (seed 0)
10.1021/acs.jpcc.6b12137,train,v2 split (seed 0)
10.1021/acs.jpcc.7603279,train,v2 split (seed 0)
10.1021/acs.jpcc.7b00419,train,v2 split (seed 0)
10.1021/acs.jpcc.7b00571,train,v2 split (seed 0)
10.1021/acs.jpcc.7b00861,train,v2 split (seed 0)
10.1021/acs.jpcc.7b00981,train,v2 split (seed 0)
10.1021/acs.jpcc.7b02411,train,v2 split (seed 0)
10.1021/acs.jpcc.7b02799,train,v2 split (seed 0)
10.1021/acs.jpcc.7b04248,train,sha1 mod 5
10.1021/acs.jpcc.7b04469,train,v2 split (seed 0)
10.1021/acs.jpcc.7b05880,train,v2 split (seed 0)
10.1021/acs.jpcc.7b06329,train,sha1 mod 5
10.1021/acs.jpcc.7b06711,train,v2 split (seed 0)
10.1021/acs.jpcc.7b08384,test,v2 split (seed 0)
10.1021/acs.jpcc.7b09537,train,v2 split (seed 0)
10.1021/acs.jpcc.7b10334,train,v2 split (seed 0)
10.1021/acs.jpcc.7b11010,train,v2 split (seed 0)
10.1021/acs.jpcc.7b11141,train,v2 split (seed 0)
10.1021/acs.jpcc.8b01558,train,v2 split (seed 0)
10.1021/acs.jpcc.8b01949,train,v2 split (seed 0)
10.1021/acs.jpcc.8b02141,train,v2 split (seed 0)
10.1021/acs.jpcc.8b03329,test,v2 split (seed 0)
10.1021/acs.jpcc.8b05267,test,v2 split (seed 0)
10.1021/acs.jpcc.8b05374,train,v2 split (seed 0)
10.1021/acs.jpcc.8b07124,train,v2 split (seed 0)
10.1021/acs.jpcc.8b08869,train,v2 split (seed 0)
10.1021/acs.jpcc.8b09595,test,v2 split (seed 0)
10.1021/acs.jpcc.8b10070,train,v2 split (seed 0)
10.1021/acs.jpcc.8b11898,train,v2 split (seed 0)
10.1021/acs.jpcc.9b01187,train,v2 split (seed 0)
10.1021/acs.jpcc.9b02371,train,v2 split (seed 0)
10.1021/acs.jpcc.9b02621,train,v2 split (seed 0)
10.1021/acs.jpcc.9b04662,train,v2 split (seed 0)
10.1021/acs.jpcc.9b05058,train,v2 split (seed 0)
10.1021/acs.jpcc.9b05588,train,v2 split (seed 0)
10.1021/acs.jpcc.9b10022,test,v2 split (seed 0)
10.1021/acs.jpcc.9b10186,train,v2 split (seed 0)
10.1021/acs.jpcc.9b10407,train,v2 split (seed 0)
10.1021/acs.jpcc.9b10709,train,v2 split (seed 0)
10.1021/acs.jpclett.0c01776,train,v2 split (seed 0)
10.1021/acs.jpclett.5b00010,train,v2 split (seed 0)
10.1021/acs.jpclett.5b00408,train,v2 split (seed 0)
10.1021/acs.jpclett.5b00480,train,v2 split (seed 0)
10.1021/acs.jpclett.5b00483,train,v2 split (seed 0)
10.1021/acs.jpclett.5b00545,train,v2 split (seed 0)
10.1021/acs.jpclett.5b00902,train,v2 split (seed 0)
10.1021/acs.jpclett.5b00953,train,sha1 mod 5
10.1021/acs.jpclett.5b01108,train,v2 split (seed 0)
10.1021/acs.jpclett.5b01177,train,v2 split (seed 0)
10.1021/acs.jpclett.5b01327,train,v2 split (seed 0)
10.1021/acs.jpclett.5b01381,test,v2 split (seed 0)
10.1021/acs.jpclett.5b01426,train,v2 split (seed 0)
10.1021/acs.jpclett.5b02721,train,v2 split (seed 0)
10.1021/acs.jpclett.6b00058,test,v2 split (seed 0)
10.1021/acs.jpclett.6b00295,test,v2 split (seed 0)
10.1021/acs.jpclett.6b01111,train,v2 split (seed 0)
10.1021/acs.jpclett.6b01199,train,v2 split (seed 0)
10.1021/acs.jpclett.6b02103,train,v2 split (seed 0)
10.1021/acs.jpclett.6b02122,train,v2 split (seed 0)
10.1021/acs.jpclett.6b02193,train,v2 split (seed 0)
10.1021/acs.jpclett.6b02375,test,v2 split (seed 0)
10.1021/acs.jpclett.6b02843,train,v2 split (seed 0)
10.1021/acs.jpclett.7b01508,train,v2 split (seed 0)
10.1021/acs.jpclett.7b02160,train,v2 split (seed 0)
10.1021/acs.jpclett.7b02229,train,v2 split (seed 0)
10.1021/acs.jpclett.7b02679,train,v2 split (seed 0)
10.1021/acs.jpclett.7b02848,train,v2 split (seed 0)
10.1021/acs.jpclett.8b02408,train,v2 split (seed 0)
10.1021/acs.jpclett.8b02824,train,v2 split (seed 0)
10.1021/acs.jpclett.8b03352,train,v2 split (seed 0)
10.1021/acs.jpclett.8b03834,test,v2 split (seed 0)
10.1021/acs.jpclett.9b03774,train,v2 split (seed 0)
10.1021/acs.langmuir.7b00127,train,v2 split (seed 0)
10.1021/acs.langmuir.8b01650,train,v2 split (seed 0)
10.1021/acs.langmuir.9b02524,test,v2 split (seed 0)
10.1021/acs.nanolett.5b00116,train,v2 split (seed 0)
10.1021/acs.nanolett.5b00787,train,v2 split (seed 0)
10.1021/acs.nanolett.5b01917,train,v2 split (seed 0)
10.1021/acs.nanolett.5b02490,train,v2 split (seed 0)
10.1021/acs.nanolett.6b01046,test,v2 split (seed 0)
10.1021/acs.nanolett.6b02307,train,v2 split (seed 0)
10.1021/acs.nanolett.6b02473,train,v2 split (seed 0)
10.1021/acs.nanolett.6b03989,train,v2 split (seed 0)
10.1021/acs.nanolett.6b04019,train,v2 split (seed 0)
10.1021/acs.nanolett.7b00847,train,v2 split (seed 0)
10.1021/acs.nanolett.7b03225,train,v2 split (seed 0)
10.1021/acs.nanolett.8b02863,train,v2 split (seed 0)
10.1021/acs.nanolett.8b04778,test,v2 split (seed 0)
10.1021/acs.nanolett.9b00936,test,v2 split (seed 0)
10.1021/acs.nanolett.9b02721,train,v2 split (seed 0)
10.1021/acs.orglett.8b01295,train,v2 split (seed 0)
10.1021/acsaem.0c00038,train,v2 split (seed 0)
10.1021/acsaem.0c00823,train,v2 split (seed 0)
10.1021/acsaem.7b00008,train,v2 split (seed 0)
10.1021/acsaem.7b00018,train,v2 split (seed 0)
10.1021/acsaem.7b00147,train,v2 split (seed 0)
10.1021/acsaem.7b00194,train,v2 split (seed 0)
10.1021/acsaem.7b00208,train,v2 split (seed 0)
10.1021/acsaem.8b00060,test,v2 split (seed 0)
10.1021/acsaem.8b00094,train,v2 split (seed 0)
10.1021/acsaem.8b00106,train,v2 split (seed 0)
10.1021/acsaem.8b00192,train,v2 split (seed 0)
10.1021/acsaem.8b00277,train,v2 split (seed 0)
10.1021/acsaem.8b00293,test,v2 split (seed 0)
10.1021/acsaem.8b00328,train,v2 split (seed 0)
10.1021/acsaem.8b00350,train,sha1 mod 5
10.1021/acsaem.8b00400,train,v2 split (seed 0)
10.1021/acsaem.8b00447,train,v2 split (seed 0)
10.1021/acsaem.8b00509,train,v2 split (seed 0)
10.1021/acsaem.8b00561,train,v2 split (seed 0)
10.1021/acsaem.8b00671,test,v2 split (seed 0)
10.1021/acsaem.8b00681,train,sha1 mod 5
10.1021/acsaem.8b00726,train,v2 split (seed 0)
10.1021/acsaem.8b00733,train,v2 split (seed 0)
10.1021/acsaem.8b00844,train,v2 split (seed 0)
10.1021/acsaem.8b00915,train,v2 split (seed 0)
10.1021/acsaem.8b01076,train,v2 split (seed 0)
10.1021/acsaem.8b01118,train,v2 split (seed 0)
10.1021/acsaem.8b01119,train,v2 split (seed 0)
10.1021/acsaem.8b01128,train,sha1 mod 5
10.1021/acsaem.8b01221,train,v2 split (seed 0)
10.1021/acsaem.8b01263,test,v2 split (seed 0)
10.1021/acsaem.8b01364,train,v2 split (seed 0)
10.1021/acsaem.8b01405,train,v2 split (seed 0)
10.1021/acsaem.8b01567,test,v2 split (seed 0)
10.1021/acsaem.8b01606,train,v2 split (seed 0)
10.1021/acsaem.8b02145,train,v2 split (seed 0)
10.1021/acsaem.8b02232,train,v2 split (seed 0)
10.1021/acsaem.9b00050,train,v2 split (seed 0)
10.1021/acsaem.9b00060,test,v2 split (seed 0)
10.1021/acsaem.9b00070,train,v2 split (seed 0)
10.1021/acsaem.9b00098,train,v2 split (seed 0)
10.1021/acsaem.9b00164,test,v2 split (seed 0)
10.1021/acsaem.9b00260,train,v2 split (seed 0)
10.1021/acsaem.9b00391,train,v2 split (seed 0)
10.1021/acsaem.9b00486,train,v2 split (seed 0)
10.1021/acsaem.9b00531,train,v2 split (seed 0)
10.1021/acsaem.9b00547,train,v2 split (seed 0)
10.1021/acsaem.9b00613,train,v2 split (seed 0)
10.1021/acsaem.9b00708,test,v2 split (seed 0)
10.1021/acsaem.9b00747,train,v2 split (seed 0)
10.1021/acsaem.9b00757,train,v2 split (seed 0)
10.1021/acsaem.9b00769,train,sha1 mod 5
10.1021/acsaem.9b00801,train,v2 split (seed 0)
10.1021/acsaem.9b00850,train,v2 split (seed 0)
10.1021/acsaem.9b00859,train,v2 split (seed 0)
10.1021/acsaem.9b01004,test,v2 split (seed 0)
10.1021/acsaem.9b01009,train,v2 split (seed 0)
10.1021/acsaem.9b01160,train,v2 split (seed 0)
10.1021/acsaem.9b01162,train,v2 split (seed 0)
10.1021/acsaem.9b01592,train,v2 split (seed 0)
10.1021/acsaem.9b01598,train,v2 split (seed 0)
10.1021/acsaem.9b01600,train,v2 split (seed 0)
10.1021/acsaem.9b01672,train,sha1 mod 5
10.1021/acsaem.9b01997,train,v2 split (seed 0)
10.1021/acsami.0c02837,train,v2 split (seed 0)
10.1021/acsami.0c05527,train,v2 split (seed 0)
10.1021/acsami.0c06315,train,v2 split (seed 0)
10.1021/acsami.5b00077,train,v2 split (seed 0)
10.1021/acsami.5b00468,train,v2 split (seed 0)
10.1021/acsami.5b00895,train,v2 split (seed 0)
10.1021/acsami.5b01330,train,v2 split (seed 0)
10.1021/acsami.5b01789,train,v2 split (seed 0)
10.1021/acsami.5b03171,train,v2 split (seed 0)
10.1021/acsami.5b03324,train,v2 split (seed 0)
10.1021/acsami.5b03525,train,v2 split (seed 0)
10.1021/acsami.5b05477,test,v2 split (seed 0)
10.1021/acsami.5b05576,train,v2 split (seed 0)
10.1021/acsami.5b05672,train,v2 split (seed 0)
10.1021/acsami.5b06780,train,v2 split (seed 0)
10.1021/acsami.5b06819,train,v2 split (seed 0)
10.1021/acsami.5b08038,train,v2 split (seed 0)
10.1021/acsami.5b08157,test,v2 split (seed 0)
10.1021/acsami.5b09012,train,v2 split (seed 0)
10.1021/acsami.5b09182,train,v2 split (seed 0)
10.1021/acsami.5b09797,test,v2 split (seed 0)
10.1021/acsami.5b10093,train,v2 split (seed 0)
10.1021/acsami.5b10555,train,v2 split (seed 0)
10.1021/acsami.5b10830,train,v2 split (seed 0)
10.1021/acsami.5b12336,train,v2 split (seed 0)
10.1021/acsami.5b12740,train,v2 split (seed 0)
10.1021/acsami.5b12776,test,v2 split (seed 0)
10.1021/acsami.6b00084,train,v2 split (seed 0)
10.1021/acsami.6b00520,train,v2 split (seed 0)
10.1021/acsami.6b00544,train,v2 split (seed 0)
10.1021/acsami.6b00635,train,v2 split (seed 0)
10.1021/acsami.6b00846,train,v2 split (seed 0)
10.1021/acsami.6b01558,train,v2 split (seed 0)
10.1021/acsami.6b02064,train,v2 split (seed 0)
10.1021/acsami.6b02169,train,v2 split (seed 0)
10.1021/acsami.6b02478,train,v2 split (seed 0)
10.1021/acsami.6b02701,train,v2 split (seed 0)
10.1021/acsami.6b02706,train,v2 split (seed 0)
10.1021/acsami.6b03724,train,v2 split (seed 0)
10.1021/acsami.6b03767,train,v2 split (seed 0)
10.1021/acsami.6b04760,train,v2 split (seed 0)
10.1021/acsami.6b04895,train,v2 split (seed 0)
10.1021/acsami.6b05770,test,v2 split (seed 0)
10.1021/acsami.6b05862,train,v2 split (seed 0)
10.1021/acsami.6b05971,train,v2 split (seed 0)
10.1021/acsami.6b06164,test,v2 split (seed 0)
10.1021/acsami.6b06633,train,v2 split (seed 0)
10.1021/acsami.6b07368,train,v2 split (seed 0)
10.1021/acsami.6b07647,train,v2 split (seed 0)
10.1021/acsami.6b07658,train,sha1 mod 5
10.1021/acsami.6b07690,train,v2 split (seed 0)
10.1021/acsami.6b08398,test,v2 split (seed 0)
10.1021/acsami.6b08771,train,v2 split (seed 0)
10.1021/acsami.6b08783,train,v2 split (seed 0)
10.1021/acsami.6b09063,test,v2 split (seed 0)
10.1021/acsami.6b09166,train,v2 split (seed 0)
10.1021/acsami.6b09326,test,v2 split (seed 0)
10.1021/acsami.6b10418,test,v2 split (seed 0)
10.1021/acsami.6b10803,train,v2 split (seed 0)
10.1021/acsami.6b10898,train,v2 split (seed 0)
10.1021/acsami.6b11011,train,v2 split (seed 0)
10.1021/acsami.6b11757,train,sha1 mod 5
10.1021/acsami.6b12268,train,v2 split (seed 0)
10.1021/acsami.6b12474,train,v2 split (seed 0)
10.1021/acsami.6b12509,train,v2 split (seed 0)
10.1021/acsami.6b12637,train,v2 split (seed 0)
10.1021/acsami.6b12782,train,v2 split (seed 0)
10.1021/acsami.6b13324,train,v2 split (seed 0)
10.1021/acsami.6b13372,train,v2 split (seed 0)
10.1021/acsami.6b13675,train,v2 split (seed 0)
10.1021/acsami.6b13868,train,sha1 mod 5
10.1021/acsami.6b14270,train,v2 split (seed 0)
10.1021/acsami.6b15147,train,v2 split (seed 0)
10.1021/acsami.6b15175,train,sha1 mod 5
10.1021/acsami.6b15434,train,v2 split (seed 0)
10.1021/acsami.6b15563,train,v2 split (seed 0)
10.1021/acsami.6b15673,train,v2 split (seed 0)
10.1021/acsami.6b15710,train,v2 split (seed 0)
10.1021/acsami.6b15975,train,v2 split (seed 0)
10.1021/acsami.6b16541,train,v2 split (seed 0)
10.1021/acsami.71306193,test,v2 split (seed 0)
10.1021/acsami.7b00900,test,v2 split (seed 0)
10.1021/acsami.7b01063,train,v2 split (seed 0)
10.1021/acsami.7b01282,test,v2 split (seed 0)
10.1021/acsami.7b01348,train,sha1 mod 5
10.1021/acsami.7b02223,train,v2 split (seed 0)
10.1021/acsami.7b02242,train,v2 split (seed 0)
10.1021/acsami.7b02323,train,v2 split (seed 0)
10.1021/acsami.7b03081,train,v2 split (seed 0)
10.1021/acsami.7b03126,train,v2 split (seed 0)
10.1021/acsami.7b03694,test,v2 split (seed 0)
10.1021/acsami.7b03941,test,v2 split (seed 0)
10.1021/acsami.7b04392,train,v2 split (seed 0)
10.1021/acsami.7b04833,train,v2 split (seed 0)
10.1021/acsami.7b04894,train,v2 split (seed 0)
10.1021/acsami.7b05113,train,v2 split (seed 0)
10.1021/acsami.7b05146,train,v2 split (seed 0)
10.1021/acsami.7b05484,test,v2 split (seed 0)
10.1021/acsami.7b05718,train,v2 split (seed 0)
10.1021/acsami.7b05892,train,v2 split (seed 0)
10.1021/acsami.7b06343,test,v2 split (seed 0)
10.1021/acsami.7b06403,test,v2 split (seed 0)
10.1021/acsami.7b06681,train,v2 split (seed 0)
10.1021/acsami.7b07192,train,v2 split (seed 0)
10.1021/acsami.7b07496,train,v2 split (seed 0)
10.1021/acsami.7b07775,train,v2 split (seed 0)
10.1021/acsami.7b08488,train,v2 split (seed 0)
10.1021/acsami.7b08489,train,v2 split (seed 0)
10.1021/acsami.7b08536,train,v2 split (seed 0)
10.1021/acsami.7b09146,train,v2 split (seed 0)
10.1021/acsami.7b09803,train,v2 split (seed 0)
10.1021/acsami.7b09822,train,v2 split (seed 0)
10.1021/acsami.7b10022,train,v2 split (seed 0)
10.1021/acsami.7b10101,train,v2 split (seed 0)
10.1021/acsami.7b10365,train,v2 split (seed 0)
10.1021/acsami.7b10987,train,v2 split (seed 0)
10.1021/acsami.7b11083,test,v2 split (seed 0)
10.1021/acsami.7b11168,train,v2 split (seed 0)
10.1021/acsami.7b11250,test,v2 split (seed 0)
10.1021/acsami.7b11329,train,v2 split (seed 0)
10.1021/acsami.7b11434,train,v2 split (seed 0)
10.1021/acsami.7b11901,train,v2 split (seed 0)
10.1021/acsami.7b11977,train,v2 split (seed 0)
10.1021/acsami.7b12046,train,v2 split (seed 0)
10.1021/acsami.7b12135,train,v2 split (seed 0)
10.1021/acsami.7b12476,train,v2 split (seed 0)
10.1021/acsami.7b12973,train,v2 split (seed 0)
10.1021/acsami.7b13380,train,v2 split (seed 0)
10.1021/acsami.7b13621,train,v2 split (seed 0)
10.1021/acsami.7b14254,test,v2 split (seed 0)
10.1021/acsami.7b14499,test,v2 split (seed 0)
10.1021/acsami.7b14592,train,v2 split (seed 0)
10.1021/acsami.7b14926,train,v2 split (seed 0)
10.1021/acsami.7b15229,train,v2 split (seed 0)
10.1021/acsami.7b15310,train,v2 split (seed 0)
10.1021/acsami.7b16312,train,v2 split (seed 0)
10.1021/acsami.7b16499,train,v2 split (seed 0)
10.1021/acsami.7b16662,train,v2 split (seed 0)
10.1021/acsami.7b16912,train,v2 split (seed 0)
10.1021/acsami.7b17701,train,v2 split (seed 0)
10.1021/acsami.7b17798,train,v2 split (seed 0)
10.1021/acsami.7b17824,test,v2 split (seed 0)
10.1021/acsami.7b17938,train,v2 split (seed 0)
10.1021/acsami.7b18643,test,v2 split (seed 0)
10.1021/acsami.7b18761,train,v2 split (seed 0)
10.1021/acsami.7b19335,train,v2 split (seed 0)
10.1021/acsami.8b00549,test,v2 split (seed 0)
10.1021/acsami.8b01683,train,v2 split (seed 0)
10.1021/acsami.8b02035,train,v2 split (seed 0)
10.1021/acsami.8b02503,train,v2 split (seed 0)
10.1021/acsami.8b02554,train,v2 split (seed 0)
10.1021/acsami.8b02611,train,v2 split (seed 0)
10.1021/acsami.8b02987,train,v2 split (seed 0)
10.1021/acsami.8b03116,test,v2 split (seed 0)
10.1021/acsami.8b03444,train,v2 split (seed 0)
10.1021/acsami.8b03543,train,v2 split (seed 0)
10.1021/acsami.8b04861,test,v2 split (seed 0)
10.1021/acsami.8b05560,train,v2 split (seed 0)
10.1021/acsami.8b05949,train,v2 split (seed 0)
10.1021/acsami.8b05956,train,v2 split (seed 0)
10.1021/acsami.8b06020,test,v2 split (seed 0)
10.1021/acsami.8b06619,train,v2 split (seed 0)
10.1021/acsami.8b07298,train,v2 split (seed 0)
10.1021/acsami.8b07346,test,v2 split (seed 0)
10.1021/acsami.8b08383,test,v2 split (seed 0)
10.1021/acsami.8b08658,train,v2 split (seed 0)
10.1021/acsami.8b08669,train,v2 split (seed 0)
10.1021/acsami.8b08701,train,v2 split (seed 0)
10.1021/acsami.8b08888,test,v2 split (seed 0)
10.1021/acsami.8b08981,train,v2 split (seed 0)
10.1021/acsami.8b09266,train,v2 split (seed 0)
10.1021/acsami.8b09758,train,v2 split (seed 0)
10.1021/acsami.8b10062,train,v2 split (seed 0)
10.1021/acsami.8b10253,train,v2 split (seed 0)
10.1021/acsami.8b10332,test,v2 split (seed 0)
10.1021/acsami.8b10445,train,v2 split (seed 0)
10.1021/acsami.8b10979,train,v2 split (seed 0)
10.1021/acsami.8b11049,train,v2 split (seed 0)
10.1021/acsami.8b11411,train,v2 split (seed 0)
10.1021/acsami.8b11459,train,v2 split (seed 0)
10.1021/acsami.8b12463,train,sha1 mod 5
10.1021/acsami.8b12675,train,v2 split (seed 0)
10.1021/acsami.8b15130,train,v2 split (seed 0)
10.1021/acsami.8b15399,train,v2 split (seed 0)
10.1021/acsami.8b15423,train,v2 split (seed 0)
10.1021/acsami.8b15513,train,v2 split (seed 0)
10.1021/acsami.8b15665,train,v2 split (seed 0)
10.1021/acsami.8b15870,train,v2 split (seed 0)
10.1021/acsami.8b16029,train,v2 split (seed 0)
10.1021/acsami.8b16124,test,v2 split (seed 0)
10.1021/acsami.8b16601,train,v2 split (seed 0)
10.1021/acsami.8b16649,train,v2 split (seed 0)
10.1021/acsami.8b17068,train,v2 split (seed 0)
10.1021/acsami.8b17338,train,v2 split (seed 0)
10.1021/acsami.8b17431,train,v2 split (seed 0)
10.1021/acsami.8b18200,test,v2 split (seed 0)
10.1021/acsami.8b18402,train,v2 split (seed 0)
10.1021/acsami.8b18530,train,v2 split (seed 0)
10.1021/acsami.8b18867,test,v2 split (seed 0)
10.1021/acsami.8b19036,test,v2 split (seed 0)
10.1021/acsami.8b20646,train,v2 split (seed 0)
10.1021/acsami.8b21692,train,v2 split (seed 0)
10.1021/acsami.8b22044,train,v2 split (seed 0)
10.1021/acsami.8b22206,train,v2 split (seed 0)
10.1021/acsami.8b22285,train,v2 split (seed 0)
10.1021/acsami.9b00793,train,v2 split (seed 0)
10.1021/acsami.9b00923,train,v2 split (seed 0)
10.1021/acsami.9b01545,train,v2 split (seed 0)
10.1021/acsami.9b01587,train,v2 split (seed 0)
10.1021/acsami.9b01740,train,v2 split (seed 0)
10.1021/acsami.9b02297,train,v2 split (seed 0)
10.1021/acsami.9b03884,train,v2 split (seed 0)
10.1021/acsami.9b03929,train,v2 split (seed 0)
10.1021/acsami.9b04308,train,v2 split (seed 0)
10.1021/acsami.9b04373,train,v2 split (seed 0)
10.1021/acsami.9b05567,train,v2 split (seed 0)
10.1021/acsami.9b06372,train,v2 split (seed 0)
10.1021/acsami.9b06526,train,v2 split (seed 0)
10.1021/acsami.9b06873,train,v2 split (seed 0)
10.1021/acsami.9b06933,train,v2 split (seed 0)
10.1021/acsami.9b09018,train,v2 split (seed 0)
10.1021/acsami.9b09530,train,v2 split (seed 0)
10.1021/acsami.9b12323,test,v2 split (seed 0)
10.1021/acsami.9b12829,train,v2 split (seed 0)
10.1021/acsami.9b13259,train,v2 split (seed 0)
10.1021/acsami.9b13375,train,v2 split (seed 0)
10.1021/acsami.9b13701,train,v2 split (seed 0)
10.1021/acsami.9b13952,train,v2 split (seed 0)
10.1021/acsami.9b14023,train,v2 split (seed 0)
10.1021/acsami.9b14423,train,v2 split (seed 0)
10.1021/acsami.9b14619,train,v2 split (seed 0)
10.1021/acsami.9b15320,test,v2 split (seed 0)
10.1021/acsami.9b15820,train,v2 split (seed 0)
10.1021/acsami.9b15867,train,sha1 mod 5
10.1021/acsami.9b16194,train,v2 split (seed 0)
10.1021/acsami.9b16394,train,v2 split (seed 0)
10.1021/acsami.9b17580,train,v2 split (seed 0)
10.1021/acsami.9b18090,train,v2 split (seed 0)
10.1021/acsami.9b18217,test,v2 split (seed 0)
10.1021/acsami.9b18230,train,v2 split (seed 0)
10.1021/acsami.9b18757,train,v2 split (seed 0)
10.1021/acsami.9b19538,train,v2 split (seed 0)
10.1021/acsanm.8b01371,train,v2 split (seed 0)
10.1021/acscentsci.7b00454,train,v2 split (seed 0)
10.1021/acsenergylett.6b00013,train,sha1 mod 5
10.1021/acsenergylett.6b00093,train,v2 split (seed 0)
10.1021/acsenergylett.6b00116,test,v2 split (seed 0)
10.1021/acsenergylett.6b00215,train,v2 split (seed 0)
10.1021/acsenergylett.6b00229,train,sha1 mod 5
10.1021/acsenergylett.6b00241,train,v2 split (seed 0)
10.1021/acsenergylett.6b00270,train,v2 split (seed 0)
10.1021/acsenergylett.6b00281,train,v2 split (seed 0)
10.1021/acsenergylett.6b00327,train,v2 split (seed 0)
10.1021/acsenergylett.6b00432,train,v2 split (seed 0)
10.1021/acsenergylett.6b00441,test,v2 split (seed 0)
10.1021/acsenergylett.6b00455,train,v2 split (seed 0)
10.1021/acsenergylett.6b00600,train,v2 split (seed 0)
10.1021/acsenergylett.6b00698,train,v2 split (seed 0)
10.1021/acsenergylett.7b00112,train,v2 split (seed 0)
10.1021/acsenergylett.7b00150,train,v2 split (seed 0)
10.1021/acsenergylett.7b00171,test,v2 split (seed 0)
10.1021/acsenergylett.7b00375,train,v2 split (seed 0)
10.1021/acsenergylett.7b00490,train,v2 split (seed 0)
10.1021/acsenergylett.7b00582,train,v2 split (seed 0)
10.1021/acsenergylett.7b01196,train,v2 split (seed 0)
10.1021/acsenergylett.8b00217,test,v2 split (seed 0)
10.1021/acsenergylett.8b00548,train,v2 split (seed 0)
10.1021/acsenergylett.8b00926,test,v2 split (seed 0)
10.1021/acsenergylett.8b01181,train,sha1 mod 5
10.1021/acsenergylett.8b01556,train,sha1 mod 5
10.1021/acsenergylett.8b01701,train,v2 split (seed 0)
10.1021/acsenergylett.8b01857,test,v2 split (seed 0)
10.1021/acsenergylett.8b01906,train,v2 split (seed 0)
10.1021/acsenergylett.8b02201,train,v2 split (seed 0)
10.1021/acsenergylett.9b00042,test,v2 split (seed 0)
10.1021/acsenergylett.9b00608,train,v2 split (seed 0)
10.1021/acsenergylett.9b01042,train,v2 split (seed 0)
10.1021/acsenergylett.9b01294,test,v2 split (seed 0)
10.1021/acsenergylett.9b01894,train,v2 split (seed 0)
10.1021/acsenergylett.9b01975,test,v2 split (seed 0)
10.1021/acsnano.5b03265,train,v2 split (seed 0)
10.1021/acsnano.5b03626,train,v2 split (seed 0)
10.1021/acsnano.5b03687,train,v2 split (seed 0)
10.1021/acsnano.5b03859,train,v2 split (seed 0)
10.1021/acsnano.5b07043,train,v2 split (seed 0)
10.1021/acsnano.5b08135,train,v2 split (seed 0)
10.1021/acsnano.6b00225,train,v2 split (seed 0)
10.1021/acsnano.6b01202,train,v2 split (seed 0)
10.1021/acsnano.6b01535,train,v2 split (seed 0)
10.1021/acsnano.6b01575,train,v2 split (seed 0)
10.1021/acsnano.6b01904,train,v2 split (seed 0)
10.1021/acsnano.6b02965,train,v2 split (seed 0)
10.1021/acsnano.6b03815,train,v2 split (seed 0)
10.1021/acsnano.7b02734,train,v2 split (seed 0)
10.1021/acsnano.7b04070,train,v2 split (seed 0)
10.1021/acsnano.7b06413,train,v2 split (seed 0)
10.1021/acsnano.7b07559,test,v2 split (seed 0)
10.1021/acsnano.7b07754,train,v2 split (seed 0)
10.1021/acsnano.7b08561,train,v2 split (seed 0)
10.1021/acsnano.8b05514,train,v2 split (seed 0)
10.1021/acsnano.8b05731,train,v2 split (seed 0)
10.1021/acsnano.8b06062,train,v2 split (seed 0)
10.1021/acsnano.8b07295,test,sha1 mod 5
10.1021/acsnano.8b07627,train,v2 split (seed 0)
10.1021/acsnano.9b00125,train,v2 split (seed 0)
10.1021/acsnano.9b05848,test,v2 split (seed 0)
10.1021/acsnano.9b07594,train,v2 split (seed 0)
10.1021/acsomega.0c00067,train,v2 split (seed 0)
10.1021/acsomega.6b00465,train,v2 split (seed 0)
10.1021/acsomega.7b00940,train,v2 split (seed 0)
10.1021/acsomega.7b01026,train,v2 split (seed 0)
10.1021/acsomega.7b01099,train,v2 split (seed 0)
10.1021/acsomega.7b01775,test,v2 split (seed 0)
10.1021/acsomega.8b00026,test,v2 split (seed 0)
10.1021/acsomega.8b00741,train,v2 split (seed 0)
10.1021/acsomega.8b01119,train,v2 split (seed 0)
10.1021/acsomega.8b01412,train,v2 split (seed 0)
10.1021/acsomega.8b01626,train,v2 split (seed 0)
10.1021/acsomega.8b02612,train,v2 split (seed 0)
10.1021/acsomega.8b03629,train,v2 split (seed 0)
10.1021/acsomega.9b01352,train,v2 split (seed 0)
10.1021/acsphotonics.5b00283,train,v2 split (seed 0)
10.1021/acsphotonics.6b00331,train,v2 split (seed 0)
10.1021/acsphotonics.6b00582,test,v2 split (seed 0)
10.1021/acsphotonics.7b00138,train,v2 split (seed 0)
10.1021/acssuschemeng.6b01183,train,v2 split (seed 0)
10.1021/acssuschemeng.6b03089,train,v2 split (seed 0)
10.1021/acssuschemeng.7b01490,test,v2 split (seed 0)
10.1021/acssuschemeng.7b01556,test,v2 split (seed 0)
10.1021/acssuschemeng.7b03382,train,v2 split (seed 0)
10.1021/acssuschemeng.8b00314,train,v2 split (seed 0)
10.1021/acssuschemeng.8b00607,train,v2 split (seed 0)
10.1021/acssuschemeng.8b00691,train,v2 split (seed 0)
10.1021/acssuschemeng.8b00938,train,v2 split (seed 0)
10.1021/acssuschemeng.8b02406,train,v2 split (seed 0)
10.1021/acssuschemeng.8b02500,train,v2 split (seed 0)
10.1021/acssuschemeng.8b03826,train,v2 split (seed 0)
10.1021/acssuschemeng.8b04078,train,v2 split (seed 0)
10.1021/acssuschemeng.8b04603,test,v2 split (seed 0)
10.1021/acssuschemeng.8b05139,train,v2 split (seed 0)
10.1021/acssuschemeng.8b06619,train,v2 split (seed 0)
10.1021/acssuschemeng.9b00368,train,v2 split (seed 0)
10.1021/acssuschemeng.9b02031,train,v2 split (seed 0)
10.1021/acssuschemeng.9b02044,train,v2 split (seed 0)
10.1021/acssuschemeng.9b02336,train,v2 split (seed 0)
10.1021/acssuschemeng.9b03148,test,v2 split (seed 0)
10.1021/acssuschemeng.9b03776,train,v2 split (seed 0)
10.1021/am5025963,train,v2 split (seed 0)
10.1021/am504175x,train,v2 split (seed 0)
10.1021/am506785k,train,v2 split (seed 0)
10.1021/am507108u,test,v2 split (seed 0)
10.1021/am508678p,train,v2 split (seed 0)
10.1021/cm402919x,train,v2 split (seed 0)
10.1021/cm502710r,test,v2 split (seed 0)
10.1021/cm502864s,train,v2 split (seed 0)
10.1021/cm5037869,test,v2 split (seed 0)
10.1021/cm5037919,test,v2 split (seed 0)
10.1021/cm503828b,train,v2 split (seed 0)
10.1021/cm504022q,train,v2 split (seed 0)
10.1021/cm5041997,test,v2 split (seed 0)
10.1021/cm504558g,train,v2 split (seed 0)
10.1021/ja307789s,train,v2 split (seed 0)
10.1021/ja410659k,train,v2 split (seed 0)
10.1021/ja411014k,train,v2 split (seed 0)
10.1021/ja4132246,train,v2 split (seed 0)
10.1021/ja502824c,train,v2 split (seed 0)
10.1021/ja5033259,test,v2 split (seed 0)
10.1021/ja5071398,train,v2 split (seed 0)
10.1021/ja512518r,test,v2 split (seed 0)
10.1021/ja809598r,test,v2 split (seed 0)
10.1021/jacs.0c03363,train,sha1 mod 5
10.1021/jacs.5b03796,train,v2 split (seed 0)
10.1021/jacs.5b04930,train,v2 split (seed 0)
10.1021/jacs.5b11008,train,v2 split (seed 0)
10.1021/jacs.5b11740,train,v2 split (seed 0)
10.1021/jacs.6b02130,train,v2 split (seed 0)
10.1021/jacs.6b04002,test,v2 split (seed 0)
10.1021/jacs.6b04519,test,v2 split (seed 0)
10.1021/jacs.6b04924,train,v2 split (seed 0)
10.1021/jacs.6b06291,train,v2 split (seed 0)
10.1021/jacs.6b08347,train,v2 split (seed 0)
10.1021/jacs.6b10651,train,v2 split (seed 0)
10.1021/jacs.7b01439,train,v2 split (seed 0)
10.1021/jacs.7b03856,train,v2 split (seed 0)
10.1021/jacs.7b09526,train,v2 split (seed 0)
10.1021/jacs.7b10430,train,v2 split (seed 0)
10.1021/jacs.8b01783,test,v2 split (seed 0)
10.1021/jacs.8b04604,train,v2 split (seed 0)
10.1021/jacs.8b06291,train,v2 split (seed 0)
10.1021/jacs.8b07025,test,v2 split (seed 0)
10.1021/jacs.8b09809,train,v2 split (seed 0)
10.1021/jacs.8b13423,train,v2 split (seed 0)
10.1021/jacs.9b01305,test,v2 split (seed 0)
10.1021/jacs.9b03639,test,v2 split (seed 0)
10.1021/jacs.9b08424,train,v2 split (seed 0)
10.1021/jp500449z,train,sha1 mod 5
10.1021/jp500717w,test,v2 split (seed 0)
10.1021/jp502696w,train,v2 split (seed 0)
10.1021/jp5069076,test,v2 split (seed 0)
10.1021/jp506991x,train,v2 split (seed 0)
10.1021/jp508015c,train,v2 split (seed 0)
10.1021/jp508162p,train,v2 split (seed 0)
10.1021/jp509753p,test,v2 split (seed 0)
10.1021/jp509896u,train,v2 split (seed 0)
10.1021/jp510837q,train,v2 split (seed 0)
10.1021/jz400638x,train,v2 split (seed 0)
10.1021/jz401527q,train,v2 split (seed 0)
10.1021/jz500003v,test,v2 split (seed 0)
10.1021/jz500113x,train,v2 split (seed 0)
10.1021/jz500209g,train,v2 split (seed 0)
10.1021/jz5002117,test,v2 split (seed 0)
10.1021/jz5005285,train,v2 split (seed 0)
10.1021/jz5011187,train,v2 split (seed 0)
10.1021/jz501869F,test,v2 split (seed 0)
10.1021/jz5021636,test,v2 split (seed 0)
10.1021/jz5021795,train,v2 split (seed 0)
10.1021/jz502367k,train,v2 split (seed 0)
10.1021/jz502429u,train,v2 split (seed 0)
10.1021/jz502694g,train,v2 split (seed 0)
10.1021/jz502703p,train,v2 split (seed 0)
10.1021/nl400286w,train,v2 split (seed 0)
10.1021/nl400349b,test,sha1 mod 5
10.1021/nl401044q,train,v2 split (seed 0)
10.1021/nl4024287,train,v2 split (seed 0)
10.1021/nl403997a,train,v2 split (seed 0)
10.1021/nl500544c,train,v2 split (seed 0)
10.1021/nl500627x,train,sha1 mod 5
10.1021/nl504168q,train,v2 split (seed 0)
10.1021/nl504349z,train,v2 split (seed 0)
10.1021/nn404323g,train,v2 split (seed 0)
10.1021/nn4052309,train,v2 split (seed 0)
10.1021/nn406020d,test,v2 split (seed 0)
10.1021/nn500526t,test,v2 split (seed 0)
10.1021/nn5014879,train,v2 split (seed 0)
10.1021/nn502115k,train,v2 split (seed 0)
10.1021/nn5036476,train,v2 split (seed 0)
10.1021/nn505723h,train,v2 split (seed 0)
10.1021/nn505978r,train,v2 split (seed 0)
10.1021/nn506465n,train,v2 split (seed 0)
10.1021/nn507345e,train,v2 split (seed 0)
10.1038/NCHEM.2324,train,v2 split (seed 0)
10.1038/NENERGY.2015.12,test,v2 split (seed 0)
10.1038/NENERGY.2015.17,test,v2 split (seed 0)
10.1038/NENERGY.2016.81,train,v2 split (seed 0)
10.1038/NMAT4388,train,v2 split (seed 0)
10.1038/NPHOTON.2013.80,test,v2 split (seed 0)
10.1038/am.2016.85,train,v2 split (seed 0)
10.1038/nature12509,train,v2 split (seed 0)
10.1038/nature22072,test,v2 split (seed 0)
10.1038/ncomms10030,train,v2 split (seed 0)
10.1038/ncomms10228,test,v2 split (seed 0)
10.1038/ncomms11574,train,sha1 mod 5
10.1038/ncomms11735,train,v2 split (seed 0)
10.1038/ncomms12555,train,v2 split (seed 0)
10.1038/ncomms13319,test,v2 split (seed 0)
10.1038/ncomms13503,test,v2 split (seed 0)
10.1038/ncomms13938,train,v2 split (seed 0)
10.1038/ncomms15218,train,v2 split (seed 0)
10.1038/ncomms15330,train,v2 split (seed 0)
10.1038/ncomms15684,train,v2 split (seed 0)
10.1038/ncomms3242,train,v2 split (seed 0)
10.1038/ncomms3761,train,v2 split (seed 0)
10.1038/ncomms3885,train,sha1 mod 5
10.1038/ncomms4461,test,sha1 mod 5
10.1038/ncomms7142,train,v2 split (seed 0)
10.1038/ncomms7700,test,v2 split (seed 0)
10.1038/ncomms8081,test,v2 split (seed 0)
10.1038/ncomms8326,train,v2 split (seed 0)
10.1038/ncomms8348,test,v2 split (seed 0)
10.1038/ncomms8410,train,v2 split (seed 0)
10.1038/ncomms9397,train,v2 split (seed 0)
10.1038/s41428-018-0116-9,train,v2 split (seed 0)
10.1038/s41467-017-00588-3,test,v2 split (seed 0)
10.1038/s41467-017-01842-4,train,v2 split (seed 0)
10.1038/s41467-018-06204-2,train,v2 split (seed 0)
10.1038/s41467-018-06998-1,train,v2 split (seed 0)
10.1038/s41467-019-08455-z,train,v2 split (seed 0)
10.1038/s41467-019-09167-0,train,v2 split (seed 0)
10.1038/s41560-017-0054-3,train,v2 split (seed 0)
10.1038/s41560-018-0220-2,train,v2 split (seed 0)
10.1038/s41598-017-00866-6,train,v2 split (seed 0)
10.1038/s41598-017-04690-w,test,v2 split (seed 0)
10.1038/s41598-017-08642-2,train,v2 split (seed 0)
10.1038/s41598-017-11193-1,train,v2 split (seed 0)
10.1038/s41598-018-23907-0,test,v2 split (seed 0)
10.1038/s41598-018-24436-6,train,v2 split (seed 0)
10.1038/s41598-018-25449-x,train,v2 split (seed 0)
10.1038/s41598-018-25975-8,train,v2 split (seed 0)
10.1038/s41598-018-31184-0,train,v2 split (seed 0)
10.1038/s41598-019-41328-5,train,v2 split (seed 0)
10.1038/s41598-019-51273-y,test,v2 split (seed 0)
10.1038/s41598-019-51945-9,train,v2 split (seed 0)
10.1038/s41598-019-56338-6,test,v2 split (seed 0)
10.1038/s41598-019-57015-4,train,v2 split (seed 0)
10.1038/srep00591,train,v2 split (seed 0)
10.1038/srep04756,train,v2 split (seed 0)
10.1038/srep06953,train,v2 split (seed 0)
10.1038/srep07725,test,v2 split (seed 0)
10.1038/srep09863,train,v2 split (seed 0)
10.1038/srep10557,train,v2 split (seed 0)
10.1038/srep11424,train,v2 split (seed 0)
10.1038/srep21257,train,v2 split (seed 0)
10.1038/srep30759,train,v2 split (seed 0)
10.1038/srep33649,train,v2 split (seed 0)
10.1038/srep34319,train,v2 split (seed 0)
10.1038/srep34675,train,v2 split (seed 0)
10.1038/srep38670,test,v2 split (seed 0)
10.1038/srep44603,train,v2 split (seed 0)
10.1038/srep46141,test,v2 split (seed 0)
10.1038/srep46724,train,v2 split (seed 0)
10.1039/C4DT03920C,train,v2 split (seed 0)
10.1039/C4EE01546K,train,v2 split (seed 0)
10.1039/C5TA00011D,train,v2 split (seed 0)
10.1039/C6CP03851D,train,v2 split (seed 0)
10.1039/C6CP08177K,train,v2 split (seed 0)
10.1039/C6EE00030D,train,v2 split (seed 0)
10.1039/C6RA05893K,train,v2 split (seed 0)
10.1039/C6RA12574C,train,v2 split (seed 0)
10.1039/C6TA03755K,test,v2 split (seed 0)
10.1039/C6TA04267H,train,v2 split (seed 0)
10.1039/C6TA05095F,train,v2 split (seed 0)
10.1039/C6TA07972E,train,v2 split (seed 0)
10.1039/C6TC03077G,test,v2 split (seed 0)
10.1039/C6TC05325D,train,v2 split (seed 0)
10.1039/C7CC01573A,train,sha1 mod 5
10.1039/C7EE03654J,train,v2 split (seed 0)
10.1039/C7SE00545H,train,v2 split (seed 0)
10.1039/C7TA09193A,train,v2 split (seed 0)
10.1039/C7TC01248A,test,v2 split (seed 0)
10.1039/C7TC02652H,train,v2 split (seed 0)
10.1039/C7TC05276F,train,v2 split (seed 0)
10.1039/C8SE00368H,train,v2 split (seed 0)
10.1039/C8TA05282D,train,v2 split (seed 0)
10.1039/C8TA06771F,train,v2 split (seed 0)
10.1039/C8TA07332E,train,v2 split (seed 0)
10.1039/C8TA08499H,train,v2 split (seed 0)
10.1039/C8TC01033A,train,v2 split (seed 0)
10.1039/C8TC02754D,train,v2 split (seed 0)
10.1039/C8TC04525A,train,v2 split (seed 0)
10.1039/C9RA01625B,train,v2 split (seed 0)
10.1039/C9TA04192C,train,v2 split (seed 0)
10.1039/C9TC04067F,train,v2 split (seed 0)
10.1039/c1nr10867k,train,v2 split (seed 0)
10.1039/c3cc44177f,test,v2 split (seed 0)
10.1039/c3ee40810h,train,v2 split (seed 0)
10.1039/c3ee43707h,test,v2 split (seed 0)
10.1039/c3ee43991g,train,v2 split (seed 0)
10.1039/c3ee44174a,train,v2 split (seed 0)
10.1039/c3nr00218g,train,v2 split (seed 0)
10.1039/c3nr01542d,train,v2 split (seed 0)
10.1039/c3nr05884k,train,v2 split (seed 0)
10.1039/c3ra47870j,train,v2 split (seed 0)
10.1039/c3ta12240a,test,v2 split (seed 0)
10.1039/c3ta13606j,train,v2 split (seed 0)
10.1039/c4cc01637h,train,v2 split (seed 0)
10.1039/c4cc01962h,train,v2 split (seed 0)
10.1039/c4cc04685d,train,v2 split (seed 0)
10.1039/c4cc06338d,train,v2 split (seed 0)
10.1039/c4cc07367c,train,v2 split (seed 0)
10.1039/c4cc09556a,train,v2 split (seed 0)
10.1039/c4cp00298a,train,v2 split (seed 0)
10.1039/c4cp03073g,test,v2 split (seed 0)
10.1039/c4cp03573a,train,v2 split (seed 0)
10.1039/c4cp03726j,train,v2 split (seed 0)
10.1039/c4cp04479g,train,v2 split (seed 0)
10.1039/c4cp04685d,train,v2 split (seed 0)
10.1039/c4ee00233d,test,v2 split (seed 0)
10.1039/c4ee00762j,test,v2 split (seed 0)
10.1039/c4ee01076k,train,v2 split (seed 0)
10.1039/c4ee01216j,train,v2 split (seed 0)
10.1039/c4ee02441a,train,v2 split (seed 0)
10.1039/c4ee02465f,train,v2 split (seed 0)
10.1039/c4ee02833c,train,v2 split (seed 0)
10.1039/c4ee03224a,train,v2 split (seed 0)
10.1039/c4fd00128a,test,v2 split (seed 0)
10.1039/c4mh00237g,test,v2 split (seed 0)
10.1039/c4mh00238e,train,sha1 mod 5
10.1039/c4nr00130c,train,v2 split (seed 0)
10.1039/c4nr00621f,train,v2 split (seed 0)
10.1039/c4nr02425g,train,v2 split (seed 0)
10.1039/c4nr02751e,train,v2 split (seed 0)
10.1039/c4nr03181d,train,v2 split (seed 0)
10.1039/c4nr03366c,train,v2 split (seed 0)
10.1039/c4nr05975a,train,v2 split (seed 0)
10.1039/c4nr06033d,test,v2 split (seed 0)
10.1039/c4nr06240j,train,v2 split (seed 0)
10.1039/c4ra13212b,train,v2 split (seed 0)
10.1039/c4ra14321c,train,v2 split (seed 0)
10.1039/c4ra16253f,test,v2 split (seed 0)
10.1039/c4ra16385k,train,v2 split (seed 0)
10.1039/c4ta00011d,train,v2 split (seed 0)
10.1039/c4ta01219d,train,v2 split (seed 0)
10.1039/c4ta01310g,test,v2 split (seed 0)
10.1039/c4ta01786b,train,v2 split (seed 0)
10.1039/c4ta02711f,train,v2 split (seed 0)
10.1039/c4ta02976c,test,v2 split (seed 0)
10.1039/c4ta03087g,train,v2 split (seed 0)
10.1039/c4ta03387f,train,v2 split (seed 0)
10.1039/c4ta04482g,train,v2 split (seed 0)
10.1039/c4ta04969a,train,v2 split (seed 0)
10.1039/c4ta05012f,test,v2 split (seed 0)
10.1039/c4ta05309e,train,v2 split (seed 0)
10.1039/c4ta05352d,train,v2 split (seed 0)
10.1039/c4ta05635c,train,v2 split (seed 0)
10.1039/c4ta06011c,train,v2 split (seed 0)
10.1039/c4ta06128d,train,v2 split (seed 0)
10.1039/c4ta06198e,train,v2 split (seed 0)
10.1039/c4tc01875c,train,v2 split (seed 0)
10.1039/c5cc02534f,train,v2 split (seed 0)
10.1039/c5cc04405g,train,v2 split (seed 0)
10.1039/c5cc04607f,train,v2 split (seed 0)
10.1039/c5cc05236j,train,v2 split (seed 0)
10.1039/c5cc05253j,train,v2 split (seed 0)
10.1039/c5cc05879a,train,v2 split (seed 0)
10.1039/c5cc09859a,train,v2 split (seed 0)
10.1039/c5cc10608g,train,v2 split (seed 0)
10.1039/c5cp03803k,train,v2 split (seed 0)
10.1039/c5cp03934g,train,v2 split (seed 0)
10.1039/c5dt02388b,train,v2 split (seed 0)
10.1039/c5ee00120j,train,v2 split (seed 0)
10.1039/c5ee00896d,train,v2 split (seed 0)
10.1039/c5ee01050k,train,v2 split (seed 0)
10.1039/c5ee01169h,test,v2 split (seed 0)
10.1039/c5ee02014j,train,v2 split (seed 0)
10.1039/c5ee02155c,train,v2 split (seed 0)
10.1039/c5ee02555a,train,v2 split (seed 0)
10.1039/c5ee03229f,train,v2 split (seed 0)
10.1039/c5ee03522h,train,v2 split (seed 0)
10.1039/c5ee03806e,train,v2 split (seed 0)
10.1039/c5mh00026b,train,v2 split (seed 0)
10.1039/c5nj02957k,train,v2 split (seed 0)
10.1039/c5nr00225g,train,v2 split (seed 0)
10.1039/c5nr00420a,train,v2 split (seed 0)
10.1039/c5nr01433f,train,v2 split (seed 0)
10.1039/c5nr01714a,train,v2 split (seed 0)
10.1039/c5nr02866c,test,v2 split (seed 0)
10.1039/c5nr04250j,train,v2 split (seed 0)
10.1039/c5nr05042a,train,v2 split (seed 0)
10.1039/c5nr05271h,test,v2 split (seed 0)
10.1039/c5nr05697g,train,v2 split (seed 0)
10.1039/c5nr05974g,train,v2 split (seed 0)
10.1039/c5nr06217a,train,v2 split (seed 0)
10.1039/c5nr06558e,train,v2 split (seed 0)
10.1039/c5nr06692a,test,v2 split (seed 0)
10.1039/c5nr07395b,test,v2 split (seed 0)
10.1039/c5nr07457f,train,v2 split (seed 0)
10.1039/c5nr07789c,train,v2 split (seed 0)
10.1039/c5nr08458j,train,v2 split (seed 0)
10.1039/c5ra03370e,train,v2 split (seed 0)
10.1039/c5ra06133d,train,v2 split (seed 0)
10.1039/c5ra08102e,train,v2 split (seed 0)
10.1039/c5ra09110a,train,v2 split (seed 0)
10.1039/c5ra09691j,train,v2 split (seed 0)
10.1039/c5ra11081e,train,v2 split (seed 0)
10.1039/c5ra11720h,train,v2 split (seed 0)
10.1039/c5ra12004g,train,v2 split (seed 0)
10.1039/c5ra14587b,train,v2 split (seed 0)
10.1039/c5ra18648j,train,v2 split (seed 0)
10.1039/c5ra21698b,train,v2 split (seed 0)
10.1039/c5ra23845e,test,v2 split (seed 0)
10.1039/c5ra25753k,test,v2 split (seed 0)
10.1039/c5ra25787e,train,v2 split (seed 0)
10.1039/c5ra27122c,train,v2 split (seed 0)
10.1039/c5ra27434f,test,v2 split (seed 0)
10.1039/c5ra27620a,train,sha1 mod 5
10.1039/c5ta00358j,train,sha1 mod 5
10.1039/c5ta00407a,train,v2 split (seed 0)
10.1039/c5ta00568j,test,v2 split (seed 0)
10.1039/c5ta01198a,train,v2 split (seed 0)
10.1039/c5ta01200g,train,v2 split (seed 0)
10.1039/c5ta01277e,test,v2 split (seed 0)
10.1039/c5ta01325a,train,v2 split (seed 0)
10.1039/c5ta01343g,train,v2 split (seed 0)
10.1039/c5ta01479d,train,v2 split (seed 0)
10.1039/c5ta01563d,train,v2 split (seed 0)
10.1039/c5ta01898f,train,v2 split (seed 0)
10.1039/c5ta02184g,test,v2 split (seed 0)
10.1039/c5ta02265g,train,v2 split (seed 0)
10.1039/c5ta02502h,train,v2 split (seed 0)
10.1039/c5ta02730f,train,v2 split (seed 0)
10.1039/c5ta03046c,train,v2 split (seed 0)
10.1039/c5ta03169a,test,v2 split (seed 0)
10.1039/c5ta03240g,train,v2 split (seed 0)
10.1039/c5ta03456f,train,v2 split (seed 0)
10.1039/c5ta03686k,train,v2 split (seed 0)
10.1039/c5ta03765d,train,v2 split (seed 0)
10.1039/c5ta03796d,train,v2 split (seed 0)
10.1039/c5ta04028k,train,v2 split (seed 0)
10.1039/c5ta04051e,train,v2 split (seed 0)
10.1039/c5ta04712a,train,v2 split (seed 0)
10.1039/c5ta04904k,train,v2 split (seed 0)
10.1039/c5ta05026j,train,v2 split (seed 0)
10.1039/c5ta05220c,train,v2 split (seed 0)
10.1039/c5ta05373k,train,v2 split (seed 0)
10.1039/c5ta05470b,train,v2 split (seed 0)
10.1039/c5ta05988g,train,v2 split (seed 0)
10.1039/c5ta05989e,train,v2 split (seed 0)
10.1039/c5ta06041a,test,v2 split (seed 0)
10.1039/c5ta06172e,train,v2 split (seed 0)
10.1039/c5ta06177f,train,v2 split (seed 0)
10.1039/c5ta06727h,train,v2 split (seed 0)
10.1039/c5ta06870c,train,v2 split (seed 0)
10.1039/c5ta07008b,train,v2 split (seed 0)
10.1039/c5ta07507f,train,v2 split (seed 0)
10.1039/c5ta07515g,train,v2 split (seed 0)
10.1039/c5ta07957h,train,v2 split (seed 0)
10.1039/c5ta07983g,test,v2 split (seed 0)
10.1039/c5ta08015k,test,v2 split (seed 0)
10.1039/c5ta08193a,train,v2 split (seed 0)
10.1039/c5ta08250a,test,v2 split (seed 0)
10.1039/c5ta08398b,test,v2 split (seed 0)
10.1039/c5ta08417b,train,v2 split (seed 0)
10.1039/c5ta08450d,train,v2 split (seed 0)
10.1039/c5ta08565a,train,v2 split (seed 0)
10.1039/c5ta08744a,train,v2 split (seed 0)
10.1039/c5ta08772d,train,v2 split (seed 0)
10.1039/c5ta08996d,train,v2 split (seed 0)
10.1039/c5ta09165a,train,v2 split (seed 0)
10.1039/c5ta09231k,train,v2 split (seed 0)
10.1039/c5ta09249c,train,v2 split (seed 0)
10.1039/c5ta09431c,train,v2 split (seed 0)
10.1039/c5ta09520d,train,v2 split (seed 0)
10.1039/c5ta10040b,test,v2 split (seed 0)
10.1039/c5ta10696f,train,v2 split (seed 0)
10.1039/c5tc00622h,train,v2 split (seed 0)
10.1039/c6cc00268d,train,v2 split (seed 0)
10.1039/c6cc00522e,train,v2 split (seed 0)
10.1039/c6cc01249c,train,v2 split (seed 0)
10.1039/c6cc02589g,train,v2 split (seed 0)
10.1039/c6cc03740b,train,v2 split (seed 0)
10.1039/c6cc04840d,train,v2 split (seed 0)
10.1039/c6cc06290c,train,v2 split (seed 0)
10.1039/c6cc07062k,test,v2 split (seed 0)
10.1039/c6cc09492a,train,v2 split (seed 0)
10.1039/c6cc09876b,test,v2 split (seed 0)
10.1039/c6ce00842a,train,v2 split (seed 0)
10.1039/c6cp03396b,train,v2 split (seed 0)
10.1039/c6cp03600g,train,v2 split (seed 0)
10.1039/c6cp05006a,test,v2 split (seed 0)
10.1039/c6cp06405a,train,v2 split (seed 0)
10.1039/c6cp06709c,train,v2 split (seed 0)
10.1039/c6cp06953c,test,v2 split (seed 0)
10.1039/c6cp07592d,train,v2 split (seed 0)
10.1039/c6dt00900j,train,v2 split (seed 0)
10.1039/c6ee00409a,train,v2 split (seed 0)
10.1039/c6ee01037g,train,v2 split (seed 0)
10.1039/c6ee01337f,test,v2 split (seed 0)
10.1039/c6ee01555g,train,v2 split (seed 0)
10.1039/c6ee01889k,train,v2 split (seed 0)
10.1039/c6ee01969b,train,v2 split (seed 0)
10.1039/c6ee01987k,train,v2 split (seed 0)
10.1039/c6ee02013e,train,v2 split (seed 0)
10.1039/c6ee02544g,train,v2 split (seed 0)
10.1039/c6ee02650h,train,v2 split (seed 0)
10.1039/c6ee02687g,train,v2 split (seed 0)
10.1039/c6ee03201j,train,v2 split (seed 0)
10.1039/c6mh00159a,train,v2 split (seed 0)
10.1039/c6mh00160b,train,v2 split (seed 0)
10.1039/c6nr00011h,train,v2 split (seed 0)
10.1039/c6nr00206d,train,v2 split (seed 0)
10.1039/c6nr00488a,train,v2 split (seed 0)
10.1039/c6nr01152g,train,v2 split (seed 0)
10.1039/c6nr01275b,train,v2 split (seed 0)
10.1039/c6nr01308b,train,v2 split (seed 0)
10.1039/c6nr01601d,test,v2 split (seed 0)
10.1039/c6nr01927g,train,v2 split (seed 0)
10.1039/c6nr03021a,train,v2 split (seed 0)
10.1039/c6nr04288k,train,v2 split (seed 0)
10.1039/c6nr05917a,train,v2 split (seed 0)
10.1039/c6nr06741g,test,v2 split (seed 0)
10.1039/c6nr08375g,train,v2 split (seed 0)
10.1039/c6nr08741h,train,v2 split (seed 0)
10.1039/c6nr09819c,train,v2 split (seed 0)
10.1039/c6nr09972f,test,v2 split (seed 0)
10.1039/c6qi00580b,train,v2 split (seed 0)
10.1039/c6qm00248j,train,v2 split (seed 0)
10.1039/c6ra01149g,train,v2 split (seed 0)
10.1039/c6ra03485c,train,v2 split (seed 0)
10.1039/c6ra07068j,train,v2 split (seed 0)
10.1039/c6ra07359j,train,v2 split (seed 0)
10.1039/c6ra07536c,train,v2 split (seed 0)
10.1039/c6ra07603c,test,v2 split (seed 0)
10.1039/c6ra08584a,test,v2 split (seed 0)
10.1039/c6ra11936k,train,v2 split (seed 0)
10.1039/c6ra12126h,train,v2 split (seed 0)
10.1039/c6ra13082h,test,v2 split (seed 0)
10.1039/c6ra17197d,train,v2 split (seed 0)
10.1039/c6ra18729c,train,v2 split (seed 0)
10.1039/c6ra19203c,train,v2 split (seed 0)
10.1039/c6ra19582b,test,v2 split (seed 0)
10.1039/c6ra19702g,train,v2 split (seed 0)
10.1039/c6ra21423a,train,v2 split (seed 0)
10.1039/c6ra22023a,train,v2 split (seed 0)
10.1039/c6ra23074a,train,v2 split (seed 0)
10.1039/c6ra24205g,train,v2 split (seed 0)
10.1039/c6ra24616h,train,v2 split (seed 0)
10.1039/c6ra25149h,test,v2 split (seed 0)
10.1039/c6ra27146d,train,v2 split (seed 0)
10.1039/c6ra28501e,test,v2 split (seed 0)
10.1039/c6ra28669k,train,v2 split (seed 0)
10.1039/c6sc00876c,train,v2 split (seed 0)
10.1039/c6sc01478j,test,v2 split (seed 0)
10.1039/c6sc02448c,train,v2 split (seed 0)
10.1039/c6se00029k,train,v2 split (seed 0)
10.1039/c6se00077k,train,v2 split (seed 0)
10.1039/c6ta00230g,train,sha1 mod 5
10.1039/c6ta00253f,train,v2 split (seed 0)
10.1039/c6ta00679e,train,v2 split (seed 0)
10.1039/c6ta00989a,train,v2 split (seed 0)
10.1039/c6ta01087c,test,v2 split (seed 0)
10.1039/c6ta01715k,train,v2 split (seed 0)
10.1039/c6ta01800a,train,v2 split (seed 0)
10.1039/c6ta02105k,train,v2 split (seed 0)
10.1039/c6ta02490d,train,v2 split (seed 0)
10.1039/c6ta02918c,train,v2 split (seed 0)
10.1039/c6ta03115c,train,v2 split (seed 0)
10.1039/c6ta03119f,train,v2 split (seed 0)
10.1039/c6ta03164a,train,v2 split (seed 0)
10.1039/c6ta03284b,train,v2 split (seed 0)
10.1039/c6ta03381d,test,v2 split (seed 0)
10.1039/c6ta03605h,train,v2 split (seed 0)
10.1039/c6ta03658a,train,v2 split (seed 0)
10.1039/c6ta04053e,train,v2 split (seed 0)
10.1039/c6ta04267h,train,v2 split (seed 0)
10.1039/c6ta04332a,train,v2 split (seed 0)
10.1039/c6ta04503k,train,v2 split (seed 0)
10.1039/c6ta04616a,train,v2 split (seed 0)
10.1039/c6ta04726b,test,v2 split (seed 0)
10.1039/c6ta04790d,train,v2 split (seed 0)
10.1039/c6ta04840d,train,v2 split (seed 0)
10.1039/c6ta04973g,test,v2 split (seed 0)
10.1039/c6ta05008e,train,v2 split (seed 0)
10.1039/c6ta05055g,train,v2 split (seed 0)
10.1039/c6ta05209f,train,v2 split (seed 0)
10.1039/c6ta05254a,train,v2 split (seed 0)
10.1039/c6ta05288f,test,v2 split (seed 0)
10.1039/c6ta05350e,train,v2 split (seed 0)
10.1039/c6ta05497h,train,v2 split (seed 0)
10.1039/c6ta05938d,train,v2 split (seed 0)
10.1039/c6ta06143e,test,v2 split (seed 0)
10.1039/c6ta06152d,train,v2 split (seed 0)
10.1039/c6ta06232f,train,v2 split (seed 0)
10.1039/c6ta06657g,train,v2 split (seed 0)
10.1039/c6ta06735b,train,v2 split (seed 0)
10.1039/c6ta06851k,train,v2 split (seed 0)
10.1039/c6ta07004c,test,sha1 mod 5
10.1039/c6ta07586j,test,v2 split (seed 0)
10.1039/c6ta07647e,train,v2 split (seed 0)
10.1039/c6ta07671h,train,v2 split (seed 0)
10.1039/c6ta08117g,train,v2 split (seed 0)
10.1039/c6ta08215g,train,v2 split (seed 0)
10.1039/c6ta08426e,train,v2 split (seed 0)
10.1039/c6ta08526a,train,sha1 mod 5
10.1039/c6ta08565b,test,v2 split (seed 0)
10.1039/c6ta08655a,test,v2 split (seed 0)
10.1039/c6ta08783c,test,v2 split (seed 0)
10.1039/c6ta08812k,train,v2 split (seed 0)
10.1039/c6ta08970d,train,v2 split (seed 0)
10.1039/c6ta08979h,train,v2 split (seed 0)
10.1039/c6ta08992e,train,v2 split (seed 0)
10.1039/c6ta09020f,train,v2 split (seed 0)
10.1039/c6ta09117b,train,v2 split (seed 0)
10.1039/c6ta09125c,test,v2 split (seed 0)
10.1039/c6ta09174a,train,v2 split (seed 0)
10.1039/c6ta09314k,train,v2 split (seed 0)
10.1039/c6ta09554b,train,v2 split (seed 0)
10.1039/c6ta09565h,train,v2 split (seed 0)
10.1039/c6ta09687e,train,v2 split (seed 0)
10.1039/c6ta09689a,test,v2 split (seed 0)
10.1039/c6ta09709j,train,v2 split (seed 0)
10.1039/c6ta10212c,train,v2 split (seed 0)
10.1039/c6ta10468a,train,v2 split (seed 0)
10.1039/c6ta10588b,train,v2 split (seed 0)
10.1039/c6ta11139d,train,v2 split (seed 0)
10.1039/c6tc03624d,train,v2 split (seed 0)
10.1039/c6tc04639h,train,v2 split (seed 0)
10.1039/c6tc04647a,train,v2 split (seed 0)
10.1039/c6tc04830g,train,v2 split (seed 0)
10.1039/c6tc04944c,train,v2 split (seed 0)
10.1039/c6tc05081f,test,v2 split (seed 0)
10.1039/c6tc05189h,train,v2 split (seed 0)
10.1039/c6tc05325d,train,v2 split (seed 0)
10.1039/c7cc04606e,train,v2 split (seed 0)
10.1039/c7cc05590k,test,v2 split (seed 0)
10.1039/c7cc08657a,train,v2 split (seed 0)
10.1039/c7cc09452c,train,v2 split (seed 0)
10.1039/c7cc09838c,train,v2 split (seed 0)
10.1039/c7cp00471k,test,v2 split (seed 0)
10.1039/c7cp01140g,train,v2 split (seed 0)
10.1039/c7cp01936j,train,v2 split (seed 0)
10.1039/c7cp02523h,train,v2 split (seed 0)
10.1039/c7cp02715j,test,v2 split (seed 0)
10.1039/c7cp03106h,train,v2 split (seed 0)
10.1039/c7cp04053a,test,v2 split (seed 0)
10.1039/c7cp04538g,train,v2 split (seed 0)
10.1039/c7cp07682g,train,v2 split (seed 0)
10.1039/c7ee00303j,train,v2 split (seed 0)
10.1039/c7ee00420f,train,v2 split (seed 0)
10.1039/c7ee01145h,test,v2 split (seed 0)
10.1039/c7ee01889d,test,v2 split (seed 0)
10.1039/c7ee02048a,test,v2 split (seed 0)
10.1039/c7ee02185b,train,v2 split (seed 0)
10.1039/c7ee02272g,train,v2 split (seed 0)
10.1039/c7ee02685d,train,v2 split (seed 0)
10.1039/c7nj02847d,test,v2 split (seed 0)
10.1039/c7nr00784a,train,v2 split (seed 0)
10.1039/c7nr01186e,train,v2 split (seed 0)
10.1039/c7nr01678f,train,v2 split (seed 0)
10.1039/c7nr02404e,train,v2 split (seed 0)
10.1039/c7nr02650a,train,v2 split (seed 0)
10.1039/c7nr03265j,train,v2 split (seed 0)
10.1039/c7nr03963h,test,v2 split (seed 0)
10.1039/c7nr04069e,train,v2 split (seed 0)
10.1039/c7nr04362g,train,v2 split (seed 0)
10.1039/c7nr04692h,train,v2 split (seed 0)
10.1039/c7nr04739h,test,v2 split (seed 0)
10.1039/c7nr05416e,test,v2 split (seed 0)
10.1039/c7nr05695h,train,v2 split (seed 0)
10.1039/c7nr06410a,train,v2 split (seed 0)
10.1039/c7nr07001b,test,v2 split (seed 0)
10.1039/c7nr07753j,train,v2 split (seed 0)
10.1039/c7nr08750k,train,v2 split (seed 0)
10.1039/c7nr08797g,train,v2 split (seed 0)
10.1039/c7qi00667e,train,v2 split (seed 0)
10.1039/c7qi00685c,train,v2 split (seed 0)
10.1039/c7qm00319f,test,v2 split (seed 0)
10.1039/c7qm00473g,train,v2 split (seed 0)
10.1039/c7ra00066a,train,v2 split (seed 0)
10.1039/c7ra00274b,train,v2 split (seed 0)
10.1039/c7ra01303e,train,v2 split (seed 0)
10.1039/c7ra01718a,train,v2 split (seed 0)
10.1039/c7ra01869j,train,v2 split (seed 0)
10.1039/c7ra02496g,train,v2 split (seed 0)
10.1039/c7ra04414c,train,v2 split (seed 0)
10.1039/c7ra05741e,test,v2 split (seed 0)
10.1039/c7ra06365b,train,v2 split (seed 0)
10.1039/c7ra07475a,train,v2 split (seed 0)
10.1039/c7ra08680f,train,v2 split (seed 0)
10.1039/c7ra09824c,train,v2 split (seed 0)
10.1039/c7ra09954a,test,v2 split (seed 0)
10.1039/c7ra10113a,train,v2 split (seed 0)
10.1039/c7ra10321b,train,v2 split (seed 0)
10.1039/c7ra10677g,train,v2 split (seed 0)
10.1039/c7ra11286f,test,v2 split (seed 0)
10.1039/c7ra12049d,test,v2 split (seed 0)
10.1039/c7ra12304c,train,v2 split (seed 0)
10.1039/c7ra12754e,train,v2 split (seed 0)
10.1039/c7ra13289a,train,v2 split (seed 0)
10.1039/c7ra13582c,train,v2 split (seed 0)
10.1039/c7ra13744c,train,v2 split (seed 0)
10.1039/c7sc03543h,train,v2 split (seed 0)
10.1039/c7sc05095j,train,v2 split (seed 0)
10.1039/c7se00122c,train,v2 split (seed 0)
10.1039/c7se00125h,train,v2 split (seed 0)
10.1039/c7se00220c,test,v2 split (seed 0)
10.1039/c7se00377c,train,v2 split (seed 0)
10.1039/c7se00472a,test,v2 split (seed 0)
10.1039/c7ta00058h,test,v2 split (seed 0)
10.1039/c7ta00183e,test,v2 split (seed 0)
10.1039/c7ta00203c,test,v2 split (seed 0)
10.1039/c7ta00894e,train,v2 split (seed 0)
10.1039/c7ta00975e,train,v2 split (seed 0)
10.1039/c7ta01203a,train,v2 split (seed 0)
10.1039/c7ta01248a,test,v2 split (seed 0)
10.1039/c7ta01636k,train,v2 split (seed 0)
10.1039/c7ta01651d,train,v2 split (seed 0)
10.1039/c7ta01764b,train,v2 split (seed 0)
10.1039/c7ta02242e,train,v2 split (seed 0)
10.1039/c7ta02264f,test,v2 split (seed 0)
10.1039/c7ta02440a,train,v2 split (seed 0)
10.1039/c7ta02670f,test,v2 split (seed 0)
10.1039/c7ta02822a,train,v2 split (seed 0)
10.1039/c7ta03150e,train,v2 split (seed 0)
10.1039/c7ta03315j,train,v2 split (seed 0)
10.1039/c7ta03541a,train,v2 split (seed 0)
10.1039/c7ta03710d,train,v2 split (seed 0)
10.1039/c7ta03881j,test,v2 split (seed 0)
10.1039/c7ta04014h,train,v2 split (seed 0)
10.1039/c7ta04575a,train,v2 split (seed 0)
10.1039/c7ta04762b,train,v2 split (seed 0)
10.1039/c7ta04851c,test,v2 split (seed 0)
10.1039/c7ta04995a,train,v2 split (seed 0)
10.1039/c7ta05004f,train,v2 split (seed 0)
10.1039/c7ta05012g,train,v2 split (seed 0)
10.1039/c7ta05560a,test,v2 split (seed 0)
10.1039/c7ta05720b,train,v2 split (seed 0)
10.1039/c7ta06088b,train,v2 split (seed 0)
10.1039/c7ta06163c,train,v2 split (seed 0)
10.1039/c7ta06334b,train,v2 split (seed 0)
10.1039/c7ta06338e,train,v2 split (seed 0)
10.1039/c7ta06452g,test,v2 split (seed 0)
10.1039/c7ta06735f,train,v2 split (seed 0)
10.1039/c7ta06752f,train,v2 split (seed 0)
10.1039/c7ta06766f,train,v2 split (seed 0)
10.1039/c7ta06900f,train,v2 split (seed 0)
10.1039/c7ta07216c,train,v2 split (seed 0)
10.1039/c7ta07674f,train,v2 split (seed 0)
10.1039/c7ta07828e,train,v2 split (seed 0)
10.1039/c7ta07939g,train,v2 split (seed 0)
10.1039/c7ta08204e,train,v2 split (seed 0)
10.1039/c7ta08947c,train,v2 split (seed 0)
10.1039/c7ta09174e,train,v2 split (seed 0)
10.1039/c7ta09178h,train,v2 split (seed 0)
10.1039/c7ta09304g,test,v2 split (seed 0)
10.1039/c7ta09494a,test,v2 split (seed 0)
10.1039/c7ta09646a,train,v2 split (seed 0)
10.1039/c7ta09740a,train,v2 split (seed 0)
10.1039/c7ta09946k,train,v2 split (seed 0)
10.1039/c7ta09967c,train,v2 split (seed 0)
10.1039/c7ta10871k,test,v2 split (seed 0)
10.1039/c7ta10945h,train,v2 split (seed 0)
10.1039/c7ta11128b,train,v2 split (seed 0)
10.1039/c7ta11280g,test,v2 split (seed 0)
10.1039/c7ta11295e,test,v2 split (seed 0)
10.1039/c7ta90054f,train,v2 split (seed 0)
10.1039/c7tc00858a,train,v2 split (seed 0)
10.1039/c7tc02193c,train,v2 split (seed 0)
10.1039/c7tc02603j,train,v2 split (seed 0)
10.1039/c7tc02646c,test,v2 split (seed 0)
10.1039/c7tc02928d,train,v2 split (seed 0)
10.1039/c7tc02954c,train,v2 split (seed 0)
10.1039/c7tc03368k,train,v2 split (seed 0)
10.1039/c7tc03683c,train,v2 split (seed 0)
10.1039/c7tc03733c,test,v2 split (seed 0)
10.1039/c7tc03845c,train,v2 split (seed 0)
10.1039/c7tc03984k,train,v2 split (seed 0)
10.1039/c7tc04899h,train,v2 split (seed 0)
10.1039/c7tc05238c,train,v2 split (seed 0)
10.1039/c7tc05252a,train,v2 split (seed 0)
10.1039/c8cc02329h,train,v2 split (seed 0)
10.1039/c8cc06791k,test,v2 split (seed 0)
10.1039/c8cc09557d,test,v2 split (seed 0)
10.1039/c8cp00563j,train,v2 split (seed 0)
10.1039/c8cp00645h,train,v2 split (seed 0)
10.1039/c8cp01385c,train,v2 split (seed 0)
10.1039/c8cp01432a,train,v2 split (seed 0)
10.1039/c8cp04162h,train,v2 split (seed 0)
10.1039/c8cp05148h,train,v2 split (seed 0)
10.1039/c8cp06418k,test,v2 split (seed 0)
10.1039/c8cp07461e,test,v2 split (seed 0)
10.1039/c8cp91812k,train,v2 split (seed 0)
10.1039/c8cp91904f,train,v2 split (seed 0)
10.1039/c8dt00692j,test,v2 split (seed 0)
10.1039/c8ee00036k,train,v2 split (seed 0)
10.1039/c8ee00162f,train,v2 split (seed 0)
10.1039/c8ee00580j,train,v2 split (seed 0)
10.1039/c8ee01065j,test,v2 split (seed 0)
10.1039/c8ee01101j,test,v2 split (seed 0)
10.1039/c8ee01136b,train,v2 split (seed 0)
10.1039/c8ee02958j,train,v2 split (seed 0)
10.1039/c8ee03517b,train,v2 split (seed 0)
10.1039/c8ee03672a,test,v2 split (seed 0)
10.1039/c8me00023a,train,v2 split (seed 0)
10.1039/c8me00031j,train,v2 split (seed 0)
10.1039/c8me00036k,train,v2 split (seed 0)
10.1039/c8mh00511g,train,v2 split (seed 0)
10.1039/c8nj01082j,train,v2 split (seed 0)
10.1039/c8nj03067g,train,v2 split (seed 0)
10.1039/c8nj04131h,train,v2 split (seed 0)
10.1039/c8nj05941a,train,v2 split (seed 0)
10.1039/c8nj06146g,train,v2 split (seed 0)
10.1039/c8nr00180d,train,v2 split (seed 0)
10.1039/c8nr00898a,train,v2 split (seed 0)
10.1039/c8nr01717d,train,v2 split (seed 0)
10.1039/c8nr01763h,train,v2 split (seed 0)
10.1039/c8nr02146e,train,v2 split (seed 0)
10.1039/c8nr04441d,train,v2 split (seed 0)
10.1039/c8nr05504a,train,v2 split (seed 0)
10.1039/c8nr05698f,test,v2 split (seed 0)
10.1039/c8nr06095a,train,v2 split (seed 0)
10.1039/c8nr06586a,train,v2 split (seed 0)
10.1039/c8nr07638c,train,v2 split (seed 0)
10.1039/c8nr08344d,train,v2 split (seed 0)
10.1039/c8nr10125f,train,v2 split (seed 0)
10.1039/c8qi00131f,test,v2 split (seed 0)
10.1039/c8qi01020j,test,v2 split (seed 0)
10.1039/c8qo00788h,train,v2 split (seed 0)
10.1039/c8ra01199k,train,v2 split (seed 0)
10.1039/c8ra01532e,train,v2 split (seed 0)
10.1039/c8ra01571f,train,v2 split (seed 0)
10.1039/c8ra01633j,train,v2 split (seed 0)
10.1039/c8ra02556h,train,v2 split (seed 0)
10.1039/c8ra03119c,train,v2 split (seed 0)
10.1039/c8ra03162b,train,v2 split (seed 0)
10.1039/c8ra03175d,train,v2 split (seed 0)
10.1039/c8ra07800a,train,v2 split (seed 0)
10.1039/c8ra08334g,test,v2 split (seed 0)
10.1039/c8ra08563c,test,v2 split (seed 0)
10.1039/c8ra08940j,train,v2 split (seed 0)
10.1039/c8ra08946a,train,v2 split (seed 0)
10.1039/c8sc00731d,train,v2 split (seed 0)
10.1039/c8se00059j,train,v2 split (seed 0)
10.1039/c8se00095f,train,v2 split (seed 0)
10.1039/c8se00119g,train,v2 split (seed 0)
10.1039/c8se00282g,test,sha1 mod 5
10.1039/c8se00332g,test,v2 split (seed 0)
10.1039/c8se00368h,test,v2 split (seed 0)
10.1039/c8se00450a,train,v2 split (seed 0)
10.1039/c8ta00161h,test,v2 split (seed 0)
10.1039/c8ta00267c,test,v2 split (seed 0)
10.1039/c8ta00308d,train,v2 split (seed 0)
10.1039/c8ta00457a,train,v2 split (seed 0)
10.1039/c8ta00492g,train,v2 split (seed 0)
10.1039/c8ta00583d,train,sha1 mod 5
10.1039/c8ta00769a,train,v2 split (seed 0)
10.1039/c8ta00816g,train,v2 split (seed 0)
10.1039/c8ta00948a,train,v2 split (seed 0)
10.1039/c8ta01143e,train,v2 split (seed 0)
10.1039/c8ta01237g,train,v2 split (seed 0)
10.1039/c8ta02071j,test,v2 split (seed 0)
10.1039/c8ta02652a,train,v2 split (seed 0)
10.1039/c8ta03541e,test,v2 split (seed 0)
10.1039/c8ta03875a,train,v2 split (seed 0)
10.1039/c8ta04794d,train,v2 split (seed 0)
10.1039/c8ta04919j,train,v2 split (seed 0)
10.1039/c8ta05026k,train,v2 split (seed 0)
10.1039/c8ta05234d,train,v2 split (seed 0)
10.1039/c8ta05264f,train,v2 split (seed 0)
10.1039/c8ta05282d,train,v2 split (seed 0)
10.1039/c8ta05291c,train,v2 split (seed 0)
10.1039/c8ta05593a,train,v2 split (seed 0)
10.1039/c8ta05636f,train,v2 split (seed 0)
10.1039/c8ta05639k,train,v2 split (seed 0)
10.1039/c8ta05973j,train,v2 split (seed 0)
10.1039/c8ta06081a,train,v2 split (seed 0)
10.1039/c8ta06730a,train,v2 split (seed 0)
10.1039/c8ta06771f,train,v2 split (seed 0)
10.1039/c8ta06946h,test,v2 split (seed 0)
10.1039/c8ta07043a,train,v2 split (seed 0)
10.1039/c8ta07318j,train,v2 split (seed 0)
10.1039/c8ta07836j,test,v2 split (seed 0)
10.1039/c8ta08019d,test,v2 split (seed 0)
10.1039/c8ta08231f,train,v2 split (seed 0)
10.1039/c8ta08287a,train,v2 split (seed 0)
10.1039/c8ta08565j,train,v2 split (seed 0)
10.1039/c8ta08819e,test,v2 split (seed 0)
10.1039/c8ta09724k,train,v2 split (seed 0)
10.1039/c8ta09933b,train,v2 split (seed 0)
10.1039/c8ta10092f,train,v2 split (seed 0)
10.1039/c8ta10094b,train,v2 split (seed 0)
10.1039/c8ta10510c,train,v2 split (seed 0)
10.1039/c8ta10630d,test,v2 split (seed 0)
10.1039/c8ta10821h,train,v2 split (seed 0)
10.1039/c8ta10827g,train,v2 split (seed 0)
10.1039/c8ta10892g,train,v2 split (seed 0)
10.1039/c8ta10975c,train,v2 split (seed 0)
10.1039/c8ta11361k,test,v2 split (seed 0)
10.1039/c8ta11524a,test,v2 split (seed 0)
10.1039/c8ta11800k,train,v2 split (seed 0)
10.1039/c8ta11835c,train,v2 split (seed 0)
10.1039/c8ta11925b,train,v2 split (seed 0)
10.1039/c8ta12028e,test,v2 split (seed 0)
10.1039/c8ta12060a,test,v2 split (seed 0)
10.1039/c8ta12140k,train,v2 split (seed 0)
10.1039/c8ta12206g,train,v2 split (seed 0)
10.1039/c8ta12217b,train,v2 split (seed 0)
10.1039/c8ta12274a,train,v2 split (seed 0)
10.1039/c8tc00110c,train,v2 split (seed 0)
10.1039/c8tc00385h,train,v2 split (seed 0)
10.1039/c8tc00455b,train,v2 split (seed 0)
10.1039/c8tc00768c,test,v2 split (seed 0)
10.1039/c8tc01570h,train,v2 split (seed 0)
10.1039/c8tc01939h,train,v2 split (seed 0)
10.1039/c8tc01955j,train,v2 split (seed 0)
10.1039/c8tc01956h,train,v2 split (seed 0)
10.1039/c8tc02237b,train,v2 split (seed 0)
10.1039/c8tc02507j,train,v2 split (seed 0)
10.1039/c8tc02766h,train,v2 split (seed 0)
10.1039/c8tc02906g,train,v2 split (seed 0)
10.1039/c8tc02923g,train,v2 split (seed 0)
10.1039/c8tc04723e,train,v2 split (seed 0)
10.1039/c8tc06043f,train,v2 split (seed 0)
10.1039/c9cc00479c,train,v2 split (seed 0)
10.1039/c9cc05779j,train,v2 split (seed 0)
10.1039/c9cc06155j,train,v2 split (seed 0)
10.1039/c9cc06345e,train,v2 split (seed 0)
10.1039/c9cc07517h,train,v2 split (seed 0)
10.1039/c9ce00724e,test,v2 split (seed 0)
10.1039/c9cp00564a,train,v2 split (seed 0)
10.1039/c9ee01944h,train,v2 split (seed 0)
10.1039/c9ee02983d,train,v2 split (seed 0)
10.1039/c9nj02074h,test,v2 split (seed 0)
10.1039/c9nj03089a,train,v2 split (seed 0)
10.1039/c9nr01836k,train,v2 split (seed 0)
10.1039/c9nr02777g,train,v2 split (seed 0)
10.1039/c9nr03030a,train,v2 split (seed 0)
10.1039/c9nr04801d,train,v2 split (seed 0)
10.1039/c9nr05719f,train,v2 split (seed 0)
10.1039/c9qi00557a,test,v2 split (seed 0)
10.1039/c9qm00309f,train,v2 split (seed 0)
10.1039/c9qm00377k,train,v2 split (seed 0)
10.1039/c9ra00042a,train,v2 split (seed 0)
10.1039/c9ra01186b,train,v2 split (seed 0)
10.1039/c9ra01839e,test,v2 split (seed 0)
10.1039/c9ra03068a,train,v2 split (seed 0)
10.1039/c9ra06631d,train,v2 split (seed 0)
10.1039/c9sc01697j,train,v2 split (seed 0)
10.1039/c9se00003h,train,v2 split (seed 0)
10.1039/c9se00325h,train,v2 split (seed 0)
10.1039/c9se00438f,train,v2 split (seed 0)
10.1039/c9se00448c,test,sha1 mod 5
10.1039/c9se00817a,test,v2 split (seed 0)
10.1039/c9se01205b,train,v2 split (seed 0)
10.1039/c9ta00118b,train,v2 split (seed 0)
10.1039/c9ta00398c,train,v2 split (seed 0)
10.1039/c9ta01278h,train,v2 split (seed 0)
10.1039/c9ta01319a,train,sha1 mod 5
10.1039/c9ta01760g,train,v2 split (seed 0)
10.1039/c9ta01947b,train,v2 split (seed 0)
10.1039/c9ta02566a,train,v2 split (seed 0)
10.1039/c9ta02629k,train,v2 split (seed 0)
10.1039/c9ta02631b,train,v2 split (seed 0)
10.1039/c9ta02772f,train,v2 split (seed 0)
10.1039/c9ta02808k,test,v2 split (seed 0)
10.1039/c9ta02852h,train,v2 split (seed 0)
10.1039/c9ta03176f,train,v2 split (seed 0)
10.1039/c9ta03896e,train,v2 split (seed 0)
10.1039/c9ta05048e,train,v2 split (seed 0)
10.1039/c9ta05241k,train,v2 split (seed 0)
10.1039/c9ta06084g,test,v2 split (seed 0)
10.1039/c9ta06439g,train,v2 split (seed 0)
10.1039/c9ta06875a,test,v2 split (seed 0)
10.1039/c9ta08081c,train,v2 split (seed 0)
10.1039/c9ta08084h,train,v2 split (seed 0)
10.1039/c9ta08314f,train,v2 split (seed 0)
10.1039/c9ta08791e,train,v2 split (seed 0)
10.1039/c9ta08848b,train,v2 split (seed 0)
10.1039/c9ta08995k,train,v2 split (seed 0)
10.1039/c9ta09260a,train,v2 split (seed 0)
10.1039/c9ta09777e,train,v2 split (seed 0)
10.1039/c9ta11744j,train,v2 split (seed 0)
10.1039/c9ta11892f,train,v2 split (seed 0)
10.1039/c9ta12407a,train,v2 split (seed 0)
10.1039/c9ta12597c,train,v2 split (seed 0)
10.1039/c9ta12736d,train,v2 split (seed 0)
10.1039/c9tc00064j,train,v2 split (seed 0)
10.1039/c9tc00331b,train,v2 split (seed 0)
10.1039/c9tc00812h,train,v2 split (seed 0)
10.1039/c9tc00816k,train,v2 split (seed 0)
10.1039/c9tc00902g,train,v2 split (seed 0)
10.1039/c9tc01058k,train,v2 split (seed 0)
10.1039/c9tc02457c,train,v2 split (seed 0)
10.1039/c9tc03120k,train,v2 split (seed 0)
10.1039/c9tc03259b,train,v2 split (seed 0)
10.1039/c9tc03375k,train,v2 split (seed 0)
10.1039/c9tc03684a,test,v2 split (seed 0)
10.1039/c9tc03877a,train,v2 split (seed 0)
10.1039/c9tc03881g,train,v2 split (seed 0)
10.1039/c9tc03941d,test,v2 split (seed 0)
10.1039/c9tc05410c,train,v2 split (seed 0)
10.1039/d0ce00169d,train,v2 split (seed 0)
10.1039/d0nj01559h,train,v2 split (seed 0)
10.1039/d0ra01501f,train,v2 split (seed 0)
10.1039/d0se00460j,test,v2 split (seed 0)
10.1039/d0se00549e,train,v2 split (seed 0)
10.1039/d0ta00978d,train,v2 split (seed 0)
10.1039/d0ta01606c,train,v2 split (seed 0)
10.1039/d0ta03030a,train,v2 split (seed 0)
10.1039/d0ta04721j,train,v2 split (seed 0)
10.1039/d0tc02078h,train,v2 split (seed 0)
10.1051/e3sconf/20186701021,train,v2 split (seed 0)
10.1063/1.4880899,test,v2 split (seed 0)
10.1063/1.4890245,train,v2 split (seed 0)
10.1063/1.4890545,train,v2 split (seed 0)
10.1063/1.4895039,train,v2 split (seed 0)
10.1063/1.4896779,train,v2 split (seed 0)
10.1063/1.4901510,train,v2 split (seed 0)
10.1063/1.4905177,train,v2 split (seed 0)
10.1063/1.4906073,train,v2 split (seed 0)
10.1063/1.4913549,train,v2 split (seed 0)
10.1063/1.4913551,train,v2 split (seed 0)
10.1063/1.4918751,train,v2 split (seed 0)
10.1063/1.4928516,test,v2 split (seed 0)
10.1063/1.4928535,train,v2 split (seed 0)
10.1063/1.4928536,test,v2 split (seed 0)
10.1063/1.4928537,test,v2 split (seed 0)
10.1063/1.4928538,train,v2 split (seed 0)
10.1063/1.4938570,train,v2 split (seed 0)
10.1063/1.4941218,train,v2 split (seed 0)
10.1063/1.4941219,train,v2 split (seed 0)
10.1063/1.4941221,train,v2 split (seed 0)
10.1063/1.4941226,train,v2 split (seed 0)
10.1063/1.4941238,train,v2 split (seed 0)
10.1063/1.4941416,train,v2 split (seed 0)
10.1063/1.4953834,test,v2 split (seed 0)
10.1063/1.4956436,train,v2 split (seed 0)
10.1063/1.4960698,train,v2 split (seed 0)
10.1063/1.4960759,train,sha1 mod 5
10.1063/1.4965838,train,v2 split (seed 0)
10.1063/1.4967817,train,v2 split (seed 0)
10.1063/1.4967840,train,v2 split (seed 0)
10.1063/1.4973892,train,v2 split (seed 0)
10.1063/1.4974789,train,v2 split (seed 0)
10.1063/1.4974790,test,v2 split (seed 0)
10.1063/1.4974791,train,v2 split (seed 0)
10.1063/1.4974792,train,v2 split (seed 0)
10.1063/1.4974794,train,v2 split (seed 0)
10.1063/1.4974796,test,v2 split (seed 0)
10.1063/1.4974797,train,v2 split (seed 0)
10.1063/1.4974942,train,v2 split (seed 0)
10.1063/1.4979865,train,v2 split (seed 0)
10.1063/1.4980525,test,v2 split (seed 0)
10.1063/1.4984284,train,v2 split (seed 0)
10.1063/1.4985826,train,v2 split (seed 0)
10.1063/1.4989560,train,v2 split (seed 0)
10.1063/1.4992783,train,v2 split (seed 0)
10.1063/1.4994957,test,v2 split (seed 0)
10.1063/1.4999630,train,v2 split (seed 0)
10.1063/1.5001326,train,v2 split (seed 0)
10.1063/1.5004627,train,v2 split (seed 0)
10.1063/1.5006513,test,v2 split (seed 0)
10.1063/1.5010261,train,v2 split (seed 0)
10.1063/1.5010951,train,v2 split (seed 0)
10.1063/1.5020840,test,v2 split (seed 0)
10.1063/1.5021920,train,v2 split (seed 0)
10.1063/1.5021923,train,v2 split (seed 0)
10.1063/1.5021925,test,v2 split (seed 0)
10.1063/1.5021928,train,v2 split (seed 0)
10.1063/1.5021931,test,v2 split (seed 0)
10.1063/1.5021939,train,v2 split (seed 0)
10.1063/1.5031167,train,v2 split (seed 0)
10.1063/1.5036643,train,v2 split (seed 0)
10.1063/1.5042299,train,v2 split (seed 0)
10.1063/1.5047765,train,v2 split (seed 0)
10.1063/1.5054347,test,v2 split (seed 0)
10.1063/1.5079954,train,v2 split (seed 0)
10.1063/1.5086692,train,v2 split (seed 0)
10.1063/1.5087796,train,v2 split (seed 0)
10.1063/1.5093864,train,v2 split (seed 0)
10.1063/1.5093873,train,v2 split (seed 0)
10.1063/1.5098336,train,v2 split (seed 0)
10.1063/1.5099280,train,v2 split (seed 0)
10.1063/1.5109699,train,v2 split (seed 0)
10.1063/1.5120307,train,v2 split (seed 0)
10.1063/1.5124539,train,v2 split (seed 0)
10.1063/1.5126647,train,v2 split (seed 0)
10.1080/10667857.2019.1651504,train,v2 split (seed 0)
10.1080/14686996.2016.1176512,train,v2 split (seed 0)
10.1080/14686996.2019.1599695,train,v2 split (seed 0)
10.1080/15421406.2017.1338095,train,v2 split (seed 0)
10.1080/15421406.2017.1358045,test,v2 split (seed 0)
10.1080/15421406.2018.1456043,test,v2 split (seed 0)
10.1080/15421406.2018.1456072,train,v2 split (seed 0)
10.1088/0256-307X/30/12/128402,train,v2 split (seed 0)
10.1088/0268-1242/31/2/025009,train,v2 split (seed 0)
10.1088/0957-4484/27/2/024004,test,v2 split (seed 0)
10.1088/0957-4484/27/50/505403,train,v2 split (seed 0)
10.1088/1361-6463/aa8ffd,train,v2 split (seed 0)
10.1088/1361-6463/aa9d30,train,v2 split (seed 0)
10.1088/1361-6463/aa9df8,train,v2 split (seed 0)
10.1088/1361-6463/aaa7cd,train,v2 split (seed 0)
10.1088/1361-6463/aab0d8,train,v2 split (seed 0)
10.1088/1361-6463/aad685,test,v2 split (seed 0)
10.1088/1361-6463/aad71c,train,v2 split (seed 0)
10.1088/1361-6463/aad7de,train,v2 split (seed 0)
10.1088/1361-6463/aafea9,test,v2 split (seed 0)
10.1088/1361-6463/ab140f,test,v2 split (seed 0)
10.1088/1361-6463/ab1626,test,v2 split (seed 0)
10.1088/1361-6463/ab1e2b,train,v2 split (seed 0)
10.1088/1361-6463/ab28d0,train,v2 split (seed 0)
10.1088/1361-6463/ab4f07,train,v2 split (seed 0)
10.1088/1361-6463/ab938c,test,v2 split (seed 0)
10.1088/1361-6528/aa5172,test,v2 split (seed 0)
10.1088/1361-6528/aa5bec,train,v2 split (seed 0)
10.1088/1361-6528/aa6707,train,sha1 mod 5
10.1088/1361-6528/aa6956,train,sha1 mod 5
10.1088/1361-6528/aaa054,train,v2 split (seed 0)
10.1088/1361-6528/aab795,train,v2 split (seed 0)
10.1088/1361-6528/aac293,train,v2 split (seed 0)
10.1088/1361-6528/aacf7c,train,v2 split (seed 0)
10.1088/1361-6528/aae9b6,train,v2 split (seed 0)
10.1088/1361-6528/aaf158,test,v2 split (seed 0)
10.1088/1361-6528/aaf2ad,test,v2 split (seed 0)
10.1088/1361-6528/ab10f3,train,v2 split (seed 0)
10.1088/1361-6528/ab3604,train,v2 split (seed 0)
10.1088/1361-6528/ab4f2a,train,sha1 mod 5
10.1088/1361-6528/ab55a1,train,v2 split (seed 0)
10.1088/1361-6641/ab2309,train,v2 split (seed 0)
10.1088/1674-1056/26/1/018401,train,v2 split (seed 0)
10.1088/1674-1056/26/5/058401,train,v2 split (seed 0)
10.1088/1674-4926/38/1/014002,train,v2 split (seed 0)
10.1088/1674-4926/38/1/014003,train,v2 split (seed 0)
10.1088/1674-4926/38/1/014004,train,v2 split (seed 0)
10.1088/1742-6596/1195/1/012025,train,v2 split (seed 0)
10.1088/1742-6596/776/1/012010,train,sha1 mod 5
10.1088/1742-6596/864/1/012008,train,v2 split (seed 0)
10.1088/1742-6596/877/1/012043,train,v2 split (seed 0)
10.1088/1742-6596/877/1/012046,train,v2 split (seed 0)
10.1088/1755-1315/108/5/052005,train,v2 split (seed 0)
10.1088/1757-899X/303/1/012002,test,v2 split (seed 0)
10.1088/1757-899X/515/1/012089,train,v2 split (seed 0)
10.1088/2053-1591/aaaa88,train,v2 split (seed 0)
10.1088/2053-1591/aad311,train,v2 split (seed 0)
10.1088/2053-1591/aadb46,train,v2 split (seed 0)
10.1088/2053-1591/aaeeb2,train,v2 split (seed 0)
10.1088/2053-1591/ab1923,train,v2 split (seed 0)
10.1088/2053-1591/ab221b,train,v2 split (seed 0)
10.1088/2053-1591/ab2a5c,train,v2 split (seed 0)
10.1088/2053-1591/ab334f,test,v2 split (seed 0)
10.1098/rsos.170980,train,v2 split (seed 0)
10.1098/rsos.172158,test,v2 split (seed 0)
10.1098/rsos.180617,train,v2 split (seed 0)
10.1109/IC3.2018.00-29,train,v2 split (seed 0)
10.1109/JPHOMV.2018.2877002,train,v2 split (seed 0)
10.1109/JPHOT.2016.2608619,train,v2 split (seed 0)
10.1109/JPHOTOV.2015.2416913,train,v2 split (seed 0)
10.1109/JPHOTOV.2015.2455345,train,v2 split (seed 0)
10.1109/JPHOTOV.2016.2521479,train,v2 split (seed 0)
10.1109/JPHOTOV.2017.2726563,train,v2 split (seed 0)
10.1109/JPHOTOV.2017.2732223,test,v2 split (seed 0)
10.1109/JPHOTOV.2017.2751506,train,v2 split (seed 0)
10.1109/JPHOTOV.2017.2762525,train,v2 split (seed 0)
10.1109/JPHOTOV.2017.2762585,train,v2 split (seed 0)
10.1109/JPHOTOV.2017.2765082,train,v2 split (seed 0)
10.1109/JPHOTOV.2018.2810844,test,v2 split (seed 0)
10.1109/JPHOTOV.2018.2820509,train,v2 split (seed 0)
10.1109/JPHOTOV.2018.2820909,train,v2 split (seed 0)
10.1109/JPHOTOV.2018.2825228,train,v2 split (seed 0)
10.1109/JPHOTOV.2018.2870320,train,v2 split (seed 0)
10.1109/JPHOTOV.2018.2877003,train,v2 split (seed 0)
10.1109/JPHOTOV.2018.2877022,train,v2 split (seed 0)
10.1109/JPHOTOV.2019.2910192,train,v2 split (seed 0)
10.1109/JPHOTOV.2019.2924745,train,v2 split (seed 0)
10.1109/JPHOTOV.2019.2941181,train,v2 split (seed 0)
10.1109/LED.2017.2735178,test,v2 split (seed 0)
10.1109/LED.2018.2828501,test,v2 split (seed 0)
10.1109/TNANO.2016.2524689,train,v2 split (seed 0)
10.1117/1.JPE.5.057405,train,v2 split (seed 0)
10.1117/1.JPE.5.057410,train,v2 split (seed 0)
10.1117/1.JPE.6.022002,test,v2 split (seed 0)
10.1117/1.JPE.8.045501,train,v2 split (seed 0)
10.1117/1.OE.58.1.017103,train,v2 split (seed 0)
10.1117/12.2061405,train,v2 split (seed 0)
10.1117/12.2187973,train,v2 split (seed 0)
10.1117/12.2217737,train,v2 split (seed 0)
10.1117/12.2236855,train,v2 split (seed 0)
10.1117/12.2237085,train,v2 split (seed 0)
10.1117/12.2506443,train,v2 split (seed 0)
10.1126/sciadv.aat3604,train,v2 split (seed 0)
10.1126/science.1228604,train,v2 split (seed 0)
10.1126/science.1243982,train,v2 split (seed 0)
10.1126/science.1254050,test,v2 split (seed 0)
10.1126/science.aaa0472,train,v2 split (seed 0)
10.1126/science.aaa5333,train,v2 split (seed 0)
10.1126/science.aad1015,test,v2 split (seed 0)
10.1126/science.aam6620,test,v2 split (seed 0)
10.1126/science.aao5561,train,v2 split (seed 0)
10.1134/S0012501619020040,train,v2 split (seed 0)
10.1134/S1063782619040213,train,v2 split (seed 0)
10.1134/S1063785019080303,train,v2 split (seed 0)
10.1134/S1063785019090050,train,v2 split (seed 0)
10.1137/130934258,train,v2 split (seed 0)
10.1142/S0218625X18501378,train,sha1 mod 5
10.1142/S1793292018501023,test,v2 split (seed 0)
10.1142/S179329201950022X,train,v2 split (seed 0)
10.1142/S1793292019500772,train,v2 split (seed 0)
10.1142/S1793292019501261,train,v2 split (seed 0)
10.1142/S1793604717500497,test,sha1 mod 5
10.1142/S1793604718500352,train,v2 split (seed 0)
10.1142/S1793604718500807,train,v2 split (seed 0)
10.1142/S2010135X18500066,train,v2 split (seed 0)
10.1142/S2010135X18500091,train,v2 split (seed 0)
10.1149/06104.0361ecst,test,v2 split (seed 0)
10.1149/07401.0305ecst,train,sha1 mod 5
10.1149/08701.0199ecst,test,sha1 mod 5
10.1149/2.0051808jes,train,v2 split (seed 0)
10.1149/2.0171802jss,test,v2 split (seed 0)
10.1149/2.1131802jes,train,v2 split (seed 0)
10.1155/2017/2562968,train,v2 split (seed 0)
10.1155/2017/7190801,train,v2 split (seed 0)
10.1155/2018/4012850,train,v2 split (seed 0)
10.1155/2018/7545914,train,v2 split (seed 0)
10.1155/2018/8654963,train,v2 split (seed 0)
10.1155/2019/2878060,test,v2 split (seed 0)
10.1155/2019/4360816,train,v2 split (seed 0)
10.1155/2020/5039192,train,v2 split (seed 0)
10.1166/jnn.2016.11638,train,v2 split (seed 0)
10.1166/jnn.2016.13661,test,v2 split (seed 0)
10.1166/jnn.2018.14904,test,v2 split (seed 0)
10.1166/jnn.2018.16064,train,v2 split (seed 0)
10.1166/jnn.2019.16219,train,v2 split (seed 0)
10.1166/jnn.2019.16678,train,v2 split (seed 0)
10.1166/jnn.2020.17339,train,v2 split (seed 0)
10.1179/1433075X14Y.0000000252,test,v2 split (seed 0)
10.1186/1556-276X-7-353,train,v2 split (seed 0)
10.1186/1556-276X-9-457,train,v2 split (seed 0)
10.1186/s11671-015-1020-2,train,v2 split (seed 0)
10.1186/s11671-016-1467-9,train,v2 split (seed 0)
10.1186/s11671-016-1540-4,test,v2 split (seed 0)
10.1186/s11671-016-1601-8,train,v2 split (seed 0)
10.1186/s11671-016-1621-4,train,v2 split (seed 0)
10.1186/s11671-016-1811-0,train,v2 split (seed 0)
10.1186/s11671-017-1872-8,train,v2 split (seed 0)
10.1186/s11671-017-1933-z,train,v2 split (seed 0)
10.1186/s11671-017-1992-1,train,v2 split (seed 0)
10.1186/s11671-017-2326-z,test,v2 split (seed 0)
10.1186/s11671-017-2381-5,test,v2 split (seed 0)
10.1186/s11671-017-2393-1,test,v2 split (seed 0)
10.1186/s11671-018-2633-z,test,v2 split (seed 0)
10.1186/s40580-017-0113-2,train,v2 split (seed 0)
10.1246/bcsj.20190241,test,v2 split (seed 0)
10.1246/cl.150068,train,v2 split (seed 0)
10.1246/cl.150167,train,v2 split (seed 0)
10.1246/cl.150246,train,v2 split (seed 0)
10.1246/cl.150249,train,v2 split (seed 0)
10.1246/cl.150385,train,v2 split (seed 0)
10.1246/cl.150814,train,v2 split (seed 0)
10.1246/cl.150888,test,v2 split (seed 0)
10.1246/cl.150984,train,v2 split (seed 0)
10.1246/cl.151007,train,v2 split (seed 0)
10.1246/cl.160281,train,v2 split (seed 0)
10.1246/cl.160298,train,v2 split (seed 0)
10.1246/cl.161163,train,v2 split (seed 0)
10.1246/cl.171214,test,v2 split (seed 0)
10.1246/cl.180219,train,v2 split (seed 0)
10.1246/cl.180384,train,v2 split (seed 0)
10.1246/cl.180616,train,v2 split (seed 0)
10.1246/cl.190210,train,v2 split (seed 0)
10.1246/cl.190233,train,v2 split (seed 0)
10.1364/AO.59.000552,test,v2 split (seed 0)
10.1364/OE.24.0A1431,train,v2 split (seed 0)
10.1364/OE.26.00A984,train,v2 split (seed 0)
10.1364/OL.42.001958,train,v2 split (seed 0)
10.1364/OME.380354,train,v2 split (seed 0)
10.1364/OME.7.002150,train,v2 split (seed 0)
10.1364/OME.7.003322,test,v2 split (seed 0)
10.1515/lpts-2017-0027,test,sha1 mod 5
10.15541/jim20160218,train,v2 split (seed 0)
10.15541/jim20160584,train,v2 split (seed 0)
10.1557/adv.2017.508,train,sha1 mod 5
10.1557/adv.2018.413,test,v2 split (seed 0)
10.1557/adv.2018.515,train,v2 split (seed 0)
10.1557/jmr.2017.264,test,v2 split (seed 0)
10.1557/mrc.2018.142,train,v2 split (seed 0)
10.1557/mrc.2018.231,test,v2 split (seed 0)
10.17222/mit.2017.178,train,v2 split (seed 0)
10.17586/2220-8054-2017-8-4-540-545,test,v2 split (seed 0)
10.2109/jcersj2.15250,train,v2 split (seed 0)
10.2109/jcersj2.15322,train,v2 split (seed 0)
10.2109/jcersj2.16279,train,v2 split (seed 0)
10.2109/jcersj2.17162,train,v2 split (seed 0)
10.2109/jcersj2.18214,train,v2 split (seed 0)
10.21272/jnep.8(4(1)).04004,train,v2 split (seed 0)
10.2494/photopolymer.29.581,train,sha1 mod 5
10.3389/fmats.2019.00310,train,v2 split (seed 0)
10.3389/fphy.2019.00166,train,v2 split (seed 0)
10.3390/app8020308,train,v2 split (seed 0)
10.3390/coatings5040646,test,v2 split (seed 0)
10.3390/coatings8110408,test,v2 split (seed 0)
10.3390/coatings8120461,train,v2 split (seed 0)
10.3390/coatings9050320,train,v2 split (seed 0)
10.3390/coatings9110766,train,v2 split (seed 0)
10.3390/cryst7080252,train,v2 split (seed 0)
10.3390/cryst8010044,train,v2 split (seed 0)
10.3390/cryst8050185,train,v2 split (seed 0)
10.3390/cryst8090358,train,v2 split (seed 0)
10.3390/en10050599,train,v2 split (seed 0)
10.3390/en11081963,test,v2 split (seed 0)
10.3390/en13112897,train,v2 split (seed 0)
10.3390/en9050376,train,v2 split (seed 0)
10.3390/ma11050778,train,v2 split (seed 0)
10.3390/ma11071073,train,v2 split (seed 0)
10.3390/ma11081417,train,v2 split (seed 0)
10.3390/ma12050726,test,v2 split (seed 0)
10.3390/ma12081314,train,v2 split (seed 0)
10.3390/ma12091406,train,v2 split (seed 0)
10.3390/ma12132037,train,v2 split (seed 0)
10.3390/ma12152494,train,v2 split (seed 0)
10.3390/met6070147,test,v2 split (seed 0)
10.3390/met9020120,train,v2 split (seed 0)
10.3390/mi10100682,train,v2 split (seed 0)
10.3390/mi8020055,train,v2 split (seed 0)
10.3390/molecules21040542,test,v2 split (seed 0)
10.3390/molecules24102027,train,v2 split (seed 0)
10.3390/molecules24193466,test,sha1 mod 5
10.3390/nano7070166,test,v2 split (seed 0)
10.3390/nano8090701,train,v2 split (seed 0)
10.3390/nano8100815,train,v2 split (seed 0)
10.3390/nano9010121,train,v2 split (seed 0)
10.3390/nano9020193,train,v2 split (seed 0)
10.3390/nano9020204,test,v2 split (seed 0)
10.3390/nano9020286,train,v2 split (seed 0)
10.3390/nano9060908,train,v2 split (seed 0)
10.3390/nano9070935,train,v2 split (seed 0)
10.3390/nano9091220,train,v2 split (seed 0)
10.3390/nano9091263,train,v2 split (seed 0)
10.3390/nano9091311,train,v2 split (seed 0)
10.3390/nano9111616,train,v2 split (seed 0)
10.3390/nano9111627,test,v2 split (seed 0)
10.3390/polym10111227,train,v2 split (seed 0)
10.3390/polym11010147,train,v2 split (seed 0)
10.3390/polym11030427,train,v2 split (seed 0)
10.3390/polym11060980,train,v2 split (seed 0)
10.3390/su11143867,test,v2 split (seed 0)
10.35848/1882-0786/ab6bde,train,v2 split (seed 0)
10.3866/PKU.WHXB201412241,train,v2 split (seed 0)
10.3866/PKU.WHXB201803131,train,v2 split (seed 0)
10.3934/matersci.2017.4.956,train,v2 split (seed 0)
10.3938/jkps.69.406,test,v2 split (seed 0)
10.4067/S0717-97072015000200017,train,v2 split (seed 0)
10.5229/JECST.2018.9.2.118,train,v2 split (seed 0)
10.5757/ASCT.2018.27.6.156,train,v2 split (seed 0)
10.5772/62435,train,v2 split (seed 0)
10.7498/aps.64.038403,train,v2 split (seed 0)
10.7498/aps.66.018401,test,v2 split (seed 0)
10.7498/aps.67.20172463,train,v2 split (seed 0)
10.7567/1347-4065/ab241c,train,v2 split (seed 0)
10.7567/1347-4065/ab2535,test,v2 split (seed 0)
10.7567/1882-0786/ab4aa2,train,v2 split (seed 0)
10.7567/APEX.10.076601,test,v2 split (seed 0)
10.7567/APEX.7.121601,test,v2 split (seed 0)
10.7567/APEX.9.122301,train,v2 split (seed 0)
10.7567/JJAP.54.08KF08,train,v2 split (seed 0)
10.7567/JJAP.55.02BF01,train,v2 split (seed 0)
10.7567/JJAP.55.02BF05,train,v2 split (seed 0)
10.7567/JJAP.55.02BF11,test,v2 split (seed 0)
10.7567/JJAP.55.122301,train,v2 split (seed 0)
10.7567/JJAP.56.08MC17,train,v2 split (seed 0)
10.7567/JJAP.56.090305,test,v2 split (seed 0)
10.7567/JJAP.57.02CE01,train,v2 split (seed 0)
10.7567/JJAP.57.03EJ06,train,v2 split (seed 0)
10.7567/JJAP.57.04FS07,train,v2 split (seed 0)
10.7567/JJAP.57.08RE05,train,v2 split (seed 0)
10.7567/JJAP.57.08RE10,test,v2 split (seed 0)
10.7567/JJAP.57.08RE11,train,v2 split (seed 0)
https://www.doi.org/10.1002/adfm.202000778,train,sha1 mod 5
https://www.doi.org/10.1002/adfm.202312819,test,sha1 mod 5
https://www.doi.org/10.1002/adfm.202406354,train,sha1 mod 5
https://www.doi.org/10.1002/adfm.202408721,train,sha1 mod 5
https://www.doi.org/10.1002/adma.201906995,train,sha1 mod 5
https://www.doi.org/10.1002/adma.202302484,train,sha1 mod 5
https://www.doi.org/10.1002/adma.202302889,test,sha1 mod 5
https://www.doi.org/10.1002/adma.202504602,train,sha1 mod 5
https://www.doi.org/10.1002/admt.202301760,train,sha1 mod 5
https://www.doi.org/10.1002/advs.202001466,test,sha1 mod 5
https://www.doi.org/10.1002/advs.202203681,train,sha1 mod 5
https://www.doi.org/10.1002/aelm.201900884,train,sha1 mod 5
https://www.doi.org/10.1002/aelm.202400090,train,sha1 mod 5
https://www.doi.org/10.1002/aelm.202400095,train,sha1 mod 5
https://www.doi.org/10.1002/aenm.202202713,train,sha1 mod 5
https://www.doi.org/10.1002/aenm.202203505,train,sha1 mod 5
https://www.doi.org/10.1002/cssc.202101592,train,sha1 mod 5
https://www.doi.org/10.1002/smll.202001770,train,sha1 mod 5
https://www.doi.org/10.1002/smll.202311400,train,sha1 mod 5
https://www.doi.org/10.1002/smll.202403342,test,sha1 mod 5
https://www.doi.org/10.1002/smll.202501794,train,sha1 mod 5
https://www.doi.org/10.1002/smtd.202300399,train,sha1 mod 5
https://www.doi.org/10.1002/smtd.202400039,test,sha1 mod 5
https://www.doi.org/10.1002/smtd.202402039,test,sha1 mod 5
https://www.doi.org/10.1002/solr.202000327,train,sha1 mod 5
https://www.doi.org/10.1002/solr.202000376,test,sha1 mod 5
https://www.doi.org/10.1002/solr.202000481,train,sha1 mod 5
https://www.doi.org/10.1002/solr.202000536,test,sha1 mod 5
https://www.doi.org/10.1002/solr.202100826,test,sha1 mod 5
https://www.doi.org/10.1002/solr.202200023,train,sha1 mod 5
https://www.doi.org/10.1002/solr.202200405,train,sha1 mod 5
https://www.doi.org/10.1002/solr.202200786,train,sha1 mod 5
https://www.doi.org/10.1002/solr.202200862,train,sha1 mod 5
https://www.doi.org/10.1002/solr.202300122,train,sha1 mod 5
https://www.doi.org/10.1002/solr.202300511,test,sha1 mod 5
https://www.doi.org/10.1002/solr.202300858,train,sha1 mod 5
https://www.doi.org/10.1002/solr.202400295,train,sha1 mod 5
https://www.doi.org/10.1002/solr.202400589,train,sha1 mod 5
https://www.doi.org/10.1007/s10854-021-06778-6,train,sha1 mod 5
https://www.doi.org/10.1007/s12274-021-3306-2,train,sha1 mod 5
https://www.doi.org/10.1007/s40243-024-00280-9.pdf,test,sha1 mod 5
https://www.doi.org/10.1007/s40820-022-00854-0,test,sha1 mod 5
https://www.doi.org/10.1007/s40843-020-1324-8,train,sha1 mod 5
https://www.doi.org/10.1007/s40843-020-1625-2,test,sha1 mod 5
https://www.doi.org/10.1016/j.apsusc.2019.143610,train,sha1 mod 5
https://www.doi.org/10.1016/j.apsusc.2022.153842,train,sha1 mod 5
https://www.doi.org/10.1016/j.apsusc.2022.154362,train,sha1 mod 5
https://www.doi.org/10.1016/j.apsusc.2022.155269,train,sha1 mod 5
https://www.doi.org/10.1016/j.apsusc.2023.157339,train,sha1 mod 5
https://www.doi.org/10.1016/j.apsusc.2025.162974,train,sha1 mod 5
https://www.doi.org/10.1016/j.carbon.2019.08.015,test,sha1 mod 5
https://www.doi.org/10.1016/j.carbon.2020.05.079,train,sha1 mod 5
https://www.doi.org/10.1016/j.carbon.2021.05.008,train,sha1 mod 5
https://www.doi.org/10.1016/j.carbon.2023.118398,train,sha1 mod 5
https://www.doi.org/10.1016/j.cej.2022.136267,train,sha1 mod 5
https://www.doi.org/10.1016/j.cej.2022.136761,train,sha1 mod 5
https://www.doi.org/10.1016/j.cej.2022.137887,train,sha1 mod 5
https://www.doi.org/10.1016/j.cej.2022.139412,train,sha1 mod 5
https://www.doi.org/10.1016/j.cej.2022.140160,test,sha1 mod 5
https://www.doi.org/10.1016/j.cej.2024.149424,train,sha1 mod 5
https://www.doi.org/10.1016/j.cej.2025.164991,train,sha1 mod 5
https://www.doi.org/10.1016/j.cej.2025.167647,train,sha1 mod 5
https://www.doi.org/10.1016/j.colsurfa.2022.128958,train,sha1 mod 5
https://www.doi.org/10.1016/j.colsurfa.2023.131326,train,sha1 mod 5
https://www.doi.org/10.1016/j.cplett.2021.139094,train,sha1 mod 5
https://www.doi.org/10.1016/j.cplett.2021.139153,train,sha1 mod 5
https://www.doi.org/10.1016/j.cplett.2021.139189,train,sha1 mod 5
https://www.doi.org/10.1016/j.cplett.2024.141724,train,sha1 mod 5
https://www.doi.org/10.1016/j.electacta.2019.134924,train,sha1 mod 5
https://www.doi.org/10.1016/j.electacta.2019.134950,train,sha1 mod 5
https://www.doi.org/10.1016/j.electacta.2021.138658,test,sha1 mod 5
https://www.doi.org/10.1016/j.electacta.2021.139782,train,sha1 mod 5
https://www.doi.org/10.1016/j.electacta.2022.141214,train,sha1 mod 5
https://www.doi.org/10.1016/j.electacta.2023.142409,train,sha1 mod 5
https://www.doi.org/10.1016/j.ijleo.2024.171628,train,sha1 mod 5
https://www.doi.org/10.1016/j.jallcom.2020.155984,test,sha1 mod 5
https://www.doi.org/10.1016/j.jallcom.2021.159804,train,sha1 mod 5
https://www.doi.org/10.1016/j.jallcom.2021.161039,train,sha1 mod 5
https://www.doi.org/10.1016/j.jallcom.2021.161247,test,sha1 mod 5
https://www.doi.org/10.1016/j.jallcom.2021.161355,train,sha1 mod 5
https://www.doi.org/10.1016/j.jallcom.2021.161448,train,sha1 mod 5
https://www.doi.org/10.1016/j.jallcom.2022.164292,train,sha1 mod 5
https://www.doi.org/10.1016/j.jallcom.2022.165874,test,sha1 mod 5
https://www.doi.org/10.1016/j.jallcom.2022.166285,train,sha1 mod 5
https://www.doi.org/10.1016/j.jallcom.2022.166891,train,sha1 mod 5
https://www.doi.org/10.1016/j.jallcom.2022.167278,train,sha1 mod 5
https://www.doi.org/10.1016/j.jmrt.2021.04.070,train,sha1 mod 5
https://www.doi.org/10.1016/j.jmrt.2021.06.084,test,sha1 mod 5
https://www.doi.org/10.1016/j.jmst.2021.03.034,train,sha1 mod 5
https://www.doi.org/10.1016/j.jmst.2021.03.045,test,sha1 mod 5
https://www.doi.org/10.1016/j.joule.2020.12.009,train,sha1 mod 5
https://www.doi.org/10.1016/j.jpcs.2021.110250,train,sha1 mod 5
https://www.doi.org/10.1016/j.jpcs.2023.111532,train,sha1 mod 5
https://www.doi.org/10.1016/j.jpcs.2025.112760,train,sha1 mod 5
https://www.doi.org/10.1016/j.jpowsour.2020.228505,train,sha1 mod 5
https://www.doi.org/10.1016/j.jpowsour.2020.228648,train,sha1 mod 5
https://www.doi.org/10.1016/j.jpowsour.2020.228818,test,sha1 mod 5
https://www.doi.org/10.1016/j.jpowsour.2023.233496,train,sha1 mod 5
https://www.doi.org/10.1016/j.jpowsour.2025.237802,train,sha1 mod 5
https://www.doi.org/10.1016/j.jssc.2022.123158,train,sha1 mod 5
https://www.doi.org/10.1016/j.jssc.2025.125322,train,sha1 mod 5
https://www.doi.org/10.1016/j.matchemphys.2020.123436,train,sha1 mod 5
https://www.doi.org/10.1016/j.matchemphys.2023.128178,train,sha1 mod 5
https://www.doi.org/10.1016/j.matchemphys.2024.129432,train,sha1 mod 5
https://www.doi.org/10.1016/j.materresbull.2023.112467,train,sha1 mod 5
https://www.doi.org/10.1016/j.materresbull.2025.113471,train,sha1 mod 5
https://www.doi.org/10.1016/j.matlet.2021.130425,train,sha1 mod 5
https://www.doi.org/10.1016/j.matlet.2022.132678,test,sha1 mod 5
https://www.doi.org/10.1016/j.matlet.2024.137407,train,sha1 mod 5
https://www.doi.org/10.1016/j.mseb.2025.118487,train,sha1 mod 5
https://www.doi.org/10.1016/j.mssp.2021.106095,train,sha1 mod 5
https://www.doi.org/10.1016/j.mssp.2023.107309,train,sha1 mod 5
https://www.doi.org/10.1016/j.mssp.2023.107452,train,sha1 mod 5
https://www.doi.org/10.1016/j.mssp.2023.107992,train,sha1 mod 5
https://www.doi.org/10.1016/j.mssp.2024.108185,test,sha1 mod 5
https://www.doi.org/10.1016/j.mssp.2024.108625,train,sha1 mod 5
https://www.doi.org/10.1016/j.mssp.2024.108794,train,sha1 mod 5
https://www.doi.org/10.1016/j.mtchem.2023.101511,train,sha1 mod 5
https://www.doi.org/10.1016/j.mtcomm.2022.104513,test,sha1 mod 5
https://www.doi.org/10.1016/j.mtcomm.2023.105668,train,sha1 mod 5
https://www.doi.org/10.1016/j.mtener.2021.100855,train,sha1 mod 5
https://www.doi.org/10.1016/j.mtphys.2021.100565,train,sha1 mod 5
https://www.doi.org/10.1016/j.nanoen.2020.104940,train,sha1 mod 5
https://www.doi.org/10.1016/j.nanoen.2021.106135,train,sha1 mod 5
https://www.doi.org/10.1016/j.nanoen.2021.106374,train,sha1 mod 5
https://www.doi.org/10.1016/j.nanoen.2023.109220,train,sha1 mod 5
https://www.doi.org/10.1016/j.optmat.2022.112901,train,sha1 mod 5
https://www.doi.org/10.1016/j.optmat.2023.114312,train,sha1 mod 5
https://www.doi.org/10.1016/j.optmat.2023.114321,train,sha1 mod 5
https://www.doi.org/10.1016/j.optmat.2023.114426,test,sha1 mod 5
https://www.doi.org/10.1016/j.optmat.2023.114427,train,sha1 mod 5
https://www.doi.org/10.1016/j.optmat.2023.114440,test,sha1 mod 5
https://www.doi.org/10.1016/j.optmat.2023.114509,test,sha1 mod 5
https://www.doi.org/10.1016/j.physb.2024.416472,train,sha1 mod 5
https://www.doi.org/10.1016/j.scib.2020.05.031,train,sha1 mod 5
https://www.doi.org/10.1016/j.solener.2021.01.025,train,sha1 mod 5
https://www.doi.org/10.1016/j.solener.2021.02.062,train,sha1 mod 5
https://www.doi.org/10.1016/j.solener.2021.03.055,train,sha1 mod 5
https://www.doi.org/10.1016/j.solener.2021.06.074,train,sha1 mod 5
https://www.doi.org/10.1016/j.solener.2021.08.071,train,sha1 mod 5
https://www.doi.org/10.1016/j.solener.2021.09.012,test,sha1 mod 5
https://www.doi.org/10.1016/j.solener.2021.09.032,train,sha1 mod 5
https://www.doi.org/10.1016/j.solener.2021.10.006,train,sha1 mod 5
https://www.doi.org/10.1016/j.solener.2021.12.073,train,sha1 mod 5
https://www.doi.org/10.1016/j.solener.2022.08.067,train,sha1 mod 5
https://www.doi.org/10.1016/j.solener.2024.112657,train,sha1 mod 5
https://www.doi.org/10.1016/j.solener.2024.112891,train,sha1 mod 5
https://www.doi.org/10.1016/j.solmat.2020.110594,test,sha1 mod 5
https://www.doi.org/10.1016/j.solmat.2020.110689,train,sha1 mod 5
https://www.doi.org/10.1016/j.solmat.2021.111185,train,sha1 mod 5
https://www.doi.org/10.1016/j.solmat.2021.111400,train,sha1 mod 5
https://www.doi.org/10.1016/j.solmat.2021.111548,train,sha1 mod 5
https://www.doi.org/10.1016/j.solmat.2022.111682,train,sha1 mod 5
https://www.doi.org/10.1016/j.solmat.2022.112032,train,sha1 mod 5
https://www.doi.org/10.1016/j.solmat.2024.112737,train,sha1 mod 5
https://www.doi.org/10.1016/j.solmat.2024.112857,train,sha1 mod 5
https://www.doi.org/10.1016/j.solmat.2024.112868,train,sha1 mod 5
https://www.doi.org/10.1016/j.surfin.2021.101213,test,sha1 mod 5
https://www.doi.org/10.1016/j.surfin.2022.102341,test,sha1 mod 5
https://www.doi.org/10.1016/j.surfin.2024.105155,train,sha1 mod 5
https://www.doi.org/10.1016/j.xcrp.2022.100890,train,sha1 mod 5
https://www.doi.org/10.1021/acs.chemmater.3c02960,train,sha1 mod 5
https://www.doi.org/10.1021/acs.energyfuels.2c01980,train,sha1 mod 5
https://www.doi.org/10.1021/acs.energyfuels.4c03898,train,sha1 mod 5
https://www.doi.org/10.1021/acsaelm.1c00596,test,sha1 mod 5
https://www.doi.org/10.1021/acsaelm.3c01283,train,sha1 mod 5
https://www.doi.org/10.1021/acsaelm.4c00565,train,sha1 mod 5
https://www.doi.org/10.1021/acsaem.0c01194,test,sha1 mod 5
https://www.doi.org/10.1021/acsaem.1c01669,train,sha1 mod 5
https://www.doi.org/10.1021/acsaem.1c02058,train,sha1 mod 5
https://www.doi.org/10.1021/acsaem.1c03311,train,sha1 mod 5
https://www.doi.org/10.1021/acsaem.1c04085,train,sha1 mod 5
https://www.doi.org/10.1021/acsaem.2c01681,train,sha1 mod 5
https://www.doi.org/10.1021/acsaem.2c03887,train,sha1 mod 5
https://www.doi.org/10.1021/acsaem.3c00497,test,sha1 mod 5
https://www.doi.org/10.1021/acsaem.3c01074,train,sha1 mod 5
https://www.doi.org/10.1021/acsaem.3c01209,train,sha1 mod 5
https://www.doi.org/10.1021/acsaem.3c01921,train,sha1 mod 5
https://www.doi.org/10.1021/acsaem.3c02581,train,sha1 mod 5
https://www.doi.org/10.1021/acsaem.3c02972,train,sha1 mod 5
https://www.doi.org/10.1021/acsaem.4c00517,train,sha1 mod 5
https://www.doi.org/10.1021/acsaem.4c01089,train,sha1 mod 5
https://www.doi.org/10.1021/acsaem.4c02602,test,sha1 mod 5
https://www.doi.org/10.1021/acsaem.5c00312,train,sha1 mod 5
https://www.doi.org/10.1021/acsaem.5c01035,train,sha1 mod 5
https://www.doi.org/10.1021/acsaem.5c02281,train,sha1 mod 5
https://www.doi.org/10.1021/acsami.3c19125,train,sha1 mod 5
https://www.doi.org/10.1021/acsami.5c01802,train,sha1 mod 5
https://www.doi.org/10.1021/acsami.5c02483,train,sha1 mod 5
https://www.doi.org/10.1021/acsami.5c03011,train,sha1 mod 5
https://www.doi.org/10.1021/acsenergylett.1c02577,train,sha1 mod 5
https://www.doi.org/10.1021/acsomega.2c02555,train,sha1 mod 5
https://www.doi.org/10.1021/acsomega.3c07592,train,sha1 mod 5
https://www.doi.org/10.1021/acsomega.3c09868,train,sha1 mod 5
https://www.doi.org/10.1021/acsomega.4c09516,train,sha1 mod 5
https://www.doi.org/10.1038/s41377-021-00515-8,train,sha1 mod 5
https://www.doi.org/10.1038/s41467-020-20272-3,train,sha1 mod 5
https://www.doi.org/10.1038/s41467-022-34332-3,train,sha1 mod 5
https://www.doi.org/10.1038/s41560-021-00949-9,train,sha1 mod 5
https://www.doi.org/10.1038/s41598-019-57015-4,test,sha1 mod 5
https://www.doi.org/10.1038/s41598-021-02796-w,train,sha1 mod 5
https://www.doi.org/10.1038/s41598-021-04547-3,train,sha1 mod 5
https://www.doi.org/10.1038/s41598-022-19541-6,train,sha1 mod 5
https://www.doi.org/10.1038/s41598-023-35081-z,train,sha1 mod 5
https://www.doi.org/10.1039/D5TA02678D,train,sha1 mod 5
https://www.doi.org/10.1039/d0nr01008a,train,sha1 mod 5
https://www.doi.org/10.1039/d0ta04721j,train,sha1 mod 5
https://www.doi.org/10.1039/d1ma00861g,train,sha1 mod 5
https://www.doi.org/10.1039/d1ma01165k,train,sha1 mod 5
https://www.doi.org/10.1039/d1ra03263a,train,sha1 mod 5
https://www.doi.org/10.1039/d1tc02600c,train,sha1 mod 5
https://www.doi.org/10.1039/d2ma00841f,test,sha1 mod 5
https://www.doi.org/10.1039/d2ra01297a,train,sha1 mod 5
https://www.doi.org/10.1039/d2ra01816k,test,sha1 mod 5
https://www.doi.org/10.1039/d3cp05445d,train,sha1 mod 5
https://www.doi.org/10.1039/d3ma00674c,train,sha1 mod 5
https://www.doi.org/10.1039/d3nj05749f,test,sha1 mod 5
https://www.doi.org/10.1039/d3qi02016a,train,sha1 mod 5
https://www.doi.org/10.1039/d3ra02944a,train,sha1 mod 5
https://www.doi.org/10.1039/d3ta07226f,test,sha1 mod 5
https://www.doi.org/10.1039/d4ma00351a,train,sha1 mod 5
https://www.doi.org/10.1039/d4ra01724b,train,sha1 mod 5
https://www.doi.org/10.1088/1402-4896/ad8321,test,sha1 mod 5
https://www.doi.org/10.1149/1945-7111/abe8ee,train,sha1 mod 5
https://www.doi.org/10.3390/molecules28134976,train,sha1 mod 5
https://www.doi.org/10.3390/nano11071706,train,sha1 mod 5
https://www.doi.org/10.3390/polym13010042,train,sha1 mod 5
